영역,교재,페이지,등급,등급명,사고사례,등급사유
반도체개발,LM1903060101_23v6_반도체_제품_기획,19,1,미흡·없음,아니오,키워드 1건 (5건 이하): 부상(1)
반도체개발,LM1903060101_23v6_반도체_제품_기획,20,1,미흡·없음,아니오,키워드 1건 (5건 이하): 부상(1)
반도체개발,LM1903060101_23v6_반도체_제품_기획,22,1,미흡·없음,아니오,키워드 2건 (5건 이하): 위험(2)
반도체개발,LM1903060101_23v6_반도체_제품_기획,25,1,미흡·없음,아니오,키워드 1건 (5건 이하): 안전(1)
반도체개발,LM1903060101_23v6_반도체_제품_기획,28,1,미흡·없음,아니오,"키워드 2건 (5건 이하): 안전(1), 유의 사항(1)"
반도체개발,LM1903060101_23v6_반도체_제품_기획,40,1,미흡·없음,아니오,키워드 1건 (5건 이하): 위험(1)
반도체개발,LM1903060101_23v6_반도체_제품_기획,61,1,미흡·없음,아니오,"키워드 2건 (5건 이하): 안전(1), 유의 사항(1)"
반도체개발,LM1903060101_23v6_반도체_제품_기획,70,1,미흡·없음,아니오,"키워드 2건 (5건 이하): 안전(1), 소음(1)"
반도체개발,LM1903060101_23v6_반도체_제품_기획,72,1,미흡·없음,아니오,"키워드 3건 (5건 이하): 안전(1), 유의 사항(1), 주의(1)"
반도체개발,LM1903060101_23v6_반도체_제품_기획,77,1,미흡·없음,아니오,키워드 1건 (5건 이하): 위험(1)
반도체개발,LM1903060101_23v6_반도체_제품_기획,86,1,미흡·없음,아니오,"키워드 2건 (5건 이하): 안전(1), 유의 사항(1)"
반도체개발,LM1903060101_23v6_반도체_제품_기획,93,1,미흡·없음,아니오,"키워드 2건 (5건 이하): 안전(1), 유의 사항(1)"
반도체개발,LM1903060101_23v6_반도체_제품_기획,105,1,미흡·없음,아니오,"키워드 3건 (5건 이하): 안전(1), 유의 사항(1), 주의(1)"
반도체개발,LM1903060101_23v6_반도체_제품_기획,108,1,미흡·없음,아니오,키워드 1건 (5건 이하): 보건(1)
반도체개발,LM1903060101_23v6_반도체_제품_기획,111,1,미흡·없음,아니오,키워드 1건 (5건 이하): 위험(1)
반도체개발,LM1903060101_23v6_반도체_제품_기획,112,1,미흡·없음,아니오,"키워드 2건 (5건 이하): 안전(1), 유의 사항(1)"
반도체개발,LM1903060101_23v6_반도체_제품_기획,119,1,미흡·없음,아니오,"키워드 2건 (5건 이하): 안전(1), 유의 사항(1)"
반도체개발,LM1903060101_23v6_반도체_제품_기획,128,1,미흡·없음,아니오,키워드 2건 (5건 이하): 위험(2)
반도체개발,LM1903060101_23v6_반도체_제품_기획,131,1,미흡·없음,아니오,키워드 1건 (5건 이하): 위험(1)
반도체개발,LM1903060101_23v6_반도체_제품_기획,134,1,미흡·없음,아니오,"키워드 2건 (5건 이하): 안전(1), 유의 사항(1)"
반도체개발,LM1903060101_23v6_반도체_제품_기획,143,1,미흡·없음,아니오,"키워드 3건 (5건 이하): 안전(1), 유해(1), 유의사항(1)"
반도체개발,LM1903060101_23v6_반도체_제품_기획,147,1,미흡·없음,아니오,"키워드 2건 (5건 이하): 안전(1), 보건(1)"
반도체개발,LM1903060101_23v6_반도체_제품_기획,153,1,미흡·없음,아니오,"키워드 3건 (5건 이하): 사고(1), 안전(1), 유의사항(1)"
반도체개발,LM1903060101_23v6_반도체_제품_기획,154,1,미흡·없음,아니오,키워드 2건 (5건 이하): 위험(2)
반도체개발,LM1903060101_23v6_반도체_제품_기획,162,1,미흡·없음,아니오,"키워드 3건 (5건 이하): 사고(1), 위험(1), 주의(1)"
반도체개발,LM1903060101_23v6_반도체_제품_기획,163,1,미흡·없음,아니오,"키워드 2건 (5건 이하): 위험(1), 주의(1)"
반도체개발,LM1903060101_23v6_반도체_제품_기획,169,1,미흡·없음,아니오,키워드 1건 (5건 이하): 안전(1)
반도체개발,LM1903060102_23v5_반도체_아키텍처_설계,22,1,미흡·없음,아니오,"키워드 2건 (5건 이하): 안전(1), 유의사항(1)"
반도체개발,LM1903060102_23v5_반도체_아키텍처_설계,31,1,미흡·없음,아니오,키워드 1건 (5건 이하): 위험(1)
반도체개발,LM1903060102_23v5_반도체_아키텍처_설계,35,1,미흡·없음,아니오,"키워드 2건 (5건 이하): 안전(1), 유의사항(1)"
반도체개발,LM1903060102_23v5_반도체_아키텍처_설계,45,1,미흡·없음,아니오,키워드 1건 (5건 이하): 위험(1)
반도체개발,LM1903060102_23v5_반도체_아키텍처_설계,48,2,형식적 언급,아니오,"안전 12건 [위험(12)], 구체적 조치 언급 없음"
반도체개발,LM1903060102_23v5_반도체_아키텍처_설계,49,2,형식적 언급,아니오,"안전 6건 [위험(4), 안전(1), 유의사항(1)], 구체적 조치 언급 없음"
반도체개발,LM1903060102_23v5_반도체_아키텍처_설계,53,1,미흡·없음,아니오,키워드 5건 (5건 이하): 위험(5)
반도체개발,LM1903060102_23v5_반도체_아키텍처_설계,55,1,미흡·없음,아니오,키워드 1건 (5건 이하): 위험(1)
반도체개발,LM1903060102_23v5_반도체_아키텍처_설계,57,1,미흡·없음,아니오,"키워드 2건 (5건 이하): 안전(1), 유의사항(1)"
반도체개발,LM1903060102_23v5_반도체_아키텍처_설계,59,1,미흡·없음,아니오,키워드 3건 (5건 이하): 위험(3)
반도체개발,LM1903060102_23v5_반도체_아키텍처_설계,60,1,미흡·없음,아니오,키워드 3건 (5건 이하): 위험(3)
반도체개발,LM1903060102_23v5_반도체_아키텍처_설계,61,1,미흡·없음,아니오,키워드 3건 (5건 이하): 위험(3)
반도체개발,LM1903060102_23v5_반도체_아키텍처_설계,65,1,미흡·없음,아니오,"키워드 2건 (5건 이하): 안전(1), 유의사항(1)"
반도체개발,LM1903060102_23v5_반도체_아키텍처_설계,75,1,미흡·없음,아니오,키워드 1건 (5건 이하): 위험(1)
반도체개발,LM1903060102_23v5_반도체_아키텍처_설계,79,1,미흡·없음,아니오,"키워드 2건 (5건 이하): 안전(1), 유의사항(1)"
반도체개발,LM1903060102_23v5_반도체_아키텍처_설계,84,1,미흡·없음,아니오,"키워드 2건 (5건 이하): 안전(1), 유의사항(1)"
반도체개발,LM1903060102_23v5_반도체_아키텍처_설계,90,1,미흡·없음,아니오,"키워드 2건 (5건 이하): 안전(1), 유의사항(1)"
반도체개발,LM1903060103_아날로그_회로_설계,30,2,형식적 언급,아니오,"안전 11건 [주의(3), 안전(2), 유의사항(2), 유의 사항(2), 위험(1)], 조치 2건 [방지(2)] (구체적 대책 미흡)"
반도체개발,LM1903060103_아날로그_회로_설계,34,1,미흡·없음,아니오,"키워드 2건 (5건 이하): 안전(1), 유의사항(1)"
반도체개발,LM1903060103_아날로그_회로_설계,39,1,미흡·없음,아니오,"키워드 2건 (5건 이하): 안전(1), 유의사항(1)"
반도체개발,LM1903060103_아날로그_회로_설계,46,1,미흡·없음,아니오,키워드 1건 (5건 이하): 위험(1)
반도체개발,LM1903060103_아날로그_회로_설계,47,1,미흡·없음,아니오,"키워드 2건 (5건 이하): 안전(1), 유의사항(1)"
반도체개발,LM1903060103_아날로그_회로_설계,49,1,미흡·없음,아니오,키워드 1건 (5건 이하): 위험(1)
반도체개발,LM1903060103_아날로그_회로_설계,51,1,미흡·없음,아니오,"키워드 2건 (5건 이하): 안전(1), 유의사항(1)"
반도체개발,LM1903060103_아날로그_회로_설계,62,1,미흡·없음,아니오,"키워드 3건 (5건 이하): 안전(2), 유의사항(1)"
반도체개발,LM1903060103_아날로그_회로_설계,66,1,미흡·없음,아니오,"키워드 2건 (5건 이하): 안전(1), 유의사항(1)"
반도체개발,LM1903060103_아날로그_회로_설계,73,1,미흡·없음,아니오,"키워드 2건 (5건 이하): 안전(1), 유의사항(1)"
반도체개발,LM1903060103_아날로그_회로_설계,80,1,미흡·없음,아니오,"키워드 2건 (5건 이하): 안전(1), 유의사항(1)"
반도체개발,LM1903060103_아날로그_회로_설계,87,1,미흡·없음,아니오,키워드 1건 (5건 이하): 위험(1)
반도체개발,LM1903060104_23v5_디지털_회로_설계_수정요청,20,1,미흡·없음,아니오,"키워드 2건 (5건 이하): 안전(1), 유의 사항(1)"
반도체개발,LM1903060104_23v5_디지털_회로_설계_수정요청,32,1,미흡·없음,아니오,"키워드 2건 (5건 이하): 안전(1), 유의 사항(1)"
반도체개발,LM1903060104_23v5_디지털_회로_설계_수정요청,46,1,미흡·없음,아니오,"키워드 2건 (5건 이하): 안전(1), 유의 사항(1)"
반도체개발,LM1903060104_23v5_디지털_회로_설계_수정요청,53,1,미흡·없음,아니오,"키워드 2건 (5건 이하): 안전(1), 유의 사항(1)"
반도체개발,LM1903060104_23v5_디지털_회로_설계_수정요청,58,1,미흡·없음,아니오,"키워드 2건 (5건 이하): 안전(1), 유의 사항(1)"
반도체개발,LM1903060104_23v5_디지털_회로_설계_수정요청,61,1,미흡·없음,아니오,"키워드 2건 (5건 이하): 안전(1), 유의 사항(1)"
반도체개발,LM1903060104_23v5_디지털_회로_설계_수정요청,68,1,미흡·없음,아니오,"키워드 2건 (5건 이하): 안전(1), 유의 사항(1)"
반도체개발,LM1903060104_23v5_디지털_회로_설계_수정요청,69,1,미흡·없음,아니오,"키워드 2건 (5건 이하): 안전(1), 유의 사항(1)"
반도체개발,LM1903060104_23v5_디지털_회로_설계_수정요청,74,1,미흡·없음,아니오,"키워드 2건 (5건 이하): 안전(1), 유의 사항(1)"
반도체개발,LM1903060104_23v5_디지털_회로_설계_수정요청,78,1,미흡·없음,아니오,"키워드 2건 (5건 이하): 안전(1), 유의 사항(1)"
반도체개발,LM1903060106_반도체_제조_공정_개발,107,1,미흡·없음,아니오,키워드 1건 (5건 이하): 안전(1)
반도체개발,LM1903060106_반도체_제조_공정_개발,110,3,구체적 대책,아니오,"안전 15건 [주의(5), 안전(4), 유의 사항(4), 사고(1), 진동(1)] + 조치 15건 [마스크(8), 방지(5), 차단(2)]"
반도체개발,LM1903060106_반도체_제조_공정_개발,119,1,미흡·없음,아니오,"키워드 3건 (5건 이하): 안전(1), 보건(1), MSDS(1)"
반도체개발,LM1903060106_반도체_제조_공정_개발,120,3,구체적 대책,아니오,"안전 26건 [안전(6), 보호구(4), 보건(3), 위험(3), 유해(2)] + 조치 7건 [예방(2), 대처(2), 방지(1), 응급조치(1), 착용(1)]"
반도체개발,LM1903060106_반도체_제조_공정_개발,121,2,형식적 언급,아니오,"안전 26건 [안전(9), 보건(4), 화학물질(3), MSDS(3), 주의(3)], 조치 2건 [안전장치(1), 마스크(1)] (구체적 대책 미흡)"
반도체개발,LM1903060106_반도체_제조_공정_개발,135,1,미흡·없음,아니오,"키워드 2건 (5건 이하): 안전(1), 진동(1)"
반도체개발,LM1903060106_반도체_제조_공정_개발,141,1,미흡·없음,아니오,"키워드 3건 (5건 이하): 화학물질(1), 안전(1), MSDS(1)"
반도체개발,LM1903060106_반도체_제조_공정_개발,142,2,형식적 언급,아니오,"안전 9건 [화학물질(3), 안전(2), 보건(1), MSDS(1), 유의 사항(1)], 구체적 조치 언급 없음"
반도체개발,LM1903060106_반도체_제조_공정_개발,154,1,미흡·없음,아니오,키워드 1건 (5건 이하): 안전(1)
반도체개발,LM1903060106_반도체_제조_공정_개발,161,1,미흡·없음,아니오,"키워드 4건 (5건 이하): 안전(3), 유의 사항(1)"
반도체개발,LM1903060106_반도체_제조_공정_개발,163,1,미흡·없음,아니오,키워드 1건 (5건 이하): 진동(1)
반도체개발,LM1903060106_반도체_제조_공정_개발,167,1,미흡·없음,아니오,"키워드 4건 (5건 이하): 안전(3), 유의 사항(1)"
반도체개발,LM1903060106_반도체_제조_공정_개발,171,1,미흡·없음,아니오,키워드 1건 (5건 이하): 안전(1)
반도체개발,LM1903060106_반도체_제조_공정_개발,177,1,미흡·없음,아니오,"키워드 4건 (5건 이하): 안전(3), 유의 사항(1)"
반도체개발,LM1903060106_반도체_제조_공정_개발,182,1,미흡·없음,아니오,"키워드 4건 (5건 이하): 안전(3), 유의 사항(1)"
반도체개발,LM1903060106_반도체_제조_공정_개발,189,1,미흡·없음,아니오,"키워드 4건 (5건 이하): 안전(3), 유의 사항(1)"
반도체개발,LM1903060106_반도체_제조_공정_개발,192,1,미흡·없음,아니오,키워드 1건 (5건 이하): 안전(1)
반도체개발,LM1903060107_패키지_제품설계,54,2,형식적 언급,아니오,"안전 10건 [안전(5), 유의사항(5)], 조치 1건 [방지(1)] (구체적 대책 미흡)"
반도체개발,LM1903060107_패키지_제품설계,55,2,형식적 언급,아니오,"안전 8건 [안전(4), 유의사항(3), 주의(1)], 구체적 조치 언급 없음"
반도체개발,LM1903060107_패키지_제품설계,60,1,미흡·없음,아니오,"키워드 2건 (5건 이하): 안전(1), 유의사항(1)"
반도체개발,LM1903060107_패키지_제품설계,61,1,미흡·없음,아니오,키워드 1건 (5건 이하): 안전(1)
반도체개발,LM1903060107_패키지_제품설계,63,1,미흡·없음,아니오,키워드 1건 (5건 이하): 위험(1)
반도체개발,LM1903060107_패키지_제품설계,64,1,미흡·없음,아니오,"키워드 2건 (5건 이하): 안전(1), 유의사항(1)"
반도체개발,LM1903060107_패키지_제품설계,65,1,미흡·없음,아니오,키워드 1건 (5건 이하): 위험(1)
반도체개발,LM1903060107_패키지_제품설계,69,1,미흡·없음,아니오,"키워드 2건 (5건 이하): 안전(1), 유의사항(1)"
반도체개발,LM1903060107_패키지_제품설계,71,1,미흡·없음,아니오,"키워드 2건 (5건 이하): 안전(1), 유의사항(1)"
반도체개발,LM1903060107_패키지_제품설계,75,1,미흡·없음,아니오,"키워드 2건 (5건 이하): 안전(1), 유의사항(1)"
반도체개발,LM1903060108_23v4_패키지_조립_공정_개발,21,1,미흡·없음,아니오,"키워드 2건 (5건 이하): 안전(1), 유의사항(1)"
반도체개발,LM1903060108_23v4_패키지_조립_공정_개발,26,1,미흡·없음,아니오,키워드 1건 (5건 이하): 안전(1)
반도체개발,LM1903060108_23v4_패키지_조립_공정_개발,28,1,미흡·없음,아니오,"키워드 2건 (5건 이하): 안전(1), 주의(1)"
반도체개발,LM1903060108_23v4_패키지_조립_공정_개발,31,1,미흡·없음,아니오,키워드 1건 (5건 이하): 진동(1)
반도체개발,LM1903060108_23v4_패키지_조립_공정_개발,44,1,미흡·없음,아니오,"키워드 3건 (5건 이하): 안전(2), 유의사항(1)"
반도체개발,LM1903060108_23v4_패키지_조립_공정_개발,58,1,미흡·없음,아니오,키워드 1건 (5건 이하): 먼지(1)
반도체개발,LM1903060108_23v4_패키지_조립_공정_개발,70,1,미흡·없음,아니오,"키워드 2건 (5건 이하): 먼지(1), 주의(1)"
반도체개발,LM1903060108_23v4_패키지_조립_공정_개발,72,1,미흡·없음,아니오,"키워드 2건 (5건 이하): 안전(1), 유의사항(1)"
반도체개발,LM1903060108_23v4_패키지_조립_공정_개발,76,1,미흡·없음,아니오,"키워드 3건 (5건 이하): 주의(2), 진동(1)"
반도체개발,LM1903060108_23v4_패키지_조립_공정_개발,77,1,미흡·없음,아니오,"키워드 2건 (5건 이하): 먼지(1), 주의(1)"
반도체개발,LM1903060108_23v4_패키지_조립_공정_개발,82,1,미흡·없음,아니오,"키워드 2건 (5건 이하): 진동(1), 주의(1)"
반도체개발,LM1903060108_23v4_패키지_조립_공정_개발,84,1,미흡·없음,아니오,키워드 1건 (5건 이하): 진동(1)
반도체개발,LM1903060109_23v4_반도체_제품_기능성능_검증,44,2,형식적 언급,아니오,"안전 7건 [안전(3), 유의사항(2), 방사선(1), 주의(1)], 조치 1건 [방지(1)] (구체적 대책 미흡)"
반도체개발,LM1903060109_23v4_반도체_제품_기능성능_검증,45,1,미흡·없음,아니오,"키워드 3건 (5건 이하): 안전(1), 방사선(1), 유의사항(1)"
반도체개발,LM1903060109_23v4_반도체_제품_기능성능_검증,56,1,미흡·없음,아니오,키워드 1건 (5건 이하): 안전(1)
반도체개발,LM1903060109_23v4_반도체_제품_기능성능_검증,60,1,미흡·없음,아니오,"키워드 2건 (5건 이하): 안전(1), 유의사항(1)"
반도체개발,LM1903060109_23v4_반도체_제품_기능성능_검증,66,1,미흡·없음,아니오,키워드 1건 (5건 이하): 안전(1)
반도체개발,LM1903060109_23v4_반도체_제품_기능성능_검증,76,1,미흡·없음,아니오,키워드 1건 (5건 이하): 진동(1)
반도체개발,LM1903060109_23v4_반도체_제품_기능성능_검증,79,1,미흡·없음,아니오,"키워드 3건 (5건 이하): 안전(2), 유의사항(1)"
반도체개발,LM1903060109_23v4_반도체_제품_기능성능_검증,83,1,미흡·없음,아니오,키워드 1건 (5건 이하): 진동(1)
반도체개발,LM1903060109_23v4_반도체_제품_기능성능_검증,84,1,미흡·없음,아니오,"키워드 2건 (5건 이하): 안전(1), 유의사항(1)"
반도체개발,LM1903060109_23v4_반도체_제품_기능성능_검증,89,1,미흡·없음,아니오,"키워드 2건 (5건 이하): 안전(1), 유의사항(1)"
반도체개발,LM1903060109_23v4_반도체_제품_기능성능_검증,94,1,미흡·없음,아니오,"키워드 2건 (5건 이하): 안전(1), 유의사항(1)"
반도체개발,LM1903060109_23v4_반도체_제품_기능성능_검증,97,1,미흡·없음,아니오,"키워드 3건 (5건 이하): 방사선(2), 주의(1)"
반도체개발,LM1903060109_23v4_반도체_제품_기능성능_검증,100,1,미흡·없음,아니오,"키워드 2건 (5건 이하): 안전(1), 유의사항(1)"
반도체개발,LM1903060110_반도체신뢰성평가,35,1,미흡·없음,아니오,"키워드 3건 (5건 이하): 안전(1), 유의사항(1), 주의(1)"
반도체개발,LM1903060110_반도체신뢰성평가,36,1,미흡·없음,아니오,"키워드 3건 (5건 이하): 안전(1), 유해(1), 방사선(1)"
반도체개발,LM1903060110_반도체신뢰성평가,45,1,미흡·없음,아니오,"키워드 2건 (5건 이하): 안전(1), 유의사항(1)"
반도체개발,LM1903060110_반도체신뢰성평가,66,1,미흡·없음,아니오,"키워드 3건 (5건 이하): 안전(2), 유의사항(1)"
반도체개발,LM1903060110_반도체신뢰성평가,80,1,미흡·없음,아니오,키워드 1건 (5건 이하): 안전(1)
반도체개발,LM1903060110_반도체신뢰성평가,85,1,미흡·없음,아니오,"키워드 2건 (5건 이하): 안전(1), 유의사항(1)"
반도체개발,LM1903060110_반도체신뢰성평가,89,1,미흡·없음,아니오,키워드 1건 (5건 이하): 안전(1)
반도체개발,LM1903060112_23v5_자동_배치_배선_레이아웃_설계,27,1,미흡·없음,아니오,"키워드 4건 (5건 이하): 안전(2), 유의 사항(2)"
반도체개발,LM1903060112_23v5_자동_배치_배선_레이아웃_설계,28,1,미흡·없음,아니오,"키워드 4건 (5건 이하): 안전(3), 유의 사항(1)"
반도체개발,LM1903060112_23v5_자동_배치_배선_레이아웃_설계,30,1,미흡·없음,아니오,"키워드 3건 (5건 이하): 안전(2), 유의 사항(1)"
반도체개발,LM1903060112_23v5_자동_배치_배선_레이아웃_설계,36,1,미흡·없음,아니오,"키워드 2건 (5건 이하): 안전(1), 유의 사항(1)"
반도체개발,LM1903060112_23v5_자동_배치_배선_레이아웃_설계,59,1,미흡·없음,아니오,"키워드 3건 (5건 이하): 안전(2), 유의 사항(1)"
반도체개발,LM1903060112_23v5_자동_배치_배선_레이아웃_설계,99,1,미흡·없음,아니오,"키워드 3건 (5건 이하): 안전(2), 유의 사항(1)"
반도체개발,LM1903060112_23v5_자동_배치_배선_레이아웃_설계,126,1,미흡·없음,아니오,키워드 1건 (5건 이하): 안전(1)
반도체개발,LM1903060113_23v2_반도체_설계_검증,25,2,형식적 언급,아니오,"안전 6건 [안전(4), 유의 사항(2)], 조치 2건 [방지(1), 환기(1)] (구체적 대책 미흡)"
반도체개발,LM1903060113_23v2_반도체_설계_검증,59,1,미흡·없음,아니오,"키워드 3건 (5건 이하): 안전(2), 유의 사항(1)"
반도체개발,LM1903060113_23v2_반도체_설계_검증,91,1,미흡·없음,아니오,키워드 3건 (5건 이하): 위험(3)
반도체개발,LM1903060113_23v2_반도체_설계_검증,92,1,미흡·없음,아니오,키워드 2건 (5건 이하): 위험(2)
반도체개발,LM1903060113_23v2_반도체_설계_검증,102,1,미흡·없음,아니오,"키워드 3건 (5건 이하): 안전(2), 유의 사항(1)"
반도체개발,LM1903060113_23v2_반도체_설계_검증,144,1,미흡·없음,아니오,키워드 1건 (5건 이하): 안전(1)
반도체개발,LM1903060114_23v2_반도체_펌웨어_개발,24,2,형식적 언급,아니오,"안전 6건 [안전(5), 유의 사항(1)], 조치 1건 [방지(1)] (구체적 대책 미흡)"
반도체개발,LM1903060114_23v2_반도체_펌웨어_개발,48,2,형식적 언급,아니오,"안전 6건 [안전(5), 유의 사항(1)], 구체적 조치 언급 없음"
반도체개발,LM1903060114_23v2_반도체_펌웨어_개발,71,2,형식적 언급,아니오,"안전 6건 [안전(5), 유의 사항(1)], 구체적 조치 언급 없음"
반도체개발,LM1903060114_23v2_반도체_펌웨어_개발,95,2,형식적 언급,아니오,"안전 6건 [안전(5), 유의 사항(1)], 구체적 조치 언급 없음"
반도체개발,LM1903060114_23v2_반도체_펌웨어_개발,125,2,형식적 언급,아니오,"안전 6건 [안전(5), 유의 사항(1)], 구체적 조치 언급 없음"
반도체개발,LM1903060114_23v2_반도체_펌웨어_개발,145,2,형식적 언급,아니오,"안전 8건 [안전(7), 유의 사항(1)], 구체적 조치 언급 없음"
반도체개발,LM1903060114_23v2_반도체_펌웨어_개발,164,1,미흡·없음,아니오,키워드 1건 (5건 이하): 안전(1)
반도체개발,LM1903060115_23v7_메모리_반도체_제조_공정_개발,21,1,미흡·없음,아니오,키워드 1건 (5건 이하): 진동(1)
반도체개발,LM1903060115_23v7_메모리_반도체_제조_공정_개발,28,1,미흡·없음,아니오,"키워드 4건 (5건 이하): 주의(2), 안전(1), 유의 사항(1)"
반도체개발,LM1903060115_23v7_메모리_반도체_제조_공정_개발,54,1,미흡·없음,아니오,키워드 1건 (5건 이하): MSDS(1)
반도체개발,LM1903060115_23v7_메모리_반도체_제조_공정_개발,55,2,형식적 언급,아니오,"안전 6건 [안전(2), 주의(2), 사고(1), 유의 사항(1)], 조치 1건 [방지(1)] (구체적 대책 미흡)"
반도체개발,LM1903060115_23v7_메모리_반도체_제조_공정_개발,59,1,미흡·없음,아니오,키워드 1건 (5건 이하): 진동(1)
반도체개발,LM1903060115_23v7_메모리_반도체_제조_공정_개발,80,1,미흡·없음,아니오,키워드 1건 (5건 이하): 폭발(1)
반도체개발,LM1903060115_23v7_메모리_반도체_제조_공정_개발,81,1,미흡·없음,아니오,"키워드 3건 (5건 이하): 폭발(2), 주의(1)"
반도체개발,LM1903060115_23v7_메모리_반도체_제조_공정_개발,83,1,미흡·없음,아니오,"키워드 2건 (5건 이하): 유해(1), 먼지(1)"
반도체개발,LM1903060115_23v7_메모리_반도체_제조_공정_개발,85,1,미흡·없음,아니오,키워드 1건 (5건 이하): 진동(1)
반도체개발,LM1903060115_23v7_메모리_반도체_제조_공정_개발,87,1,미흡·없음,아니오,키워드 1건 (5건 이하): 안전(1)
반도체개발,LM1903060115_23v7_메모리_반도체_제조_공정_개발,90,1,미흡·없음,아니오,"키워드 2건 (5건 이하): 위험(1), 화재(1)"
반도체개발,LM1903060115_23v7_메모리_반도체_제조_공정_개발,91,1,미흡·없음,아니오,"키워드 3건 (5건 이하): 폭발(1), MSDS(1), 주의(1)"
반도체개발,LM1903060115_23v7_메모리_반도체_제조_공정_개발,93,2,형식적 언급,아니오,"안전 6건 [MSDS(3), 폭발(1), 유의 사항(1), 주의(1)], 구체적 조치 언급 없음"
반도체개발,LM1903060115_23v7_메모리_반도체_제조_공정_개발,95,1,미흡·없음,아니오,"키워드 3건 (5건 이하): 안전(2), MSDS(1)"
반도체개발,LM1903060115_23v7_메모리_반도체_제조_공정_개발,96,2,형식적 언급,아니오,"안전 9건 [안전(5), 보건(1), MSDS(1), 유의 사항(1), 주의(1)], 조치 1건 [안전장치(1)] (구체적 대책 미흡)"
반도체개발,LM1903060115_23v7_메모리_반도체_제조_공정_개발,126,1,미흡·없음,아니오,키워드 1건 (5건 이하): 안전(1)
반도체개발,LM1903060116_23v7_시스템_반도체_제조_공정_개발,71,1,미흡·없음,아니오,"키워드 4건 (5건 이하): 안전(2), 사고(1), 유의 사항(1)"
반도체개발,LM1903060116_23v7_시스템_반도체_제조_공정_개발,115,1,미흡·없음,아니오,"키워드 4건 (5건 이하): 안전(2), 사고(1), 유의 사항(1)"
반도체개발,LM1903060116_23v7_시스템_반도체_제조_공정_개발,128,1,미흡·없음,아니오,키워드 1건 (5건 이하): 안전(1)
반도체개발,LM1903060117_23v7_반도체_제조_단위_공정_공정_개발,25,1,미흡·없음,아니오,"키워드 4건 (5건 이하): 안전(3), 유의 사항(1)"
반도체개발,LM1903060117_23v7_반도체_제조_단위_공정_공정_개발,47,1,미흡·없음,아니오,키워드 1건 (5건 이하): 위험(1)
반도체개발,LM1903060117_23v7_반도체_제조_단위_공정_공정_개발,60,1,미흡·없음,아니오,키워드 1건 (5건 이하): 안전(1)
반도체개발,LM1903060117_23v7_반도체_제조_단위_공정_공정_개발,73,1,미흡·없음,아니오,"키워드 3건 (5건 이하): 안전(1), 보건(1), MSDS(1)"
반도체개발,LM1903060117_23v7_반도체_제조_단위_공정_공정_개발,74,3,구체적 대책,아니오,"안전 34건 [안전(7), 보건(4), 위험(4), 유해(4), 보호구(4)] + 조치 8건 [예방(2), 대처(2), 방지(1), 안전장치(1), 응급조치(1)]"
반도체개발,LM1903060117_23v7_반도체_제조_단위_공정_공정_개발,75,1,미흡·없음,아니오,"키워드 5건 (5건 이하): 안전(2), 보건(2), MSDS(1)"
반도체개발,LM1903060117_23v7_반도체_제조_단위_공정_공정_개발,76,1,미흡·없음,아니오,키워드 1건 (5건 이하): 안전(1)
반도체개발,LM1903060117_23v7_반도체_제조_단위_공정_공정_개발,77,1,미흡·없음,아니오,키워드 1건 (5건 이하): 진동(1)
반도체개발,LM1903060117_23v7_반도체_제조_단위_공정_공정_개발,83,2,형식적 언급,아니오,"안전 8건 [안전(3), MSDS(2), 보건(1), 유의 사항(1), 주의(1)], 조치 2건 [방지(1), 마스크(1)] (구체적 대책 미흡)"
반도체개발,LM1903060117_23v7_반도체_제조_단위_공정_공정_개발,84,2,형식적 언급,아니오,"안전 6건 [안전(6)], 조치 4건 [착용(3), 안전장치(1)] (구체적 대책 미흡)"
반도체개발,LM1903060117_23v7_반도체_제조_단위_공정_공정_개발,85,1,미흡·없음,아니오,키워드 2건 (5건 이하): 안전(2)
반도체개발,LM1903060117_23v7_반도체_제조_단위_공정_공정_개발,86,1,미흡·없음,아니오,키워드 1건 (5건 이하): 안전(1)
반도체개발,LM1903060117_23v7_반도체_제조_단위_공정_공정_개발,87,1,미흡·없음,아니오,키워드 2건 (5건 이하): 안전(2)
반도체개발,LM1903060117_23v7_반도체_제조_단위_공정_공정_개발,88,1,미흡·없음,아니오,키워드 2건 (5건 이하): 안전(2)
반도체개발,LM1903060117_23v7_반도체_제조_단위_공정_공정_개발,89,1,미흡·없음,아니오,키워드 1건 (5건 이하): 누출(1)
반도체개발,LM1903060117_23v7_반도체_제조_단위_공정_공정_개발,90,1,미흡·없음,아니오,키워드 3건 (5건 이하): 누출(3)
반도체개발,LM1903060117_23v7_반도체_제조_단위_공정_공정_개발,92,1,미흡·없음,아니오,키워드 3건 (5건 이하): 누출(3)
반도체개발,LM1903060117_23v7_반도체_제조_단위_공정_공정_개발,94,1,미흡·없음,아니오,키워드 1건 (5건 이하): 누출(1)
반도체개발,LM1903060117_23v7_반도체_제조_단위_공정_공정_개발,96,1,미흡·없음,아니오,키워드 1건 (5건 이하): 안전(1)
반도체개발,LM1903060117_23v7_반도체_제조_단위_공정_공정_개발,103,1,미흡·없음,아니오,"키워드 4건 (5건 이하): 안전(3), 유의 사항(1)"
반도체개발,LM1903060117_23v7_반도체_제조_단위_공정_공정_개발,104,1,미흡·없음,아니오,"키워드 2건 (5건 이하): 안전(1), 주의(1)"
반도체개발,LM1903060117_23v7_반도체_제조_단위_공정_공정_개발,106,1,미흡·없음,아니오,"키워드 3건 (5건 이하): 주의(2), 안전(1)"
반도체개발,LM1903060117_23v7_반도체_제조_단위_공정_공정_개발,107,1,미흡·없음,아니오,키워드 1건 (5건 이하): 안전(1)
반도체개발,LM1903060117_23v7_반도체_제조_단위_공정_공정_개발,122,1,미흡·없음,아니오,키워드 1건 (5건 이하): 안전(1)
반도체개발,LM1903060118_23v5_아날로그_회로_아키텍처_설계,21,1,미흡·없음,아니오,키워드 1건 (5건 이하): 위험(1)
반도체개발,LM1903060118_23v5_아날로그_회로_아키텍처_설계,26,1,미흡·없음,아니오,"키워드 3건 (5건 이하): 안전(2), 유의 사항(1)"
반도체개발,LM1903060118_23v5_아날로그_회로_아키텍처_설계,61,1,미흡·없음,아니오,키워드 1건 (5건 이하): 위험(1)
반도체개발,LM1903060118_23v5_아날로그_회로_아키텍처_설계,62,2,형식적 언급,아니오,"안전 12건 [위험(12)], 구체적 조치 언급 없음"
반도체개발,LM1903060118_23v5_아날로그_회로_아키텍처_설계,63,1,미흡·없음,아니오,키워드 4건 (5건 이하): 위험(4)
반도체개발,LM1903060118_23v5_아날로그_회로_아키텍처_설계,69,1,미흡·없음,아니오,"키워드 5건 (5건 이하): 진동(2), 안전(1), 유의 사항(1), 주의(1)"
반도체개발,LM1903060118_23v5_아날로그_회로_아키텍처_설계,95,1,미흡·없음,아니오,"키워드 3건 (5건 이하): 유해(1), 진동(1), 방사선(1)"
반도체개발,LM1903060118_23v5_아날로그_회로_아키텍처_설계,99,1,미흡·없음,아니오,"키워드 5건 (5건 이하): 안전(4), 유의 사항(1)"
반도체개발,LM1903060118_23v5_아날로그_회로_아키텍처_설계,120,1,미흡·없음,아니오,키워드 1건 (5건 이하): 안전(1)
반도체개발,LM1903060118_23v5_아날로그_회로_아키텍처_설계,125,1,미흡·없음,아니오,키워드 1건 (5건 이하): 안전(1)
반도체개발,LM1903060119_23v5_아날로그_회로_소자_레벨_설계,64,1,미흡·없음,아니오,"키워드 3건 (5건 이하): 안전(1), 유의 사항(1), 주의(1)"
반도체개발,LM1903060119_23v5_아날로그_회로_소자_레벨_설계,65,1,미흡·없음,아니오,"키워드 2건 (5건 이하): 안전(1), 유의 사항(1)"
반도체개발,LM1903060119_23v5_아날로그_회로_소자_레벨_설계,70,1,미흡·없음,아니오,"키워드 2건 (5건 이하): 안전(1), 유의 사항(1)"
반도체개발,LM1903060119_23v5_아날로그_회로_소자_레벨_설계,84,1,미흡·없음,아니오,키워드 1건 (5건 이하): 안전(1)
반도체개발,LM1903060120_23v5_아날로그_회로_시스템_설계,23,1,미흡·없음,아니오,"키워드 4건 (5건 이하): 안전(2), 유의 사항(1), 주의(1)"
반도체개발,LM1903060120_23v5_아날로그_회로_시스템_설계,33,1,미흡·없음,아니오,키워드 1건 (5건 이하): 안전(1)
반도체개발,LM1903060120_23v5_아날로그_회로_시스템_설계,38,1,미흡·없음,아니오,"키워드 4건 (5건 이하): 안전(3), 유의 사항(1)"
반도체개발,LM1903060120_23v5_아날로그_회로_시스템_설계,39,1,미흡·없음,아니오,키워드 2건 (5건 이하): 안전(2)
반도체개발,LM1903060120_23v5_아날로그_회로_시스템_설계,45,1,미흡·없음,아니오,키워드 1건 (5건 이하): 누출(1)
반도체개발,LM1903060120_23v5_아날로그_회로_시스템_설계,50,1,미흡·없음,아니오,키워드 1건 (5건 이하): 안전(1)
반도체개발,LM1903060120_23v5_아날로그_회로_시스템_설계,51,1,미흡·없음,아니오,"키워드 3건 (5건 이하): 안전(2), 사고(1)"
반도체개발,LM1903060120_23v5_아날로그_회로_시스템_설계,64,1,미흡·없음,아니오,"키워드 2건 (5건 이하): 안전(1), 유의 사항(1)"
반도체개발,LM1903060120_23v5_아날로그_회로_시스템_설계,83,1,미흡·없음,아니오,키워드 1건 (5건 이하): 안전(1)
반도체개발,LM1903060120_23v5_아날로그_회로_시스템_설계,90,1,미흡·없음,아니오,"키워드 3건 (5건 이하): 안전(2), 유의 사항(1)"
반도체개발,LM1903060120_23v5_아날로그_회로_시스템_설계,95,1,미흡·없음,아니오,키워드 3건 (5건 이하): 안전(3)
반도체개발,LM1903060120_23v5_아날로그_회로_시스템_설계,104,1,미흡·없음,아니오,키워드 1건 (5건 이하): 위험(1)
반도체개발,LM1903060120_23v5_아날로그_회로_시스템_설계,111,1,미흡·없음,아니오,키워드 1건 (5건 이하): 안전(1)
반도체개발,LM1903060121_23v4_와이어_본딩_패키지_개발,22,1,미흡·없음,아니오,"키워드 2건 (5건 이하): 안전(1), 유의 사항(1)"
반도체개발,LM1903060121_23v4_와이어_본딩_패키지_개발,28,1,미흡·없음,아니오,키워드 1건 (5건 이하): 진동(1)
반도체개발,LM1903060121_23v4_와이어_본딩_패키지_개발,36,1,미흡·없음,아니오,"키워드 4건 (5건 이하): 안전(1), 유해(1), 유의 사항(1), 주의(1)"
반도체개발,LM1903060121_23v4_와이어_본딩_패키지_개발,47,1,미흡·없음,아니오,"키워드 2건 (5건 이하): 안전(1), 유의 사항(1)"
반도체개발,LM1903060121_23v4_와이어_본딩_패키지_개발,57,1,미흡·없음,아니오,키워드 1건 (5건 이하): 방사선(1)
반도체개발,LM1903060121_23v4_와이어_본딩_패키지_개발,58,2,형식적 언급,아니오,"안전 6건 [안전(4), 사고(1), 유해(1)], 조치 1건 [예방(1)] (구체적 대책 미흡)"
반도체개발,LM1903060121_23v4_와이어_본딩_패키지_개발,61,1,미흡·없음,아니오,키워드 1건 (5건 이하): 진동(1)
반도체개발,LM1903060121_23v4_와이어_본딩_패키지_개발,62,1,미흡·없음,아니오,키워드 1건 (5건 이하): 안전(1)
반도체개발,LM1903060121_23v4_와이어_본딩_패키지_개발,64,1,미흡·없음,아니오,"키워드 2건 (5건 이하): 안전(1), 유의 사항(1)"
반도체개발,LM1903060121_23v4_와이어_본딩_패키지_개발,81,1,미흡·없음,아니오,"키워드 2건 (5건 이하): 안전(1), 유의 사항(1)"
반도체개발,LM1903060121_23v4_와이어_본딩_패키지_개발,86,1,미흡·없음,아니오,키워드 1건 (5건 이하): 진동(1)
반도체개발,LM1903060121_23v4_와이어_본딩_패키지_개발,94,1,미흡·없음,아니오,키워드 1건 (5건 이하): 안전(1)
반도체개발,LM1903060122_23v4_플립_패키지_개발,20,1,미흡·없음,아니오,키워드 1건 (5건 이하): 폭발(1)
반도체개발,LM1903060122_23v4_플립_패키지_개발,24,1,미흡·없음,아니오,"키워드 3건 (5건 이하): 안전(2), 유의 사항(1)"
반도체개발,LM1903060122_23v4_플립_패키지_개발,41,1,미흡·없음,아니오,키워드 1건 (5건 이하): 진동(1)
반도체개발,LM1903060122_23v4_플립_패키지_개발,42,1,미흡·없음,아니오,키워드 2건 (5건 이하): 소음(2)
반도체개발,LM1903060122_23v4_플립_패키지_개발,45,1,미흡·없음,아니오,"키워드 2건 (5건 이하): 안전(1), 유의 사항(1)"
반도체개발,LM1903060122_23v4_플립_패키지_개발,46,1,미흡·없음,아니오,키워드 2건 (5건 이하): 안전(2)
반도체개발,LM1903060122_23v4_플립_패키지_개발,64,1,미흡·없음,아니오,"키워드 4건 (5건 이하): 안전(3), 유의 사항(1)"
반도체개발,LM1903060122_23v4_플립_패키지_개발,81,1,미흡·없음,아니오,키워드 1건 (5건 이하): 진동(1)
반도체개발,LM1903060122_23v4_플립_패키지_개발,83,1,미흡·없음,아니오,키워드 1건 (5건 이하): 방사선(1)
반도체개발,LM1903060122_23v4_플립_패키지_개발,87,1,미흡·없음,아니오,"키워드 3건 (5건 이하): 안전(2), 유의 사항(1)"
반도체개발,LM1903060122_23v4_플립_패키지_개발,88,1,미흡·없음,아니오,키워드 1건 (5건 이하): 진동(1)
반도체개발,LM1903060122_23v4_플립_패키지_개발,90,1,미흡·없음,아니오,키워드 1건 (5건 이하): 진동(1)
반도체개발,LM1903060122_23v4_플립_패키지_개발,91,1,미흡·없음,아니오,"키워드 2건 (5건 이하): 안전(1), 진동(1)"
반도체개발,LM1903060122_23v4_플립_패키지_개발,95,1,미흡·없음,아니오,키워드 1건 (5건 이하): 위험(1)
반도체개발,LM1903060122_23v4_플립_패키지_개발,101,1,미흡·없음,아니오,키워드 1건 (5건 이하): 진동(1)
반도체개발,LM1903060122_23v4_플립_패키지_개발,102,1,미흡·없음,아니오,키워드 1건 (5건 이하): 안전(1)
반도체개발,LM1903060122_23v4_플립_패키지_개발,110,1,미흡·없음,아니오,키워드 1건 (5건 이하): 안전(1)
반도체개발,LM1903060123_23v4_웨이퍼_레벨_패키지_개발,29,3,구체적 대책,아니오,"안전 6건 [안전(3), 먼지(2), 유의 사항(1)] + 조치 7건 [방지(2), 착용(2), 마스크(2), 보호복(1)]"
반도체개발,LM1903060123_23v4_웨이퍼_레벨_패키지_개발,31,1,미흡·없음,아니오,키워드 1건 (5건 이하): 안전(1)
반도체개발,LM1903060123_23v4_웨이퍼_레벨_패키지_개발,43,1,미흡·없음,아니오,키워드 1건 (5건 이하): 먼지(1)
반도체개발,LM1903060123_23v4_웨이퍼_레벨_패키지_개발,61,3,구체적 대책,아니오,"안전 9건 [안전(3), 주의(2), 보호구(1), 누출(1), 분진(1)] + 조치 7건 [착용(2), 마스크(2), 방지(1), 대처(1), 환기(1)]"
반도체개발,LM1903060123_23v4_웨이퍼_레벨_패키지_개발,65,1,미흡·없음,아니오,"키워드 3건 (5건 이하): 주의(2), 안전(1)"
반도체개발,LM1903060123_23v4_웨이퍼_레벨_패키지_개발,85,3,구체적 대책,아니오,"안전 9건 [안전(3), 위험(2), 화재(1), 폭발(1), 유의 사항(1)] + 조치 6건 [착용(2), 환기(1), 차단(1), 보호복(1), 마스크(1)]"
반도체개발,LM1903060123_23v4_웨이퍼_레벨_패키지_개발,89,1,미흡·없음,아니오,키워드 1건 (5건 이하): 안전(1)
반도체개발,LM1903060123_23v4_웨이퍼_레벨_패키지_개발,91,1,미흡·없음,아니오,키워드 1건 (5건 이하): 안전(1)
반도체개발,LM1903060123_23v4_웨이퍼_레벨_패키지_개발,105,1,미흡·없음,아니오,키워드 1건 (5건 이하): 안전(1)
반도체개발,LM1903060124_23v4_어드밴스드_팬_아웃_패키지_개발,25,1,미흡·없음,아니오,키워드 1건 (5건 이하): 위험(1)
반도체개발,LM1903060124_23v4_어드밴스드_팬_아웃_패키지_개발,28,2,형식적 언급,아니오,"안전 6건 [안전(3), 먼지(1), 유의 사항(1), 주의(1)], 조치 3건 [착용(2), 안전장치(1)] (구체적 대책 미흡)"
반도체개발,LM1903060124_23v4_어드밴스드_팬_아웃_패키지_개발,29,1,미흡·없음,아니오,키워드 1건 (5건 이하): 안전(1)
반도체개발,LM1903060124_23v4_어드밴스드_팬_아웃_패키지_개발,34,1,미흡·없음,아니오,키워드 2건 (5건 이하): 안전(2)
반도체개발,LM1903060124_23v4_어드밴스드_팬_아웃_패키지_개발,42,1,미흡·없음,아니오,키워드 2건 (5건 이하): 먼지(2)
반도체개발,LM1903060124_23v4_어드밴스드_팬_아웃_패키지_개발,45,1,미흡·없음,아니오,"키워드 2건 (5건 이하): 위험(1), 주의(1)"
반도체개발,LM1903060124_23v4_어드밴스드_팬_아웃_패키지_개발,47,1,미흡·없음,아니오,키워드 1건 (5건 이하): 위험(1)
반도체개발,LM1903060124_23v4_어드밴스드_팬_아웃_패키지_개발,54,1,미흡·없음,아니오,"키워드 3건 (5건 이하): 안전(1), 유의 사항(1), 주의(1)"
반도체개발,LM1903060124_23v4_어드밴스드_팬_아웃_패키지_개발,63,1,미흡·없음,아니오,키워드 1건 (5건 이하): 진동(1)
반도체개발,LM1903060124_23v4_어드밴스드_팬_아웃_패키지_개발,64,1,미흡·없음,아니오,키워드 1건 (5건 이하): 먼지(1)
반도체개발,LM1903060124_23v4_어드밴스드_팬_아웃_패키지_개발,76,2,형식적 언급,아니오,"안전 10건 [안전(3), 주의(3), 화학물질(1), 유해(1), 보호구(1)], 조치 4건 [착용(2), 방지(1), 차단(1)] (구체적 대책 미흡)"
반도체개발,LM1903060124_23v4_어드밴스드_팬_아웃_패키지_개발,77,1,미흡·없음,아니오,"키워드 5건 (5건 이하): 소음(2), 화재(1), 먼지(1), 주의(1)"
반도체개발,LM1903060124_23v4_어드밴스드_팬_아웃_패키지_개발,91,1,미흡·없음,아니오,키워드 1건 (5건 이하): 안전(1)
반도체개발,LM1903060125_23v4_이종_접합_패키지_개발,21,1,미흡·없음,아니오,"키워드 2건 (5건 이하): 안전(1), 유의 사항(1)"
반도체개발,LM1903060125_23v4_이종_접합_패키지_개발,22,1,미흡·없음,아니오,"키워드 3건 (5건 이하): 안전(2), 보건(1)"
반도체개발,LM1903060125_23v4_이종_접합_패키지_개발,30,2,형식적 언급,아니오,"안전 9건 [안전(5), 사고(2), 주의(2)], 조치 3건 [예방(2), 방지(1)] (구체적 대책 미흡)"
반도체개발,LM1903060125_23v4_이종_접합_패키지_개발,36,1,미흡·없음,아니오,"키워드 5건 (5건 이하): 안전(3), 보건(1), 유의 사항(1)"
반도체개발,LM1903060125_23v4_이종_접합_패키지_개발,46,2,형식적 언급,아니오,"안전 9건 [안전(5), 사고(2), 주의(2)], 조치 2건 [예방(2)] (구체적 대책 미흡)"
반도체개발,LM1903060125_23v4_이종_접합_패키지_개발,58,2,형식적 언급,아니오,"안전 7건 [안전(3), 보건(1), 위험(1), MSDS(1), 유의 사항(1)], 조치 2건 [방지(1), 마스크(1)] (구체적 대책 미흡)"
반도체개발,LM1903060125_23v4_이종_접합_패키지_개발,61,2,형식적 언급,아니오,"안전 11건 [안전(5), 보건(2), MSDS(2), 위험(1), 유의 사항(1)], 조치 1건 [안전장치(1)] (구체적 대책 미흡)"
반도체개발,LM1903060125_23v4_이종_접합_패키지_개발,73,1,미흡·없음,아니오,키워드 1건 (5건 이하): 안전(1)
반도체개발,LM1903060126_23v4_어드밴스드_언더필_패키지_개발,15,1,미흡·없음,아니오,키워드 2건 (5건 이하): 진동(2)
반도체개발,LM1903060126_23v4_어드밴스드_언더필_패키지_개발,16,1,미흡·없음,아니오,"키워드 2건 (5건 이하): 진동(1), 먼지(1)"
반도체개발,LM1903060126_23v4_어드밴스드_언더필_패키지_개발,20,1,미흡·없음,아니오,"키워드 2건 (5건 이하): 안전(1), 유의 사항(1)"
반도체개발,LM1903060126_23v4_어드밴스드_언더필_패키지_개발,23,1,미흡·없음,아니오,키워드 1건 (5건 이하): 진동(1)
반도체개발,LM1903060126_23v4_어드밴스드_언더필_패키지_개발,29,1,미흡·없음,아니오,"키워드 2건 (5건 이하): 안전(1), 유의 사항(1)"
반도체개발,LM1903060126_23v4_어드밴스드_언더필_패키지_개발,39,1,미흡·없음,아니오,"키워드 2건 (5건 이하): 안전(1), 유의 사항(1)"
반도체개발,LM1903060126_23v4_어드밴스드_언더필_패키지_개발,40,1,미흡·없음,아니오,키워드 1건 (5건 이하): 진동(1)
반도체개발,LM1903060126_23v4_어드밴스드_언더필_패키지_개발,41,1,미흡·없음,아니오,키워드 1건 (5건 이하): 진동(1)
반도체개발,LM1903060126_23v4_어드밴스드_언더필_패키지_개발,46,1,미흡·없음,아니오,"키워드 2건 (5건 이하): 안전(1), 유의 사항(1)"
반도체개발,LM1903060126_23v4_어드밴스드_언더필_패키지_개발,53,1,미흡·없음,아니오,키워드 1건 (5건 이하): 부상(1)
반도체개발,LM1903060126_23v4_어드밴스드_언더필_패키지_개발,57,1,미흡·없음,아니오,"키워드 3건 (5건 이하): 안전(1), 유의 사항(1), 부상(1)"
반도체개발,LM1903060126_23v4_어드밴스드_언더필_패키지_개발,71,1,미흡·없음,아니오,"키워드 2건 (5건 이하): 안전(1), 유의 사항(1)"
반도체개발,LM1903060126_23v4_어드밴스드_언더필_패키지_개발,79,1,미흡·없음,아니오,"키워드 2건 (5건 이하): 안전(1), 주의(1)"
반도체개발,LM1903060126_23v4_어드밴스드_언더필_패키지_개발,91,1,미흡·없음,아니오,키워드 1건 (5건 이하): 안전(1)
반도체개발,LM1903060127_23v4_반도체_환경_시험,16,1,미흡·없음,아니오,키워드 1건 (5건 이하): 진동(1)
반도체개발,LM1903060127_23v4_반도체_환경_시험,24,2,형식적 언급,아니오,"안전 8건 [진동(8)], 구체적 조치 언급 없음"
반도체개발,LM1903060127_23v4_반도체_환경_시험,25,1,미흡·없음,아니오,키워드 3건 (5건 이하): 진동(3)
반도체개발,LM1903060127_23v4_반도체_환경_시험,26,1,미흡·없음,아니오,키워드 1건 (5건 이하): 먼지(1)
반도체개발,LM1903060127_23v4_반도체_환경_시험,28,3,구체적 대책,아니오,"안전 13건 [안전(7), 주의(2), 사고(1), 위험(1), 보호구(1)] + 조치 9건 [방지(4), 착용(3), 예방(1), 방독면(1)]"
반도체개발,LM1903060127_23v4_반도체_환경_시험,30,1,미흡·없음,아니오,키워드 1건 (5건 이하): 위험(1)
반도체개발,LM1903060127_23v4_반도체_환경_시험,34,1,미흡·없음,아니오,키워드 4건 (5건 이하): 진동(4)
반도체개발,LM1903060127_23v4_반도체_환경_시험,49,2,형식적 언급,아니오,"안전 17건 [진동(17)], 구체적 조치 언급 없음"
반도체개발,LM1903060127_23v4_반도체_환경_시험,50,2,형식적 언급,아니오,"안전 8건 [진동(8)], 구체적 조치 언급 없음"
반도체개발,LM1903060127_23v4_반도체_환경_시험,51,2,형식적 언급,아니오,"안전 6건 [진동(6)], 구체적 조치 언급 없음"
반도체개발,LM1903060127_23v4_반도체_환경_시험,66,1,미흡·없음,아니오,키워드 4건 (5건 이하): 먼지(4)
반도체개발,LM1903060127_23v4_반도체_환경_시험,67,1,미흡·없음,아니오,키워드 4건 (5건 이하): 먼지(4)
반도체개발,LM1903060127_23v4_반도체_환경_시험,68,1,미흡·없음,아니오,"키워드 2건 (5건 이하): 안전(1), 먼지(1)"
반도체개발,LM1903060127_23v4_반도체_환경_시험,69,1,미흡·없음,아니오,"키워드 3건 (5건 이하): 진동(2), 안전(1)"
반도체개발,LM1903060127_23v4_반도체_환경_시험,71,1,미흡·없음,아니오,키워드 1건 (5건 이하): 진동(1)
반도체개발,LM1903060127_23v4_반도체_환경_시험,72,1,미흡·없음,아니오,키워드 1건 (5건 이하): 진동(1)
반도체개발,LM1903060127_23v4_반도체_환경_시험,76,2,형식적 언급,아니오,"안전 7건 [먼지(3), 누출(2), 진동(2)], 구체적 조치 언급 없음"
반도체개발,LM1903060127_23v4_반도체_환경_시험,83,3,구체적 대책,아니오,"안전 10건 [안전(4), 주의(2), 사고(1), 위험(1), 보호구(1)] + 조치 5건 [착용(2), 예방(1), 방지(1), 방독면(1)]"
반도체개발,LM1903060127_23v4_반도체_환경_시험,84,1,미흡·없음,아니오,키워드 3건 (5건 이하): 안전(3)
반도체개발,LM1903060127_23v4_반도체_환경_시험,85,1,미흡·없음,아니오,키워드 2건 (5건 이하): 진동(2)
반도체개발,LM1903060127_23v4_반도체_환경_시험,87,1,미흡·없음,아니오,키워드 4건 (5건 이하): 진동(4)
반도체개발,LM1903060127_23v4_반도체_환경_시험,88,1,미흡·없음,아니오,키워드 4건 (5건 이하): 먼지(4)
반도체개발,LM1903060127_23v4_반도체_환경_시험,91,1,미흡·없음,아니오,"키워드 4건 (5건 이하): 안전(2), 방사선(2)"
반도체개발,LM1903060127_23v4_반도체_환경_시험,109,1,미흡·없음,아니오,키워드 2건 (5건 이하): 진동(2)
반도체개발,LM1903060127_23v4_반도체_환경_시험,110,1,미흡·없음,아니오,키워드 1건 (5건 이하): 안전(1)
반도체개발,LM1903060128_23v4_반도체_수명_시험,25,3,구체적 대책,아니오,"안전 12건 [안전(7), 사고(1), 위험(1), 보호구(1), 유의 사항(1)] + 조치 6건 [방지(3), 착용(2), 예방(1)]"
반도체개발,LM1903060128_23v4_반도체_수명_시험,28,1,미흡·없음,아니오,"키워드 2건 (5건 이하): 진동(1), 먼지(1)"
반도체개발,LM1903060128_23v4_반도체_수명_시험,30,1,미흡·없음,아니오,"키워드 4건 (5건 이하): 위험(2), 진동(2)"
반도체개발,LM1903060128_23v4_반도체_수명_시험,31,1,미흡·없음,아니오,키워드 3건 (5건 이하): 위험(3)
반도체개발,LM1903060128_23v4_반도체_수명_시험,37,1,미흡·없음,아니오,키워드 1건 (5건 이하): 진동(1)
반도체개발,LM1903060128_23v4_반도체_수명_시험,42,1,미흡·없음,아니오,키워드 1건 (5건 이하): 진동(1)
반도체개발,LM1903060128_23v4_반도체_수명_시험,49,1,미흡·없음,아니오,키워드 1건 (5건 이하): 위험(1)
반도체개발,LM1903060128_23v4_반도체_수명_시험,52,2,형식적 언급,아니오,"안전 6건 [방사선(3), 진동(2), 먼지(1)], 조치 2건 [예방(1), 방지(1)] (구체적 대책 미흡)"
반도체개발,LM1903060128_23v4_반도체_수명_시험,56,3,구체적 대책,아니오,"안전 16건 [안전(9), 사고(2), 보호구(2), 위험(1), 유의 사항(1)] + 조치 6건 [착용(3), 방지(2), 예방(1)]"
반도체개발,LM1903060128_23v4_반도체_수명_시험,57,1,미흡·없음,아니오,키워드 1건 (5건 이하): 안전(1)
반도체개발,LM1903060128_23v4_반도체_수명_시험,59,2,형식적 언급,아니오,"안전 8건 [위험(8)], 구체적 조치 언급 없음"
반도체개발,LM1903060128_23v4_반도체_수명_시험,60,2,형식적 언급,아니오,"안전 15건 [위험(15)], 구체적 조치 언급 없음"
반도체개발,LM1903060128_23v4_반도체_수명_시험,61,1,미흡·없음,아니오,"키워드 5건 (5건 이하): 진동(2), 방사선(2), 먼지(1)"
반도체개발,LM1903060128_23v4_반도체_수명_시험,74,1,미흡·없음,아니오,"키워드 3건 (5건 이하): 안전(1), 방사선(1), 주의(1)"
반도체개발,LM1903060128_23v4_반도체_수명_시험,85,1,미흡·없음,아니오,키워드 1건 (5건 이하): 진동(1)
반도체개발,LM1903060128_23v4_반도체_수명_시험,87,1,미흡·없음,아니오,"키워드 5건 (5건 이하): 먼지(3), 진동(2)"
반도체개발,LM1903060128_23v4_반도체_수명_시험,90,1,미흡·없음,아니오,키워드 1건 (5건 이하): 안전(1)
반도체개발,LM1903060128_23v4_반도체_수명_시험,100,1,미흡·없음,아니오,키워드 2건 (5건 이하): 진동(2)
반도체개발,LM1903060128_23v4_반도체_수명_시험,101,1,미흡·없음,아니오,키워드 1건 (5건 이하): 안전(1)
반도체개발,LM1903060129_23v4_반도체_내성_시험,16,1,미흡·없음,아니오,키워드 2건 (5건 이하): 안전(2)
반도체개발,LM1903060129_23v4_반도체_내성_시험,17,1,미흡·없음,아니오,"키워드 2건 (5건 이하): 안전(1), 주의(1)"
반도체개발,LM1903060129_23v4_반도체_내성_시험,19,1,미흡·없음,아니오,키워드 1건 (5건 이하): 위험(1)
반도체개발,LM1903060129_23v4_반도체_내성_시험,24,1,미흡·없음,아니오,"키워드 2건 (5건 이하): 안전(1), 유의 사항(1)"
반도체개발,LM1903060129_23v4_반도체_내성_시험,25,1,미흡·없음,아니오,"키워드 3건 (5건 이하): 주의(2), 위험(1)"
반도체개발,LM1903060129_23v4_반도체_내성_시험,26,1,미흡·없음,아니오,키워드 1건 (5건 이하): 안전(1)
반도체개발,LM1903060129_23v4_반도체_내성_시험,34,1,미흡·없음,아니오,"키워드 3건 (5건 이하): 안전(2), 위험(1)"
반도체개발,LM1903060129_23v4_반도체_내성_시험,38,1,미흡·없음,아니오,"키워드 2건 (5건 이하): 안전(1), 먼지(1)"
반도체개발,LM1903060129_23v4_반도체_내성_시험,39,1,미흡·없음,아니오,"키워드 4건 (5건 이하): 안전(3), 위험(1)"
반도체개발,LM1903060129_23v4_반도체_내성_시험,44,1,미흡·없음,아니오,키워드 1건 (5건 이하): 안전(1)
반도체개발,LM1903060129_23v4_반도체_내성_시험,51,2,형식적 언급,아니오,"안전 6건 [안전(4), 유의 사항(1), 주의(1)], 구체적 조치 언급 없음"
반도체개발,LM1903060129_23v4_반도체_내성_시험,54,1,미흡·없음,아니오,키워드 1건 (5건 이하): 안전(1)
반도체개발,LM1903060129_23v4_반도체_내성_시험,67,1,미흡·없음,아니오,키워드 3건 (5건 이하): 안전(3)
반도체개발,LM1903060129_23v4_반도체_내성_시험,73,1,미흡·없음,아니오,키워드 1건 (5건 이하): 안전(1)
반도체개발,LM1903060130_23v5_커스텀_레이아웃_적용_공정_분석,19,1,미흡·없음,아니오,키워드 1건 (5건 이하): 안전(1)
반도체개발,LM1903060130_23v5_커스텀_레이아웃_적용_공정_분석,26,1,미흡·없음,아니오,"키워드 2건 (5건 이하): 안전(1), 유의 사항(1)"
반도체개발,LM1903060130_23v5_커스텀_레이아웃_적용_공정_분석,40,1,미흡·없음,아니오,키워드 3건 (5건 이하): 방사선(3)
반도체개발,LM1903060130_23v5_커스텀_레이아웃_적용_공정_분석,41,1,미흡·없음,아니오,키워드 1건 (5건 이하): 안전(1)
반도체개발,LM1903060130_23v5_커스텀_레이아웃_적용_공정_분석,44,1,미흡·없음,아니오,키워드 2건 (5건 이하): 방사선(2)
반도체개발,LM1903060130_23v5_커스텀_레이아웃_적용_공정_분석,46,1,미흡·없음,아니오,키워드 2건 (5건 이하): 위험(2)
반도체개발,LM1903060130_23v5_커스텀_레이아웃_적용_공정_분석,47,1,미흡·없음,아니오,키워드 5건 (5건 이하): 방사선(5)
반도체개발,LM1903060130_23v5_커스텀_레이아웃_적용_공정_분석,48,1,미흡·없음,아니오,키워드 1건 (5건 이하): 방사선(1)
반도체개발,LM1903060130_23v5_커스텀_레이아웃_적용_공정_분석,52,1,미흡·없음,아니오,"키워드 2건 (5건 이하): 안전(1), 보건(1)"
반도체개발,LM1903060130_23v5_커스텀_레이아웃_적용_공정_분석,54,1,미흡·없음,아니오,키워드 1건 (5건 이하): 방사선(1)
반도체개발,LM1903060130_23v5_커스텀_레이아웃_적용_공정_분석,69,1,미흡·없음,아니오,"키워드 2건 (5건 이하): 안전(1), 유의 사항(1)"
반도체개발,LM1903060130_23v5_커스텀_레이아웃_적용_공정_분석,80,1,미흡·없음,아니오,키워드 1건 (5건 이하): 먼지(1)
반도체개발,LM1903060130_23v5_커스텀_레이아웃_적용_공정_분석,81,1,미흡·없음,아니오,키워드 1건 (5건 이하): 먼지(1)
반도체개발,LM1903060130_23v5_커스텀_레이아웃_적용_공정_분석,92,1,미흡·없음,아니오,키워드 1건 (5건 이하): 안전(1)
반도체개발,LM1903060130_23v5_커스텀_레이아웃_적용_공정_분석,127,1,미흡·없음,아니오,키워드 1건 (5건 이하): 안전(1)
반도체개발,LM1903060131_23v5_커스텀_레이아웃_설계,22,1,미흡·없음,아니오,"키워드 2건 (5건 이하): 안전(1), 유의 사항(1)"
반도체개발,LM1903060131_23v5_커스텀_레이아웃_설계,40,1,미흡·없음,아니오,키워드 1건 (5건 이하): 진동(1)
반도체개발,LM1903060131_23v5_커스텀_레이아웃_설계,71,1,미흡·없음,아니오,"키워드 2건 (5건 이하): 안전(1), 유의 사항(1)"
반도체개발,LM1903060131_23v5_커스텀_레이아웃_설계,104,1,미흡·없음,아니오,키워드 3건 (5건 이하): 안전(3)
반도체개발,LM1903060131_23v5_커스텀_레이아웃_설계,117,1,미흡·없음,아니오,"키워드 2건 (5건 이하): 안전(1), 유의 사항(1)"
반도체개발,LM1903060131_23v5_커스텀_레이아웃_설계,136,1,미흡·없음,아니오,"키워드 2건 (5건 이하): 안전(1), 유의 사항(1)"
반도체개발,LM1903060131_23v5_커스텀_레이아웃_설계,148,1,미흡·없음,아니오,키워드 3건 (5건 이하): 소음(3)
반도체개발,LM1903060131_23v5_커스텀_레이아웃_설계,149,1,미흡·없음,아니오,키워드 1건 (5건 이하): 안전(1)
반도체개발,LM1903060131_23v5_커스텀_레이아웃_설계,162,1,미흡·없음,아니오,키워드 1건 (5건 이하): 안전(1)
반도체개발,LM1903060132_23v5_커스텀_레이아웃_검증,30,1,미흡·없음,아니오,"키워드 2건 (5건 이하): 안전(1), 유의 사항(1)"
반도체개발,LM1903060132_23v5_커스텀_레이아웃_검증,43,1,미흡·없음,아니오,키워드 1건 (5건 이하): 위험(1)
반도체개발,LM1903060132_23v5_커스텀_레이아웃_검증,44,1,미흡·없음,아니오,키워드 1건 (5건 이하): 위험(1)
반도체개발,LM1903060132_23v5_커스텀_레이아웃_검증,73,1,미흡·없음,아니오,"키워드 2건 (5건 이하): 안전(1), 유의 사항(1)"
반도체개발,LM1903060132_23v5_커스텀_레이아웃_검증,99,1,미흡·없음,아니오,"키워드 2건 (5건 이하): 안전(1), 유의 사항(1)"
반도체개발,LM1903060132_23v5_커스텀_레이아웃_검증,124,1,미흡·없음,아니오,키워드 1건 (5건 이하): 안전(1)
반도체제조,LM1903060201_14v3_Photo_장비운영,20,1,미흡·없음,아니오,"키워드 4건 (5건 이하): 진동(2), 안전(1), 유의 사항(1)"
반도체제조,LM1903060201_14v3_Photo_장비운영,21,2,형식적 언급,아니오,"안전 7건 [안전(3), 사고(1), 유해(1), 감전(1), 주의(1)], 조치 1건 [차단(1)] (구체적 대책 미흡)"
반도체제조,LM1903060201_14v3_Photo_장비운영,25,1,미흡·없음,아니오,키워드 1건 (5건 이하): 진동(1)
반도체제조,LM1903060201_14v3_Photo_장비운영,26,2,형식적 언급,아니오,"안전 8건 [안전(2), 위험(2), 주의(2), 유해(1), 유의 사항(1)], 구체적 조치 언급 없음"
반도체제조,LM1903060201_14v3_Photo_장비운영,27,1,미흡·없음,아니오,"키워드 2건 (5건 이하): 사고(1), 안전(1)"
반도체제조,LM1903060201_14v3_Photo_장비운영,35,1,미흡·없음,아니오,키워드 1건 (5건 이하): 먼지(1)
반도체제조,LM1903060201_14v3_Photo_장비운영,37,1,미흡·없음,아니오,"키워드 4건 (5건 이하): 위험(2), 안전(1), 유의 사항(1)"
반도체제조,LM1903060201_14v3_Photo_장비운영,38,2,형식적 언급,아니오,"안전 7건 [안전(3), 사고(2), 주의(2)], 조치 4건 [예방(2), 방지(1), 안전관리(1)] (구체적 대책 미흡)"
반도체제조,LM1903060201_14v3_Photo_장비운영,52,3,구체적 대책,아니오,"안전 11건 [안전(3), 주의(3), 사고(1), 유해(1), 감전(1)] + 조치 11건 [방지(8), 차단(2), 마스크(1)]"
반도체제조,LM1903060201_14v3_Photo_장비운영,55,2,형식적 언급,아니오,"안전 11건 [안전(4), 위험(3), 사고(2), 유의 사항(1), 주의(1)], 조치 3건 [방지(2), 안전관리(1)] (구체적 대책 미흡)"
반도체제조,LM1903060201_14v3_Photo_장비운영,65,1,미흡·없음,아니오,"키워드 2건 (5건 이하): 안전(1), 유의 사항(1)"
반도체제조,LM1903060201_14v3_Photo_장비운영,66,1,미흡·없음,아니오,"키워드 2건 (5건 이하): 안전(1), 보호구(1)"
반도체제조,LM1903060202_14v3_Etch_장비_운영,16,1,미흡·없음,아니오,키워드 2건 (5건 이하): 안전(2)
반도체제조,LM1903060202_14v3_Etch_장비_운영,17,1,미흡·없음,아니오,"키워드 4건 (5건 이하): 위험(2), 안전(1), 감전(1)"
반도체제조,LM1903060202_14v3_Etch_장비_운영,18,1,미흡·없음,아니오,"키워드 4건 (5건 이하): 안전(3), 유의 사항(1)"
반도체제조,LM1903060202_14v3_Etch_장비_운영,19,2,형식적 언급,아니오,"안전 10건 [안전(4), 사고(2), 위험(2), 주의(2)], 조치 1건 [안전관리(1)] (구체적 대책 미흡)"
반도체제조,LM1903060202_14v3_Etch_장비_운영,21,1,미흡·없음,아니오,"키워드 4건 (5건 이하): 위험(1), 폭발(1), 분진(1), 주의(1)"
반도체제조,LM1903060202_14v3_Etch_장비_운영,23,3,구체적 대책,아니오,"안전 8건 [주의(5), 사고(2), 위험(1)] + 조치 5건 [차단(5)]"
반도체제조,LM1903060202_14v3_Etch_장비_운영,25,1,미흡·없음,아니오,키워드 1건 (5건 이하): 안전(1)
반도체제조,LM1903060202_14v3_Etch_장비_운영,27,1,미흡·없음,아니오,"키워드 3건 (5건 이하): 사고(1), 안전(1), 주의(1)"
반도체제조,LM1903060202_14v3_Etch_장비_운영,28,1,미흡·없음,아니오,키워드 1건 (5건 이하): 부상(1)
반도체제조,LM1903060202_14v3_Etch_장비_운영,30,1,미흡·없음,아니오,"키워드 3건 (5건 이하): 안전(2), 유해(1)"
반도체제조,LM1903060202_14v3_Etch_장비_운영,31,2,형식적 언급,아니오,"안전 6건 [안전(2), 위험(2), 유의 사항(1), 주의(1)], 구체적 조치 언급 없음"
반도체제조,LM1903060202_14v3_Etch_장비_운영,34,1,미흡·없음,아니오,키워드 3건 (5건 이하): 안전(3)
반도체제조,LM1903060202_14v3_Etch_장비_운영,37,2,형식적 언급,아니오,"안전 15건 [안전(6), 주의(4), 위험(3), 보호구(1), 유의 사항(1)], 구체적 조치 언급 없음"
반도체제조,LM1903060202_14v3_Etch_장비_운영,40,1,미흡·없음,아니오,"키워드 2건 (5건 이하): 사고(1), 안전(1)"
반도체제조,LM1903060202_14v3_Etch_장비_운영,51,1,미흡·없음,아니오,"키워드 5건 (5건 이하): 안전(2), 보호구(1), 유의 사항(1), 주의(1)"
반도체제조,LM1903060202_14v3_Etch_장비_운영,55,1,미흡·없음,아니오,키워드 1건 (5건 이하): 부상(1)
반도체제조,LM1903060202_14v3_Etch_장비_운영,57,1,미흡·없음,아니오,키워드 1건 (5건 이하): 폭발(1)
반도체제조,LM1903060202_14v3_Etch_장비_운영,59,1,미흡·없음,아니오,키워드 2건 (5건 이하): 안전(2)
반도체제조,LM1903060202_14v3_Etch_장비_운영,60,2,형식적 언급,아니오,"안전 13건 [안전(5), 주의(3), 사고(2), 위험(2), 유의 사항(1)], 조치 1건 [안전관리(1)] (구체적 대책 미흡)"
반도체제조,LM1903060202_14v3_Etch_장비_운영,61,1,미흡·없음,아니오,키워드 4건 (5건 이하): 소음(4)
반도체제조,LM1903060202_14v3_Etch_장비_운영,63,1,미흡·없음,아니오,키워드 1건 (5건 이하): 안전(1)
반도체제조,LM1903060202_14v3_Etch_장비_운영,66,1,미흡·없음,아니오,"키워드 3건 (5건 이하): 안전(1), 유해(1), 유의 사항(1)"
반도체제조,LM1903060202_14v3_Etch_장비_운영,67,2,형식적 언급,아니오,"안전 12건 [안전(4), 주의(4), 사고(2), 위험(2)], 조치 1건 [안전관리(1)] (구체적 대책 미흡)"
반도체제조,LM1903060202_14v3_Etch_장비_운영,73,1,미흡·없음,아니오,"키워드 5건 (5건 이하): 안전(3), 누출(1), 주의(1)"
반도체제조,LM1903060202_14v3_Etch_장비_운영,75,1,미흡·없음,아니오,"키워드 3건 (5건 이하): 안전(2), 유해(1)"
반도체제조,LM1903060202_14v3_Etch_장비_운영,76,2,형식적 언급,아니오,"안전 12건 [안전(5), 사고(2), 위험(2), 주의(2), 유의 사항(1)], 조치 1건 [안전관리(1)] (구체적 대책 미흡)"
반도체제조,LM1903060202_14v3_Etch_장비_운영,82,2,형식적 언급,아니오,"안전 14건 [안전(7), 사고(2), 위험(2), 주의(2), 유의 사항(1)], 조치 1건 [안전관리(1)] (구체적 대책 미흡)"
반도체제조,LM1903060202_14v3_Etch_장비_운영,85,1,미흡·없음,아니오,"키워드 2건 (5건 이하): 안전(1), MSDS(1)"
반도체제조,LM1903060202_14v3_Etch_장비_운영,94,1,미흡·없음,아니오,키워드 2건 (5건 이하): 안전(2)
반도체제조,LM1903060202_14v3_Etch_장비_운영,95,2,형식적 언급,아니오,"안전 12건 [안전(5), 사고(2), 위험(2), 주의(2), 유의 사항(1)], 조치 1건 [안전관리(1)] (구체적 대책 미흡)"
반도체제조,LM1903060202_14v3_Etch_장비_운영,96,1,미흡·없음,아니오,키워드 1건 (5건 이하): 소음(1)
반도체제조,LM1903060202_14v3_Etch_장비_운영,103,1,미흡·없음,아니오,키워드 1건 (5건 이하): 안전(1)
반도체제조,LM1903060203_14v3_박막확산_장비운영,17,1,미흡·없음,아니오,"키워드 5건 (5건 이하): 위험(2), 유해(1), 폭발(1), 주의(1)"
반도체제조,LM1903060203_14v3_박막확산_장비운영,20,1,미흡·없음,아니오,"키워드 4건 (5건 이하): 안전(2), MSDS(1), 유의 사항(1)"
반도체제조,LM1903060203_14v3_박막확산_장비운영,23,1,미흡·없음,아니오,키워드 1건 (5건 이하): 화재(1)
반도체제조,LM1903060203_14v3_박막확산_장비운영,24,1,미흡·없음,아니오,"키워드 2건 (5건 이하): 진동(1), 주의(1)"
반도체제조,LM1903060203_14v3_박막확산_장비운영,25,2,형식적 언급,아니오,"안전 9건 [주의(5), 위험(1), 폭발(1), 소음(1), 먼지(1)], 조치 1건 [방지(1)] (구체적 대책 미흡)"
반도체제조,LM1903060203_14v3_박막확산_장비운영,26,2,형식적 언급,아니오,"안전 6건 [주의(4), 안전(1), 화재(1)], 구체적 조치 언급 없음"
반도체제조,LM1903060203_14v3_박막확산_장비운영,27,2,형식적 언급,아니오,"안전 9건 [주의(3), 안전(2), 사고(1), 위험(1), 감전(1)], 구체적 조치 언급 없음"
반도체제조,LM1903060203_14v3_박막확산_장비운영,38,1,미흡·없음,아니오,"키워드 2건 (5건 이하): 안전(1), 유의 사항(1)"
반도체제조,LM1903060203_14v3_박막확산_장비운영,39,1,미흡·없음,아니오,키워드 1건 (5건 이하): 안전(1)
반도체제조,LM1903060203_14v3_박막확산_장비운영,40,1,미흡·없음,아니오,키워드 1건 (5건 이하): 소음(1)
반도체제조,LM1903060203_14v3_박막확산_장비운영,43,1,미흡·없음,아니오,"키워드 2건 (5건 이하): 안전(1), 유의 사항(1)"
반도체제조,LM1903060203_14v3_박막확산_장비운영,45,1,미흡·없음,아니오,키워드 1건 (5건 이하): 안전(1)
반도체제조,LM1903060203_14v3_박막확산_장비운영,56,1,미흡·없음,아니오,"키워드 2건 (5건 이하): 안전(1), 유의 사항(1)"
반도체제조,LM1903060203_14v3_박막확산_장비운영,57,1,미흡·없음,아니오,"키워드 5건 (5건 이하): 주의(2), 안전(1), 위험(1), MSDS(1)"
반도체제조,LM1903060203_14v3_박막확산_장비운영,60,1,미흡·없음,아니오,"키워드 3건 (5건 이하): 안전(1), 유의 사항(1), 주의(1)"
반도체제조,LM1903060203_14v3_박막확산_장비운영,69,1,미흡·없음,아니오,"키워드 2건 (5건 이하): 안전(1), 유의 사항(1)"
반도체제조,LM1903060203_14v3_박막확산_장비운영,71,1,미흡·없음,아니오,"키워드 2건 (5건 이하): 위험(1), 감전(1)"
반도체제조,LM1903060203_14v3_박막확산_장비운영,74,2,형식적 언급,아니오,"안전 6건 [위험(3), 안전(1), 유의 사항(1), 주의(1)], 구체적 조치 언급 없음"
반도체제조,LM1903060203_14v3_박막확산_장비운영,88,1,미흡·없음,아니오,"키워드 5건 (5건 이하): 주의(3), 안전(1), 유의 사항(1)"
반도체제조,LM1903060203_14v3_박막확산_장비운영,91,1,미흡·없음,아니오,"키워드 3건 (5건 이하): 안전(2), 유의 사항(1)"
반도체제조,LM1903060203_14v3_박막확산_장비운영,101,2,형식적 언급,아니오,"안전 7건 [안전(2), 감전(2), 사고(1), 위험(1), 유의 사항(1)], 조치 1건 [차단(1)] (구체적 대책 미흡)"
반도체제조,LM1903060203_14v3_박막확산_장비운영,107,1,미흡·없음,아니오,"키워드 3건 (5건 이하): 안전(1), 위험(1), 유의 사항(1)"
반도체제조,LM1903060204_14v3_C_C_장비_운영,67,3,구체적 대책,아니오,"안전 45건 [안전(19), 주의(5), 사고(4), 화재(4), 유의 사항(4)] + 조치 11건 [방지(4), 예방(3), 차단(2), 안전관리(2)]"
반도체제조,LM1903060204_14v3_C_C_장비_운영,71,1,미흡·없음,아니오,키워드 1건 (5건 이하): 진동(1)
반도체제조,LM1903060204_14v3_C_C_장비_운영,74,1,미흡·없음,아니오,키워드 1건 (5건 이하): 위험(1)
반도체제조,LM1903060204_14v3_C_C_장비_운영,75,1,미흡·없음,아니오,"키워드 2건 (5건 이하): 안전(1), 유의 사항(1)"
반도체제조,LM1903060204_14v3_C_C_장비_운영,76,3,구체적 대책,아니오,"안전 7건 [진동(3), 사고(2), 안전(1), 위험(1)] + 조치 5건 [방지(4), 차단(1)]"
반도체제조,LM1903060204_14v3_C_C_장비_운영,77,2,형식적 언급,아니오,"안전 6건 [안전(4), 위험(1), 진동(1)], 조치 1건 [방지(1)] (구체적 대책 미흡)"
반도체제조,LM1903060204_14v3_C_C_장비_운영,78,1,미흡·없음,아니오,키워드 1건 (5건 이하): 안전(1)
반도체제조,LM1903060204_14v3_C_C_장비_운영,82,1,미흡·없음,아니오,키워드 1건 (5건 이하): 위험(1)
반도체제조,LM1903060204_14v3_C_C_장비_운영,83,2,형식적 언급,아니오,"안전 9건 [안전(3), 사고(2), 감전(1), 누출(1), 유의 사항(1)], 조치 2건 [방지(1), 차단(1)] (구체적 대책 미흡)"
반도체제조,LM1903060204_14v3_C_C_장비_운영,92,2,형식적 언급,아니오,"안전 6건 [안전(2), 사고(1), 누출(1), 유의 사항(1), 주의(1)], 조치 1건 [방지(1)] (구체적 대책 미흡)"
반도체제조,LM1903060204_14v3_C_C_장비_운영,97,2,형식적 언급,아니오,"안전 7건 [안전(3), 사고(2), MSDS(1), 유의 사항(1)], 조치 2건 [방지(1), 차단(1)] (구체적 대책 미흡)"
반도체제조,LM1903060204_14v3_C_C_장비_운영,99,1,미흡·없음,아니오,키워드 2건 (5건 이하): 안전(2)
반도체제조,LM1903060204_14v3_C_C_장비_운영,102,1,미흡·없음,아니오,"키워드 2건 (5건 이하): 안전(1), 위험(1)"
반도체제조,LM1903060204_14v3_C_C_장비_운영,103,1,미흡·없음,아니오,"키워드 2건 (5건 이하): 안전(1), 주의(1)"
반도체제조,LM1903060204_14v3_C_C_장비_운영,104,1,미흡·없음,아니오,"키워드 2건 (5건 이하): 안전(1), 유의 사항(1)"
반도체제조,LM1903060204_14v3_C_C_장비_운영,105,1,미흡·없음,아니오,키워드 3건 (5건 이하): 안전(3)
반도체제조,LM1903060204_14v3_C_C_장비_운영,109,1,미흡·없음,아니오,"키워드 2건 (5건 이하): 안전(1), 유의 사항(1)"
반도체제조,LM1903060204_14v3_C_C_장비_운영,111,1,미흡·없음,아니오,"키워드 3건 (5건 이하): 사고(1), 안전(1), 누출(1)"
반도체제조,LM1903060204_14v3_C_C_장비_운영,114,1,미흡·없음,아니오,"키워드 5건 (5건 이하): 안전(3), 위험(1), 유의 사항(1)"
반도체제조,LM1903060204_14v3_C_C_장비_운영,117,1,미흡·없음,아니오,키워드 1건 (5건 이하): 안전(1)
반도체제조,LM1903060204_14v3_C_C_장비_운영,118,1,미흡·없음,아니오,"키워드 4건 (5건 이하): 안전(2), 위험(1), 유의 사항(1)"
반도체제조,LM1903060204_14v3_C_C_장비_운영,119,1,미흡·없음,아니오,키워드 1건 (5건 이하): 안전(1)
반도체제조,LM1903060204_14v3_C_C_장비_운영,120,1,미흡·없음,아니오,키워드 1건 (5건 이하): 안전(1)
반도체제조,LM1903060205_14v3_MI_장비_운영,40,3,구체적 대책,아니오,"안전 12건 [안전(5), 진동(4), 유의 사항(2), 사고(1)] + 조치 5건 [차단(3), 방지(1), 마스크(1)]"
반도체제조,LM1903060205_14v3_MI_장비_운영,41,2,형식적 언급,아니오,"안전 9건 [진동(5), 사고(1), 안전(1), 위험(1), 주의(1)], 구체적 조치 언급 없음"
반도체제조,LM1903060205_14v3_MI_장비_운영,42,1,미흡·없음,아니오,"키워드 3건 (5건 이하): 진동(2), 먼지(1)"
반도체제조,LM1903060205_14v3_MI_장비_운영,45,1,미흡·없음,아니오,"키워드 2건 (5건 이하): 안전(1), 유의 사항(1)"
반도체제조,LM1903060205_14v3_MI_장비_운영,51,2,형식적 언급,아니오,"안전 6건 [사고(2), 안전(2), 감전(1), 유의 사항(1)], 조치 2건 [안전수칙(1), 마스크(1)] (구체적 대책 미흡)"
반도체제조,LM1903060205_14v3_MI_장비_운영,52,1,미흡·없음,아니오,"키워드 3건 (5건 이하): 사고(1), 안전(1), 주의(1)"
반도체제조,LM1903060205_14v3_MI_장비_운영,67,1,미흡·없음,아니오,"키워드 2건 (5건 이하): 안전(1), 유의 사항(1)"
반도체제조,LM1903060205_14v3_MI_장비_운영,72,1,미흡·없음,아니오,키워드 1건 (5건 이하): 방사선(1)
반도체제조,LM1903060205_14v3_MI_장비_운영,75,1,미흡·없음,아니오,키워드 1건 (5건 이하): 소음(1)
반도체제조,LM1903060205_14v3_MI_장비_운영,76,1,미흡·없음,아니오,"키워드 2건 (5건 이하): 안전(1), 위험(1)"
반도체제조,LM1903060205_14v3_MI_장비_운영,78,1,미흡·없음,아니오,키워드 2건 (5건 이하): 안전(2)
반도체제조,LM1903060205_14v3_MI_장비_운영,79,2,형식적 언급,아니오,"안전 8건 [안전(4), 위험(1), 소음(1), 유의 사항(1), 주의(1)], 조치 4건 [안전장치(1), 차단(1), 착용(1), 안전화(1)] (구체적 대책 미흡)"
반도체제조,LM1903060209_14v3_반도체_품질관리,17,1,미흡·없음,아니오,키워드 1건 (5건 이하): 방사선(1)
반도체제조,LM1903060209_14v3_반도체_품질관리,19,1,미흡·없음,아니오,키워드 2건 (5건 이하): 소음(2)
반도체제조,LM1903060209_14v3_반도체_품질관리,20,1,미흡·없음,아니오,키워드 1건 (5건 이하): 소음(1)
반도체제조,LM1903060209_14v3_반도체_품질관리,27,2,형식적 언급,아니오,"안전 7건 [유해(3), 안전(2), 보건(2)], 조치 1건 [예방(1)] (구체적 대책 미흡)"
반도체제조,LM1903060209_14v3_반도체_품질관리,28,1,미흡·없음,아니오,키워드 1건 (5건 이하): 화학물질(1)
반도체제조,LM1903060209_14v3_반도체_품질관리,29,1,미흡·없음,아니오,"키워드 2건 (5건 이하): 안전(1), 위험(1)"
반도체제조,LM1903060209_14v3_반도체_품질관리,31,1,미흡·없음,아니오,"키워드 2건 (5건 이하): 안전(1), 유의 사항(1)"
반도체제조,LM1903060209_14v3_반도체_품질관리,35,1,미흡·없음,아니오,"키워드 5건 (5건 이하): 유해(4), 안전(1)"
반도체제조,LM1903060209_14v3_반도체_품질관리,39,1,미흡·없음,아니오,키워드 2건 (5건 이하): 위험(2)
반도체제조,LM1903060209_14v3_반도체_품질관리,44,1,미흡·없음,아니오,"키워드 2건 (5건 이하): 안전(1), 유의 사항(1)"
반도체제조,LM1903060209_14v3_반도체_품질관리,48,1,미흡·없음,아니오,"키워드 3건 (5건 이하): 사고(1), 안전(1), 유해(1)"
반도체제조,LM1903060209_14v3_반도체_품질관리,52,2,형식적 언급,아니오,"안전 7건 [유해(3), 사고(2), 안전(2)], 조치 3건 [예방(3)] (구체적 대책 미흡)"
반도체제조,LM1903060209_14v3_반도체_품질관리,54,1,미흡·없음,아니오,키워드 1건 (5건 이하): 인화(1)
반도체제조,LM1903060209_14v3_반도체_품질관리,59,1,미흡·없음,아니오,키워드 1건 (5건 이하): 위험(1)
반도체제조,LM1903060209_14v3_반도체_품질관리,66,1,미흡·없음,아니오,"키워드 3건 (5건 이하): 안전(1), 작업환경(1), 유의 사항(1)"
반도체제조,LM1903060209_14v3_반도체_품질관리,68,1,미흡·없음,아니오,키워드 2건 (5건 이하): 안전(2)
반도체제조,LM1903060209_14v3_반도체_품질관리,71,1,미흡·없음,아니오,"키워드 2건 (5건 이하): 사고(1), 안전(1)"
반도체제조,LM1903060210_14v3_반도체_생산성_향상,70,3,구체적 대책,아니오,"안전 16건 [안전(7), 유의 사항(4), 사고(2), 주의(2), 작업환경(1)] + 조치 5건 [예방(2), 환기(1), 격리(1), 마스크(1)]"
반도체제조,LM1903060210_14v3_반도체_생산성_향상,71,2,형식적 언급,아니오,"안전 6건 [안전(3), 유의 사항(3)], 조치 1건 [마스크(1)] (구체적 대책 미흡)"
반도체제조,LM1903060210_14v3_반도체_생산성_향상,75,1,미흡·없음,아니오,"키워드 2건 (5건 이하): 안전(1), 유의 사항(1)"
반도체제조,LM1903060210_14v3_반도체_생산성_향상,82,1,미흡·없음,아니오,키워드 1건 (5건 이하): 안전(1)
반도체제조,LM1903060210_14v3_반도체_생산성_향상,90,1,미흡·없음,아니오,키워드 1건 (5건 이하): 위험(1)
반도체제조,LM1903060210_14v3_반도체_생산성_향상,93,1,미흡·없음,아니오,키워드 1건 (5건 이하): 위험(1)
반도체제조,LM1903060211_19v4_반도체_웨이퍼_레벨_테스트_장비_운영,23,1,미흡·없음,아니오,"키워드 5건 (5건 이하): 안전(2), 위험(2), 유의 사항(1)"
반도체제조,LM1903060211_19v4_반도체_웨이퍼_레벨_테스트_장비_운영,31,2,형식적 언급,아니오,"안전 7건 [안전(3), 보건(1), MSDS(1), 물질안전보건자료(1), 유의 사항(1)], 조치 1건 [마스크(1)] (구체적 대책 미흡)"
반도체제조,LM1903060211_19v4_반도체_웨이퍼_레벨_테스트_장비_운영,32,2,형식적 언급,아니오,"안전 7건 [안전(3), 사고(2), 화재(1), 감전(1)], 조치 1건 [착용(1)] (구체적 대책 미흡)"
반도체제조,LM1903060211_19v4_반도체_웨이퍼_레벨_테스트_장비_운영,38,2,형식적 언급,아니오,"안전 10건 [안전(4), 사고(2), 보건(1), MSDS(1), 물질안전보건자료(1)], 조치 2건 [방지(1), 마스크(1)] (구체적 대책 미흡)"
반도체제조,LM1903060211_19v4_반도체_웨이퍼_레벨_테스트_장비_운영,39,1,미흡·없음,아니오,"키워드 4건 (5건 이하): 안전(2), 위험(2)"
반도체제조,LM1903060211_19v4_반도체_웨이퍼_레벨_테스트_장비_운영,41,1,미흡·없음,아니오,"키워드 2건 (5건 이하): 진동(1), 주의(1)"
반도체제조,LM1903060211_19v4_반도체_웨이퍼_레벨_테스트_장비_운영,49,2,형식적 언급,아니오,"안전 6건 [안전(3), 위험(2), 유의 사항(1)], 조치 4건 [마스크(2), 착용(1), 안전교육(1)] (구체적 대책 미흡)"
반도체제조,LM1903060211_19v4_반도체_웨이퍼_레벨_테스트_장비_운영,50,1,미흡·없음,아니오,키워드 1건 (5건 이하): 진동(1)
반도체제조,LM1903060211_19v4_반도체_웨이퍼_레벨_테스트_장비_운영,53,2,형식적 언급,아니오,"안전 6건 [안전(3), 위험(2), 유의 사항(1)], 조치 3건 [착용(1), 안전교육(1), 마스크(1)] (구체적 대책 미흡)"
반도체제조,LM1903060211_19v4_반도체_웨이퍼_레벨_테스트_장비_운영,59,1,미흡·없음,아니오,"키워드 2건 (5건 이하): 안전(1), 유의 사항(1)"
반도체제조,LM1903060211_19v4_반도체_웨이퍼_레벨_테스트_장비_운영,60,2,형식적 언급,아니오,"안전 9건 [안전(4), 사고(2), 보건(1), MSDS(1), 물질안전보건자료(1)], 조치 2건 [방지(1), 착용(1)] (구체적 대책 미흡)"
반도체제조,LM1903060211_19v4_반도체_웨이퍼_레벨_테스트_장비_운영,69,3,구체적 대책,아니오,"안전 6건 [안전(3), 위험(2), 유의 사항(1)] + 조치 8건 [예방(6), 안전교육(1), 마스크(1)]"
반도체제조,LM1903060211_19v4_반도체_웨이퍼_레벨_테스트_장비_운영,76,1,미흡·없음,아니오,"키워드 5건 (5건 이하): 안전(2), 위험(2), 유의 사항(1)"
반도체제조,LM1903060211_19v4_반도체_웨이퍼_레벨_테스트_장비_운영,77,1,미흡·없음,아니오,키워드 1건 (5건 이하): 소음(1)
반도체제조,LM1903060211_19v4_반도체_웨이퍼_레벨_테스트_장비_운영,79,1,미흡·없음,아니오,키워드 1건 (5건 이하): 위험(1)
반도체제조,LM1903060211_19v4_반도체_웨이퍼_레벨_테스트_장비_운영,80,1,미흡·없음,아니오,"키워드 5건 (5건 이하): 안전(2), 위험(2), 유의 사항(1)"
반도체제조,LM1903060211_19v4_반도체_웨이퍼_레벨_테스트_장비_운영,82,1,미흡·없음,아니오,키워드 1건 (5건 이하): 안전(1)
반도체제조,LM1903060211_19v4_반도체_웨이퍼_레벨_테스트_장비_운영,83,1,미흡·없음,아니오,키워드 1건 (5건 이하): 안전(1)
반도체제조,LM1903060212_19v4_반도체_패키지_레벨_테스트_장비_운영,112,1,미흡·없음,아니오,"키워드 3건 (5건 이하): 안전(2), 유의 사항(1)"
반도체제조,LM1903060212_19v4_반도체_패키지_레벨_테스트_장비_운영,113,1,미흡·없음,아니오,"키워드 4건 (5건 이하): 안전(2), 유해(1), 유의 사항(1)"
반도체제조,LM1903060212_19v4_반도체_패키지_레벨_테스트_장비_운영,122,3,구체적 대책,아니오,"안전 41건 [안전(14), 유의 사항(7), 주의(6), 사고(4), 위험(2)] + 조치 14건 [차단(9), 예방(2), 방지(1), 환기(1), 착용(1)]"
반도체제조,LM1903060213_19v4_반도체_패키징_전공정_장비_운영,17,1,미흡·없음,아니오,"키워드 4건 (5건 이하): 안전(2), 유의 사항(1), 주의(1)"
반도체제조,LM1903060213_19v4_반도체_패키징_전공정_장비_운영,19,1,미흡·없음,아니오,"키워드 4건 (5건 이하): 주의(3), 분진(1)"
반도체제조,LM1903060213_19v4_반도체_패키징_전공정_장비_운영,22,1,미흡·없음,아니오,키워드 1건 (5건 이하): 안전(1)
반도체제조,LM1903060213_19v4_반도체_패키징_전공정_장비_운영,32,1,미흡·없음,아니오,"키워드 4건 (5건 이하): 안전(2), 유의 사항(1), 주의(1)"
반도체제조,LM1903060213_19v4_반도체_패키징_전공정_장비_운영,38,1,미흡·없음,아니오,"키워드 2건 (5건 이하): 분진(1), 주의(1)"
반도체제조,LM1903060213_19v4_반도체_패키징_전공정_장비_운영,42,1,미흡·없음,아니오,"키워드 4건 (5건 이하): 안전(2), 유의 사항(1), 주의(1)"
반도체제조,LM1903060213_19v4_반도체_패키징_전공정_장비_운영,59,1,미흡·없음,아니오,"키워드 2건 (5건 이하): 안전(1), 유의 사항(1)"
반도체제조,LM1903060213_19v4_반도체_패키징_전공정_장비_운영,60,1,미흡·없음,아니오,키워드 1건 (5건 이하): 안전(1)
반도체제조,LM1903060213_19v4_반도체_패키징_전공정_장비_운영,61,1,미흡·없음,아니오,"키워드 3건 (5건 이하): 위험(2), 주의(1)"
반도체제조,LM1903060213_19v4_반도체_패키징_전공정_장비_운영,69,1,미흡·없음,아니오,"키워드 4건 (5건 이하): 주의(2), 진동(1), 먼지(1)"
반도체제조,LM1903060213_19v4_반도체_패키징_전공정_장비_운영,73,1,미흡·없음,아니오,"키워드 5건 (5건 이하): 안전(2), 주의(2), 유의 사항(1)"
반도체제조,LM1903060213_19v4_반도체_패키징_전공정_장비_운영,84,1,미흡·없음,아니오,"키워드 4건 (5건 이하): 안전(2), 유의 사항(1), 주의(1)"
반도체제조,LM1903060213_19v4_반도체_패키징_전공정_장비_운영,87,1,미흡·없음,아니오,키워드 1건 (5건 이하): 안전(1)
반도체제조,LM1903060214_19v4_반도체_패키징_후공정장비_운영,25,1,미흡·없음,아니오,"키워드 2건 (5건 이하): 안전(1), 유의 사항(1)"
반도체제조,LM1903060214_19v4_반도체_패키징_후공정장비_운영,29,1,미흡·없음,아니오,"키워드 2건 (5건 이하): 안전(1), 유의 사항(1)"
반도체제조,LM1903060214_19v4_반도체_패키징_후공정장비_운영,42,1,미흡·없음,아니오,키워드 1건 (5건 이하): 진동(1)
반도체제조,LM1903060214_19v4_반도체_패키징_후공정장비_운영,46,1,미흡·없음,아니오,"키워드 2건 (5건 이하): 안전(1), 유의 사항(1)"
반도체제조,LM1903060214_19v4_반도체_패키징_후공정장비_운영,47,1,미흡·없음,아니오,키워드 1건 (5건 이하): 진동(1)
반도체제조,LM1903060214_19v4_반도체_패키징_후공정장비_운영,49,1,미흡·없음,아니오,키워드 2건 (5건 이하): 진동(2)
반도체제조,LM1903060214_19v4_반도체_패키징_후공정장비_운영,50,1,미흡·없음,아니오,키워드 1건 (5건 이하): 진동(1)
반도체제조,LM1903060214_19v4_반도체_패키징_후공정장비_운영,57,1,미흡·없음,아니오,"키워드 4건 (5건 이하): 안전(1), 진동(1), 유의 사항(1), 주의(1)"
반도체제조,LM1903060214_19v4_반도체_패키징_후공정장비_운영,58,1,미흡·없음,아니오,키워드 1건 (5건 이하): 안전(1)
반도체제조,LM1903060214_19v4_반도체_패키징_후공정장비_운영,73,1,미흡·없음,아니오,"키워드 3건 (5건 이하): 안전(1), 유의 사항(1), 주의(1)"
반도체제조,LM1903060214_19v4_반도체_패키징_후공정장비_운영,78,1,미흡·없음,아니오,키워드 1건 (5건 이하): 먼지(1)
반도체제조,LM1903060214_19v4_반도체_패키징_후공정장비_운영,80,1,미흡·없음,아니오,"키워드 2건 (5건 이하): 위험(1), 주의(1)"
반도체제조,LM1903060214_19v4_반도체_패키징_후공정장비_운영,84,1,미흡·없음,아니오,키워드 1건 (5건 이하): 안전(1)
반도체제조,LM1903060214_19v4_반도체_패키징_후공정장비_운영,86,1,미흡·없음,아니오,"키워드 3건 (5건 이하): 안전(1), 유의 사항(1), 주의(1)"
반도체제조,LM1903060214_19v4_반도체_패키징_후공정장비_운영,92,1,미흡·없음,아니오,키워드 1건 (5건 이하): 분진(1)
반도체제조,LM1903060214_19v4_반도체_패키징_후공정장비_운영,105,1,미흡·없음,아니오,"키워드 2건 (5건 이하): 안전(1), 유의 사항(1)"
반도체제조,LM1903060214_19v4_반도체_패키징_후공정장비_운영,107,1,미흡·없음,아니오,키워드 1건 (5건 이하): 진동(1)
반도체제조,LM1903060214_19v4_반도체_패키징_후공정장비_운영,117,1,미흡·없음,아니오,"키워드 2건 (5건 이하): 안전(1), 유의 사항(1)"
반도체제조,LM1903060214_19v4_반도체_패키징_후공정장비_운영,119,1,미흡·없음,아니오,키워드 1건 (5건 이하): 분진(1)
반도체제조,LM1903060214_19v4_반도체_패키징_후공정장비_운영,120,1,미흡·없음,아니오,키워드 1건 (5건 이하): 위험(1)
반도체제조,LM1903060214_19v4_반도체_패키징_후공정장비_운영,132,1,미흡·없음,아니오,"키워드 2건 (5건 이하): 안전(1), 유의 사항(1)"
반도체제조,LM1903060214_19v4_반도체_패키징_후공정장비_운영,150,1,미흡·없음,아니오,"키워드 3건 (5건 이하): 안전(1), 누출(1), 유의 사항(1)"
반도체제조,LM1903060214_19v4_반도체_패키징_후공정장비_운영,151,1,미흡·없음,아니오,키워드 1건 (5건 이하): 안전(1)
반도체제조,LM1903060215_19v4_반도체_유틸리티_운영,60,1,미흡·없음,아니오,"키워드 2건 (5건 이하): 안전(1), 위험(1)"
반도체제조,LM1903060215_19v4_반도체_유틸리티_운영,80,3,구체적 대책,아니오,"안전 54건 [안전(19), 주의(10), 진동(9), 위험(6), 화학물질(4)] + 조치 16건 [방지(6), 대처(3), 환기(2), 차단(2), 예방(1)]"
반도체제조,LM1903060215_19v4_반도체_유틸리티_운영,81,3,구체적 대책,아니오,"안전 35건 [안전(9), 위험(6), 폭발(4), 먼지(4), 사고(2)] + 조치 14건 [차단(10), 방지(2), 예방(1), 대피(1)]"
반도체제조,LM1903060215_19v4_반도체_유틸리티_운영,82,1,미흡·없음,아니오,"키워드 4건 (5건 이하): 폭발(2), 안전(1), 위험(1)"
반도체제조,LM1903060215_19v4_반도체_유틸리티_운영,84,2,형식적 언급,아니오,"안전 23건 [화학물질(7), 주의(5), 안전(4), 위험(4), 보호구(2)], 조치 3건 [착용(2), 방지(1)] (구체적 대책 미흡)"
반도체제조,LM1903060215_19v4_반도체_유틸리티_운영,85,2,형식적 언급,아니오,"안전 24건 [화학물질(11), 안전(4), 위험(3), 보호구(2), 주의(2)], 조치 3건 [착용(2), 안전관리(1)] (구체적 대책 미흡)"
반도체제조,LM1903060215_19v4_반도체_유틸리티_운영,86,2,형식적 언급,아니오,"안전 10건 [주의(3), 화학물질(2), 위험(2), 보호구(2), 안전(1)], 조치 3건 [착용(3)] (구체적 대책 미흡)"
반도체제조,LM1903060215_19v4_반도체_유틸리티_운영,87,2,형식적 언급,아니오,"안전 7건 [안전(3), 위험(1), 유해(1), 폭발(1), 유의 사항(1)], 조치 1건 [대피(1)] (구체적 대책 미흡)"
반도체제조,LM1903060215_19v4_반도체_유틸리티_운영,88,1,미흡·없음,아니오,키워드 2건 (5건 이하): 위험(2)
반도체제조,LM1903060215_19v4_반도체_유틸리티_운영,89,1,미흡·없음,아니오,"키워드 4건 (5건 이하): 안전(1), 감전(1), 유의 사항(1), 주의(1)"
반도체제조,LM1903060215_19v4_반도체_유틸리티_운영,93,2,형식적 언급,아니오,"안전 6건 [안전(2), MSDS(2), 화학물질(1), 주의(1)], 구체적 조치 언급 없음"
반도체제조,LM1903060215_19v4_반도체_유틸리티_운영,94,1,미흡·없음,아니오,"키워드 5건 (5건 이하): MSDS(2), 화학물질(1), 안전(1), 주의(1)"
반도체제조,LM1903060215_19v4_반도체_유틸리티_운영,95,1,미흡·없음,아니오,키워드 1건 (5건 이하): 안전(1)
반도체제조,LM1903060215_19v4_반도체_유틸리티_운영,96,2,형식적 언급,아니오,"안전 37건 [안전(15), MSDS(10), 화학물질(5), 위험(5), 화재(1)], 조치 4건 [안전관리(4)] (구체적 대책 미흡)"
반도체제조,LM1903060215_19v4_반도체_유틸리티_운영,98,2,형식적 언급,아니오,"안전 7건 [안전(2), 보건(2), 화학물질(1), MSDS(1), 물질안전보건자료(1)], 구체적 조치 언급 없음"
반도체제조,LM1903060216_19v4_반도체_클린룸_시설_운영,14,1,미흡·없음,아니오,키워드 3건 (5건 이하): 먼지(3)
반도체제조,LM1903060216_19v4_반도체_클린룸_시설_운영,15,1,미흡·없음,아니오,키워드 5건 (5건 이하): 먼지(5)
반도체제조,LM1903060216_19v4_반도체_클린룸_시설_운영,16,2,형식적 언급,아니오,"안전 7건 [먼지(7)], 구체적 조치 언급 없음"
반도체제조,LM1903060216_19v4_반도체_클린룸_시설_운영,18,1,미흡·없음,아니오,"키워드 3건 (5건 이하): 소음(1), 진동(1), 먼지(1)"
반도체제조,LM1903060216_19v4_반도체_클린룸_시설_운영,19,1,미흡·없음,아니오,"키워드 2건 (5건 이하): 안전(1), 먼지(1)"
반도체제조,LM1903060216_19v4_반도체_클린룸_시설_운영,20,2,형식적 언급,아니오,"안전 9건 [먼지(4), 안전(1), 보건(1), 소음(1), 진동(1)], 구체적 조치 언급 없음"
반도체제조,LM1903060216_19v4_반도체_클린룸_시설_운영,21,2,형식적 언급,아니오,"안전 9건 [안전(3), 유의 사항(2), 위험(1), 유해(1), 폭발(1)], 조치 1건 [대피(1)] (구체적 대책 미흡)"
반도체제조,LM1903060216_19v4_반도체_클린룸_시설_운영,22,1,미흡·없음,아니오,키워드 1건 (5건 이하): 먼지(1)
반도체제조,LM1903060216_19v4_반도체_클린룸_시설_운영,24,1,미흡·없음,아니오,"키워드 4건 (5건 이하): 주의(3), 분진(1)"
반도체제조,LM1903060216_19v4_반도체_클린룸_시설_운영,28,1,미흡·없음,아니오,"키워드 3건 (5건 이하): 화학물질(1), 진동(1), 주의(1)"
반도체제조,LM1903060216_19v4_반도체_클린룸_시설_운영,29,1,미흡·없음,아니오,"키워드 2건 (5건 이하): 소음(1), 진동(1)"
반도체제조,LM1903060216_19v4_반도체_클린룸_시설_운영,31,1,미흡·없음,아니오,키워드 2건 (5건 이하): 분진(2)
반도체제조,LM1903060216_19v4_반도체_클린룸_시설_운영,32,2,형식적 언급,아니오,"안전 7건 [안전(2), 주의(2), 화재(1), 누출(1), 분진(1)], 구체적 조치 언급 없음"
반도체제조,LM1903060216_19v4_반도체_클린룸_시설_운영,33,1,미흡·없음,아니오,키워드 1건 (5건 이하): 소음(1)
반도체제조,LM1903060216_19v4_반도체_클린룸_시설_운영,34,2,형식적 언급,아니오,"안전 7건 [분진(4), 소음(1), 진동(1), 먼지(1)], 구체적 조치 언급 없음"
반도체제조,LM1903060216_19v4_반도체_클린룸_시설_운영,36,2,형식적 언급,아니오,"안전 9건 [소음(4), 안전(1), 보건(1), 진동(1), 먼지(1)], 구체적 조치 언급 없음"
반도체제조,LM1903060216_19v4_반도체_클린룸_시설_운영,37,2,형식적 언급,아니오,"안전 8건 [안전(3), 위험(1), 유해(1), 폭발(1), 작업환경(1)], 조치 1건 [대피(1)] (구체적 대책 미흡)"
반도체제조,LM1903060216_19v4_반도체_클린룸_시설_운영,42,2,형식적 언급,아니오,"안전 11건 [소음(11)], 구체적 조치 언급 없음"
반도체제조,LM1903060216_19v4_반도체_클린룸_시설_운영,43,1,미흡·없음,아니오,"키워드 2건 (5건 이하): 소음(1), 주의(1)"
반도체제조,LM1903060216_19v4_반도체_클린룸_시설_운영,44,1,미흡·없음,아니오,키워드 1건 (5건 이하): 먼지(1)
반도체제조,LM1903060216_19v4_반도체_클린룸_시설_운영,49,1,미흡·없음,아니오,"키워드 3건 (5건 이하): 안전(1), 소음(1), 먼지(1)"
반도체제조,LM1903060216_19v4_반도체_클린룸_시설_운영,50,1,미흡·없음,아니오,"키워드 2건 (5건 이하): 화학물질(1), 보건(1)"
반도체제조,LM1903060216_19v4_반도체_클린룸_시설_운영,53,1,미흡·없음,아니오,키워드 1건 (5건 이하): 진동(1)
반도체제조,LM1903060216_19v4_반도체_클린룸_시설_운영,54,2,형식적 언급,아니오,"안전 14건 [안전(4), 유의 사항(2), 보건(1), 위험(1), 유해(1)], 조치 1건 [대피(1)] (구체적 대책 미흡)"
반도체제조,LM1903060216_19v4_반도체_클린룸_시설_운영,55,1,미흡·없음,아니오,"키워드 5건 (5건 이하): 분진(2), 화학물질(1), 진동(1), 주의(1)"
반도체제조,LM1903060216_19v4_반도체_클린룸_시설_운영,56,2,형식적 언급,아니오,"안전 6건 [화학물질(1), 안전(1), 보건(1), 화재(1), 소음(1)], 조치 3건 [방지(1), 환기(1), 차단(1)] (구체적 대책 미흡)"
반도체제조,LM1903060216_19v4_반도체_클린룸_시설_운영,57,1,미흡·없음,아니오,"키워드 2건 (5건 이하): 진동(1), 주의(1)"
반도체제조,LM1903060216_19v4_반도체_클린룸_시설_운영,59,1,미흡·없음,아니오,"키워드 3건 (5건 이하): 소음(1), 진동(1), 주의(1)"
반도체제조,LM1903060216_19v4_반도체_클린룸_시설_운영,62,1,미흡·없음,아니오,키워드 1건 (5건 이하): 안전(1)
반도체제조,LM1903060216_19v4_반도체_클린룸_시설_운영,63,1,미흡·없음,아니오,키워드 1건 (5건 이하): 먼지(1)
반도체제조,LM1903060216_19v4_반도체_클린룸_시설_운영,64,1,미흡·없음,아니오,키워드 1건 (5건 이하): 먼지(1)
반도체제조,LM1903060216_19v4_반도체_클린룸_시설_운영,66,2,형식적 언급,아니오,"안전 14건 [안전(4), 먼지(2), 보건(1), 위험(1), 유해(1)], 조치 2건 [방지(1), 대피(1)] (구체적 대책 미흡)"
반도체제조,LM1903060216_19v4_반도체_클린룸_시설_운영,67,1,미흡·없음,아니오,"키워드 5건 (5건 이하): 유해(1), 누출(1), 진동(1), 작업환경(1), 유의 사항(1)"
반도체제조,LM1903060216_19v4_반도체_클린룸_시설_운영,68,1,미흡·없음,아니오,키워드 1건 (5건 이하): 먼지(1)
반도체제조,LM1903060216_19v4_반도체_클린룸_시설_운영,71,1,미흡·없음,아니오,"키워드 3건 (5건 이하): 유해(2), 화학물질(1)"
반도체제조,LM1903060216_19v4_반도체_클린룸_시설_운영,72,3,구체적 대책,아니오,"안전 9건 [먼지(6), 주의(2), 분진(1)] + 조치 14건 [방지(8), 환기(5), 차단(1)]"
반도체제조,LM1903060216_19v4_반도체_클린룸_시설_운영,74,2,형식적 언급,아니오,"안전 11건 [안전(3), 보건(1), 위험(1), 유해(1), 폭발(1)], 구체적 조치 언급 없음"
반도체제조,LM1903060216_19v4_반도체_클린룸_시설_운영,75,3,구체적 대책,아니오,"안전 7건 [주의(3), 먼지(1), 분진(1), 작업환경(1), 유의 사항(1)] + 조치 7건 [방지(6), 착용(1)]"
반도체제조,LM1903060216_19v4_반도체_클린룸_시설_운영,76,2,형식적 언급,아니오,"안전 6건 [먼지(4), 분진(1), 주의(1)], 조치 3건 [환기(2), 방지(1)] (구체적 대책 미흡)"
반도체제조,LM1903060216_19v4_반도체_클린룸_시설_운영,81,1,미흡·없음,아니오,"키워드 3건 (5건 이하): 안전(2), 보건(1)"
반도체제조,LM1903060216_19v4_반도체_클린룸_시설_운영,83,1,미흡·없음,아니오,"키워드 4건 (5건 이하): 분진(2), 주의(2)"
반도체제조,LM1903060216_19v4_반도체_클린룸_시설_운영,84,1,미흡·없음,아니오,키워드 1건 (5건 이하): 안전(1)
반도체제조,LM1903060216_19v4_반도체_클린룸_시설_운영,87,1,미흡·없음,아니오,키워드 1건 (5건 이하): 먼지(1)
반도체제조,LM1903060216_19v4_반도체_클린룸_시설_운영,91,1,미흡·없음,아니오,"키워드 3건 (5건 이하): 주의(2), 안전(1)"
반도체제조,LM1903060216_19v4_반도체_클린룸_시설_운영,95,1,미흡·없음,아니오,키워드 1건 (5건 이하): 보건(1)
반도체제조,LM1903060216_19v4_반도체_클린룸_시설_운영,97,1,미흡·없음,아니오,"키워드 5건 (5건 이하): 유해(3), 먼지(2)"
반도체장비,LM1903060301_18v2_반도체_장비_콘셉트_설계,18,1,미흡·없음,아니오,"키워드 2건 (5건 이하): 안전(1), 유의 사항(1)"
반도체장비,LM1903060301_18v2_반도체_장비_콘셉트_설계,23,1,미흡·없음,아니오,"키워드 2건 (5건 이하): 안전(1), 유의 사항(1)"
반도체장비,LM1903060301_18v2_반도체_장비_콘셉트_설계,26,1,미흡·없음,아니오,"키워드 3건 (5건 이하): 주의(2), 위험(1)"
반도체장비,LM1903060301_18v2_반도체_장비_콘셉트_설계,28,1,미흡·없음,아니오,"키워드 3건 (5건 이하): 안전(1), 위험(1), 유의 사항(1)"
반도체장비,LM1903060301_18v2_반도체_장비_콘셉트_설계,30,1,미흡·없음,아니오,"키워드 2건 (5건 이하): 안전(1), 유의 사항(1)"
반도체장비,LM1903060301_18v2_반도체_장비_콘셉트_설계,41,1,미흡·없음,아니오,"키워드 2건 (5건 이하): 안전(1), 유의 사항(1)"
반도체장비,LM1903060301_18v2_반도체_장비_콘셉트_설계,46,1,미흡·없음,아니오,"키워드 3건 (5건 이하): 안전(1), 유의 사항(1), 주의(1)"
반도체장비,LM1903060301_18v2_반도체_장비_콘셉트_설계,50,1,미흡·없음,아니오,"키워드 2건 (5건 이하): 안전(1), 유의 사항(1)"
반도체장비,LM1903060301_18v2_반도체_장비_콘셉트_설계,57,1,미흡·없음,아니오,키워드 1건 (5건 이하): 진동(1)
반도체장비,LM1903060301_18v2_반도체_장비_콘셉트_설계,60,1,미흡·없음,아니오,"키워드 2건 (5건 이하): 안전(1), 유의 사항(1)"
반도체장비,LM1903060301_18v2_반도체_장비_콘셉트_설계,65,1,미흡·없음,아니오,"키워드 2건 (5건 이하): 안전(1), 유의 사항(1)"
반도체장비,LM1903060301_18v2_반도체_장비_콘셉트_설계,69,1,미흡·없음,아니오,"키워드 4건 (5건 이하): 안전(2), 사고(1), 누출(1)"
반도체장비,LM1903060301_18v2_반도체_장비_콘셉트_설계,71,2,형식적 언급,아니오,"안전 6건 [안전(3), 사고(1), 누출(1), 유의사항(1)], 조치 1건 [마스크(1)] (구체적 대책 미흡)"
반도체장비,LM1903060302_18v2_반도체_장비_주요부_기구_설계,57,3,구체적 대책,아니오,"안전 45건 [안전(27), 진동(13), 끼임(2), 주의(2), 유의 사항(1)] + 조치 28건 [마스크(19), 안전장치(3), 안전조치(2), 안전관리(2), 방지(1)]"
반도체장비,LM1903060302_18v2_반도체_장비_주요부_기구_설계,58,2,형식적 언급,아니오,"안전 16건 [진동(10), 안전(4), 위험(1), 유의 사항(1)], 조치 2건 [마스크(2)] (구체적 대책 미흡)"
반도체장비,LM1903060302_18v2_반도체_장비_주요부_기구_설계,67,1,미흡·없음,아니오,"키워드 2건 (5건 이하): 안전(1), 유의 사항(1)"
반도체장비,LM1903060302_18v2_반도체_장비_주요부_기구_설계,71,1,미흡·없음,아니오,"키워드 3건 (5건 이하): 안전(2), 위험(1)"
반도체장비,LM1903060303_18v2_반도체_장비_주변부_기구_설계,18,1,미흡·없음,아니오,키워드 1건 (5건 이하): 안전(1)
반도체장비,LM1903060303_18v2_반도체_장비_주변부_기구_설계,19,1,미흡·없음,아니오,키워드 1건 (5건 이하): 인화(1)
반도체장비,LM1903060303_18v2_반도체_장비_주변부_기구_설계,21,1,미흡·없음,아니오,키워드 1건 (5건 이하): 진동(1)
반도체장비,LM1903060303_18v2_반도체_장비_주변부_기구_설계,23,1,미흡·없음,아니오,키워드 1건 (5건 이하): 안전(1)
반도체장비,LM1903060303_18v2_반도체_장비_주변부_기구_설계,26,1,미흡·없음,아니오,키워드 1건 (5건 이하): 안전(1)
반도체장비,LM1903060303_18v2_반도체_장비_주변부_기구_설계,27,1,미흡·없음,아니오,키워드 1건 (5건 이하): 진동(1)
반도체장비,LM1903060303_18v2_반도체_장비_주변부_기구_설계,28,1,미흡·없음,아니오,키워드 1건 (5건 이하): 안전(1)
반도체장비,LM1903060303_18v2_반도체_장비_주변부_기구_설계,29,1,미흡·없음,아니오,"키워드 2건 (5건 이하): 안전(1), 유의 사항(1)"
반도체장비,LM1903060303_18v2_반도체_장비_주변부_기구_설계,48,1,미흡·없음,아니오,"키워드 2건 (5건 이하): 안전(1), 유의 사항(1)"
반도체장비,LM1903060303_18v2_반도체_장비_주변부_기구_설계,53,1,미흡·없음,아니오,"키워드 3건 (5건 이하): 위험(2), 안전(1)"
반도체장비,LM1903060303_18v2_반도체_장비_주변부_기구_설계,55,1,미흡·없음,아니오,키워드 1건 (5건 이하): 안전(1)
반도체장비,LM1903060303_18v2_반도체_장비_주변부_기구_설계,65,1,미흡·없음,아니오,"키워드 3건 (5건 이하): 안전(2), 유의 사항(1)"
반도체장비,LM1903060303_18v2_반도체_장비_주변부_기구_설계,67,1,미흡·없음,아니오,"키워드 2건 (5건 이하): 안전(1), 위험(1)"
반도체장비,LM1903060305_18v2_반도체_장비_시스템_소프트웨어_개발,25,1,미흡·없음,아니오,"키워드 2건 (5건 이하): 안전(1), 유의 사항(1)"
반도체장비,LM1903060305_18v2_반도체_장비_시스템_소프트웨어_개발,35,1,미흡·없음,아니오,키워드 1건 (5건 이하): 안전(1)
반도체장비,LM1903060305_18v2_반도체_장비_시스템_소프트웨어_개발,48,1,미흡·없음,아니오,키워드 1건 (5건 이하): 안전(1)
반도체장비,LM1903060305_18v2_반도체_장비_시스템_소프트웨어_개발,52,1,미흡·없음,아니오,"키워드 2건 (5건 이하): 안전(1), 유의 사항(1)"
반도체장비,LM1903060305_18v2_반도체_장비_시스템_소프트웨어_개발,57,1,미흡·없음,아니오,"키워드 4건 (5건 이하): 누출(2), 사고(1), 안전(1)"
반도체장비,LM1903060305_18v2_반도체_장비_시스템_소프트웨어_개발,58,1,미흡·없음,아니오,키워드 1건 (5건 이하): 안전(1)
반도체장비,LM1903060305_18v2_반도체_장비_시스템_소프트웨어_개발,62,1,미흡·없음,아니오,키워드 1건 (5건 이하): 사망(1)
반도체장비,LM1903060305_18v2_반도체_장비_시스템_소프트웨어_개발,64,1,미흡·없음,아니오,"키워드 2건 (5건 이하): 안전(1), 유의 사항(1)"
반도체장비,LM1903060305_18v2_반도체_장비_시스템_소프트웨어_개발,72,1,미흡·없음,아니오,"키워드 3건 (5건 이하): 주의(2), 안전(1)"
반도체장비,LM1903060305_18v2_반도체_장비_시스템_소프트웨어_개발,75,1,미흡·없음,아니오,키워드 1건 (5건 이하): 안전(1)
반도체장비,LM1903060307_18v2_반도체_장비_전장_설계,17,1,미흡·없음,아니오,"키워드 2건 (5건 이하): 사고(1), 안전(1)"
반도체장비,LM1903060307_18v2_반도체_장비_전장_설계,21,2,형식적 언급,아니오,"안전 6건 [안전(4), 사고(1), 위험(1)], 구체적 조치 언급 없음"
반도체장비,LM1903060307_18v2_반도체_장비_전장_설계,22,1,미흡·없음,아니오,"키워드 4건 (5건 이하): 안전(3), 유의 사항(1)"
반도체장비,LM1903060307_18v2_반도체_장비_전장_설계,30,1,미흡·없음,아니오,"키워드 3건 (5건 이하): 사고(1), 화재(1), 감전(1)"
반도체장비,LM1903060307_18v2_반도체_장비_전장_설계,31,3,구체적 대책,아니오,"안전 11건 [감전(5), 주의(3), 사고(1), 위험(1), 화재(1)] + 조치 12건 [차단(10), 방지(2)]"
반도체장비,LM1903060307_18v2_반도체_장비_전장_설계,36,1,미흡·없음,아니오,"키워드 2건 (5건 이하): 안전(1), 주의(1)"
반도체장비,LM1903060307_18v2_반도체_장비_전장_설계,37,1,미흡·없음,아니오,키워드 1건 (5건 이하): 소음(1)
반도체장비,LM1903060307_18v2_반도체_장비_전장_설계,41,1,미흡·없음,아니오,"키워드 4건 (5건 이하): 안전(3), 유의 사항(1)"
반도체장비,LM1903060307_18v2_반도체_장비_전장_설계,45,1,미흡·없음,아니오,키워드 1건 (5건 이하): 안전(1)
반도체장비,LM1903060307_18v2_반도체_장비_전장_설계,46,2,형식적 언급,아니오,"안전 15건 [안전(8), 보건(5), 위험(2)], 구체적 조치 언급 없음"
반도체장비,LM1903060307_18v2_반도체_장비_전장_설계,47,2,형식적 언급,아니오,"안전 18건 [위험(12), 안전(5), 보건(1)], 구체적 조치 언급 없음"
반도체장비,LM1903060307_18v2_반도체_장비_전장_설계,48,2,형식적 언급,아니오,"안전 8건 [위험(4), 안전(2), 화학물질(1), 화재(1)], 조치 2건 [차단(1), 격리(1)] (구체적 대책 미흡)"
반도체장비,LM1903060307_18v2_반도체_장비_전장_설계,49,1,미흡·없음,아니오,"키워드 3건 (5건 이하): 유해(2), 방사선(1)"
반도체장비,LM1903060307_18v2_반도체_장비_전장_설계,50,2,형식적 언급,아니오,"안전 7건 [안전(3), 소음(3), 사고(1)], 조치 1건 [예방(1)] (구체적 대책 미흡)"
반도체장비,LM1903060307_18v2_반도체_장비_전장_설계,61,1,미흡·없음,아니오,"키워드 2건 (5건 이하): 안전(1), 유의 사항(1)"
반도체장비,LM1903060307_18v2_반도체_장비_전장_설계,65,1,미흡·없음,아니오,키워드 1건 (5건 이하): 안전(1)
반도체장비,LM1903060308_18v2_반도체_장비_생산_외주관리,18,1,미흡·없음,아니오,"키워드 2건 (5건 이하): 안전(1), 유의 사항(1)"
반도체장비,LM1903060308_18v2_반도체_장비_생산_외주관리,74,2,형식적 언급,아니오,"안전 11건 [주의(4), 안전(3), 유의 사항(3), 사고(1)], 조치 2건 [방지(1), 조치사항(1)] (구체적 대책 미흡)"
반도체장비,LM1903060308_18v2_반도체_장비_생산_외주관리,75,3,구체적 대책,아니오,"안전 31건 [안전(19), 유의 사항(4), 위험(3), 주의(3), 유해(1)] + 조치 19건 [방지(9), 격리(4), 조치사항(4), 대처(2)]"
반도체장비,LM1903060313_18v2_반도체_장비_고객_지원,21,1,미흡·없음,아니오,"키워드 4건 (5건 이하): 안전(1), 누출(1), 진동(1), 유의 사항(1)"
반도체장비,LM1903060313_18v2_반도체_장비_고객_지원,22,1,미흡·없음,아니오,"키워드 3건 (5건 이하): 안전(2), 사고(1)"
반도체장비,LM1903060313_18v2_반도체_장비_고객_지원,23,1,미흡·없음,아니오,"키워드 2건 (5건 이하): 소음(1), 진동(1)"
반도체장비,LM1903060313_18v2_반도체_장비_고객_지원,28,1,미흡·없음,아니오,"키워드 4건 (5건 이하): 사고(3), 안전(1)"
반도체장비,LM1903060313_18v2_반도체_장비_고객_지원,32,1,미흡·없음,아니오,"키워드 2건 (5건 이하): 사고(1), 안전(1)"
반도체장비,LM1903060313_18v2_반도체_장비_고객_지원,33,1,미흡·없음,아니오,"키워드 5건 (5건 이하): 안전(4), 주의(1)"
반도체장비,LM1903060313_18v2_반도체_장비_고객_지원,35,2,형식적 언급,아니오,"안전 6건 [안전(2), 사고(1), 누출(1), 진동(1), 유의 사항(1)], 구체적 조치 언급 없음"
반도체장비,LM1903060313_18v2_반도체_장비_고객_지원,36,1,미흡·없음,아니오,"키워드 2건 (5건 이하): 안전(1), 주의(1)"
반도체장비,LM1903060313_18v2_반도체_장비_고객_지원,42,1,미흡·없음,아니오,"키워드 4건 (5건 이하): 안전(1), 누출(1), 진동(1), 유의 사항(1)"
반도체장비,LM1903060313_18v2_반도체_장비_고객_지원,43,2,형식적 언급,아니오,"안전 7건 [안전(7)], 조치 1건 [안전관리(1)] (구체적 대책 미흡)"
반도체장비,LM1903060313_18v2_반도체_장비_고객_지원,44,1,미흡·없음,아니오,키워드 1건 (5건 이하): 안전(1)
반도체장비,LM1903060313_18v2_반도체_장비_고객_지원,45,1,미흡·없음,아니오,키워드 2건 (5건 이하): 진동(2)
반도체장비,LM1903060313_18v2_반도체_장비_고객_지원,46,2,형식적 언급,아니오,"안전 14건 [안전(11), 사고(3)], 조치 2건 [안전수칙(1), 안전교육(1)] (구체적 대책 미흡)"
반도체장비,LM1903060313_18v2_반도체_장비_고객_지원,47,1,미흡·없음,아니오,"키워드 3건 (5건 이하): 안전(2), 사고(1)"
반도체장비,LM1903060313_18v2_반도체_장비_고객_지원,52,1,미흡·없음,아니오,"키워드 2건 (5건 이하): 누출(1), 진동(1)"
반도체장비,LM1903060313_18v2_반도체_장비_고객_지원,53,1,미흡·없음,아니오,"키워드 3건 (5건 이하): 사고(1), 안전(1), 유의 사항(1)"
반도체장비,LM1903060313_18v2_반도체_장비_고객_지원,58,1,미흡·없음,아니오,키워드 1건 (5건 이하): 위험(1)
반도체장비,LM1903060313_18v2_반도체_장비_고객_지원,60,1,미흡·없음,아니오,"키워드 3건 (5건 이하): 사고(1), 안전(1), 유의 사항(1)"
반도체장비,LM1903060314_18v2_LM1903060315_18v2_반도체_장비_보드_설계,20,1,미흡·없음,아니오,"키워드 2건 (5건 이하): 안전(1), 유의 사항(1)"
반도체장비,LM1903060314_18v2_LM1903060315_18v2_반도체_장비_보드_설계,29,1,미흡·없음,아니오,"키워드 2건 (5건 이하): 안전(1), 유의 사항(1)"
반도체장비,LM1903060314_18v2_LM1903060315_18v2_반도체_장비_보드_설계,34,1,미흡·없음,아니오,"키워드 3건 (5건 이하): 안전(1), 유의 사항(1), 주의(1)"
반도체장비,LM1903060314_18v2_LM1903060315_18v2_반도체_장비_보드_설계,36,1,미흡·없음,아니오,키워드 2건 (5건 이하): 진동(2)
반도체장비,LM1903060314_18v2_LM1903060315_18v2_반도체_장비_보드_설계,48,1,미흡·없음,아니오,"키워드 3건 (5건 이하): 안전(1), 유해(1), 유의 사항(1)"
반도체장비,LM1903060314_18v2_LM1903060315_18v2_반도체_장비_보드_설계,58,1,미흡·없음,아니오,"키워드 2건 (5건 이하): 안전(1), 유의 사항(1)"
반도체장비,LM1903060314_18v2_LM1903060315_18v2_반도체_장비_보드_설계,67,1,미흡·없음,아니오,"키워드 2건 (5건 이하): 안전(1), 유의 사항(1)"
반도체장비,LM1903060314_18v2_LM1903060315_18v2_반도체_장비_보드_설계,74,1,미흡·없음,아니오,"키워드 2건 (5건 이하): 안전(1), 유의 사항(1)"
반도체장비,LM1903060316_18v2_LM1903060317_18v2_반도체_장비_유틸리티_소프트웨어_개발,20,1,미흡·없음,아니오,"키워드 2건 (5건 이하): 사고(1), 화재(1)"
반도체장비,LM1903060316_18v2_LM1903060317_18v2_반도체_장비_유틸리티_소프트웨어_개발,22,1,미흡·없음,아니오,"키워드 2건 (5건 이하): 안전(1), 유의 사항(1)"
반도체장비,LM1903060316_18v2_LM1903060317_18v2_반도체_장비_유틸리티_소프트웨어_개발,23,1,미흡·없음,아니오,"키워드 3건 (5건 이하): 안전(2), 위험(1)"
반도체장비,LM1903060316_18v2_LM1903060317_18v2_반도체_장비_유틸리티_소프트웨어_개발,24,1,미흡·없음,아니오,키워드 1건 (5건 이하): 위험(1)
반도체장비,LM1903060316_18v2_LM1903060317_18v2_반도체_장비_유틸리티_소프트웨어_개발,27,1,미흡·없음,아니오,키워드 1건 (5건 이하): 위험(1)
반도체장비,LM1903060316_18v2_LM1903060317_18v2_반도체_장비_유틸리티_소프트웨어_개발,29,1,미흡·없음,아니오,키워드 1건 (5건 이하): 안전(1)
반도체장비,LM1903060316_18v2_LM1903060317_18v2_반도체_장비_유틸리티_소프트웨어_개발,31,1,미흡·없음,아니오,키워드 1건 (5건 이하): 안전(1)
반도체장비,LM1903060316_18v2_LM1903060317_18v2_반도체_장비_유틸리티_소프트웨어_개발,35,1,미흡·없음,아니오,키워드 1건 (5건 이하): 먼지(1)
반도체장비,LM1903060316_18v2_LM1903060317_18v2_반도체_장비_유틸리티_소프트웨어_개발,38,1,미흡·없음,아니오,"키워드 2건 (5건 이하): 안전(1), 유의 사항(1)"
반도체장비,LM1903060316_18v2_LM1903060317_18v2_반도체_장비_유틸리티_소프트웨어_개발,40,1,미흡·없음,아니오,키워드 1건 (5건 이하): 안전(1)
반도체장비,LM1903060316_18v2_LM1903060317_18v2_반도체_장비_유틸리티_소프트웨어_개발,42,1,미흡·없음,아니오,키워드 1건 (5건 이하): 안전(1)
반도체장비,LM1903060316_18v2_LM1903060317_18v2_반도체_장비_유틸리티_소프트웨어_개발,47,1,미흡·없음,아니오,"키워드 2건 (5건 이하): 안전(1), 위험(1)"
반도체장비,LM1903060316_18v2_LM1903060317_18v2_반도체_장비_유틸리티_소프트웨어_개발,50,1,미흡·없음,아니오,"키워드 2건 (5건 이하): 안전(1), 유의 사항(1)"
반도체장비,LM1903060316_18v2_LM1903060317_18v2_반도체_장비_유틸리티_소프트웨어_개발,57,1,미흡·없음,아니오,키워드 1건 (5건 이하): 안전(1)
반도체장비,LM1903060316_18v2_LM1903060317_18v2_반도체_장비_유틸리티_소프트웨어_개발,66,1,미흡·없음,아니오,"키워드 2건 (5건 이하): 안전(1), 유의 사항(1)"
반도체장비,LM1903060316_18v2_LM1903060317_18v2_반도체_장비_유틸리티_소프트웨어_개발,70,1,미흡·없음,아니오,키워드 1건 (5건 이하): 안전(1)
반도체장비,LM1903060318_18v2_LM1903060319_18v2_반도체_장비_시제품_성능평가,16,1,미흡·없음,아니오,키워드 1건 (5건 이하): 안전(1)
반도체장비,LM1903060318_18v2_LM1903060319_18v2_반도체_장비_시제품_성능평가,19,1,미흡·없음,아니오,키워드 1건 (5건 이하): 안전(1)
반도체장비,LM1903060318_18v2_LM1903060319_18v2_반도체_장비_시제품_성능평가,24,1,미흡·없음,아니오,키워드 1건 (5건 이하): 진동(1)
반도체장비,LM1903060318_18v2_LM1903060319_18v2_반도체_장비_시제품_성능평가,27,1,미흡·없음,아니오,"키워드 3건 (5건 이하): 사고(1), 안전(1), 유의 사항(1)"
반도체장비,LM1903060318_18v2_LM1903060319_18v2_반도체_장비_시제품_성능평가,28,1,미흡·없음,아니오,"키워드 3건 (5건 이하): 안전(1), 위험(1), 주의(1)"
반도체장비,LM1903060318_18v2_LM1903060319_18v2_반도체_장비_시제품_성능평가,29,2,형식적 언급,아니오,"안전 6건 [안전(4), 사고(1), 진동(1)], 조치 1건 [방지(1)] (구체적 대책 미흡)"
반도체장비,LM1903060318_18v2_LM1903060319_18v2_반도체_장비_시제품_성능평가,30,1,미흡·없음,아니오,"키워드 3건 (5건 이하): 안전(1), 위험(1), 누출(1)"
반도체장비,LM1903060318_18v2_LM1903060319_18v2_반도체_장비_시제품_성능평가,31,1,미흡·없음,아니오,"키워드 4건 (5건 이하): 사고(1), 안전(1), 위험(1), 진동(1)"
반도체장비,LM1903060318_18v2_LM1903060319_18v2_반도체_장비_시제품_성능평가,32,2,형식적 언급,아니오,"안전 6건 [안전(3), 진동(3)], 조치 2건 [방지(2)] (구체적 대책 미흡)"
반도체장비,LM1903060318_18v2_LM1903060319_18v2_반도체_장비_시제품_성능평가,33,1,미흡·없음,아니오,"키워드 4건 (5건 이하): 안전(3), 위험(1)"
반도체장비,LM1903060318_18v2_LM1903060319_18v2_반도체_장비_시제품_성능평가,35,1,미흡·없음,아니오,"키워드 2건 (5건 이하): 위험(1), 주의(1)"
반도체장비,LM1903060318_18v2_LM1903060319_18v2_반도체_장비_시제품_성능평가,36,2,형식적 언급,아니오,"안전 7건 [안전(4), 누출(1), 유의 사항(1), 주의(1)], 구체적 조치 언급 없음"
반도체장비,LM1903060318_18v2_LM1903060319_18v2_반도체_장비_시제품_성능평가,37,2,형식적 언급,아니오,"안전 10건 [안전(9), 사고(1)], 조치 4건 [방지(1), 차단(1), 착용(1), 대피(1)] (구체적 대책 미흡)"
반도체장비,LM1903060318_18v2_LM1903060319_18v2_반도체_장비_시제품_성능평가,38,2,형식적 언급,아니오,"안전 8건 [안전(8)], 조치 1건 [차단(1)] (구체적 대책 미흡)"
반도체장비,LM1903060318_18v2_LM1903060319_18v2_반도체_장비_시제품_성능평가,39,1,미흡·없음,아니오,"키워드 5건 (5건 이하): 안전(4), 위험(1)"
반도체장비,LM1903060318_18v2_LM1903060319_18v2_반도체_장비_시제품_성능평가,41,1,미흡·없음,아니오,키워드 1건 (5건 이하): 위험(1)
반도체장비,LM1903060318_18v2_LM1903060319_18v2_반도체_장비_시제품_성능평가,43,2,형식적 언급,아니오,"안전 6건 [안전(3), 사고(1), 감전(1), 유의 사항(1)], 조치 1건 [차단(1)] (구체적 대책 미흡)"
반도체장비,LM1903060318_18v2_LM1903060319_18v2_반도체_장비_시제품_성능평가,44,1,미흡·없음,아니오,"키워드 4건 (5건 이하): 사고(2), 안전(2)"
반도체장비,LM1903060318_18v2_LM1903060319_18v2_반도체_장비_시제품_성능평가,47,1,미흡·없음,아니오,키워드 2건 (5건 이하): 안전(2)
반도체장비,LM1903060318_18v2_LM1903060319_18v2_반도체_장비_시제품_성능평가,48,1,미흡·없음,아니오,키워드 1건 (5건 이하): 안전(1)
반도체장비,LM1903060318_18v2_LM1903060319_18v2_반도체_장비_시제품_성능평가,49,1,미흡·없음,아니오,키워드 5건 (5건 이하): 안전(5)
반도체장비,LM1903060318_18v2_LM1903060319_18v2_반도체_장비_시제품_성능평가,55,1,미흡·없음,아니오,"키워드 4건 (5건 이하): 안전(2), 사고(1), 유의 사항(1)"
반도체장비,LM1903060318_18v2_LM1903060319_18v2_반도체_장비_시제품_성능평가,56,2,형식적 언급,아니오,"안전 6건 [안전(3), 사고(1), 감전(1), 유의 사항(1)], 조치 3건 [예방(2), 차단(1)] (구체적 대책 미흡)"
반도체장비,LM1903060318_18v2_LM1903060319_18v2_반도체_장비_시제품_성능평가,60,1,미흡·없음,아니오,"키워드 3건 (5건 이하): 안전(2), 유의 사항(1)"
반도체장비,LM1903060318_18v2_LM1903060319_18v2_반도체_장비_시제품_성능평가,62,1,미흡·없음,아니오,키워드 1건 (5건 이하): 안전(1)
반도체장비,LM1903060318_18v2_LM1903060319_18v2_반도체_장비_시제품_성능평가,63,1,미흡·없음,아니오,키워드 1건 (5건 이하): 안전(1)
반도체장비,LM1903060318_18v2_LM1903060319_18v2_반도체_장비_시제품_성능평가,68,1,미흡·없음,아니오,"키워드 3건 (5건 이하): 안전(2), 유의 사항(1)"
반도체장비,LM1903060318_18v2_LM1903060319_18v2_반도체_장비_시제품_성능평가,72,2,형식적 언급,아니오,"안전 6건 [안전(3), MSDS(1), 유의 사항(1), 주의(1)], 구체적 조치 언급 없음"
반도체장비,LM1903060318_18v2_LM1903060319_18v2_반도체_장비_시제품_성능평가,75,1,미흡·없음,아니오,키워드 2건 (5건 이하): 안전(2)
반도체장비,LM1903060318_18v2_LM1903060319_18v2_반도체_장비_시제품_성능평가,82,1,미흡·없음,아니오,"키워드 3건 (5건 이하): 안전(2), 유의 사항(1)"
반도체장비,LM1903060318_18v2_LM1903060319_18v2_반도체_장비_시제품_성능평가,86,1,미흡·없음,아니오,"키워드 2건 (5건 이하): 안전(1), 유의 사항(1)"
반도체장비,LM1903060318_18v2_LM1903060319_18v2_반도체_장비_시제품_성능평가,90,1,미흡·없음,아니오,키워드 2건 (5건 이하): 안전(2)
반도체장비,LM1903060320_18v2_LM1903060321_18v2_반도체_장비_품질관리,16,1,미흡·없음,아니오,키워드 1건 (5건 이하): 안전(1)
반도체장비,LM1903060320_18v2_LM1903060321_18v2_반도체_장비_품질관리,17,1,미흡·없음,아니오,키워드 1건 (5건 이하): 위험(1)
반도체장비,LM1903060320_18v2_LM1903060321_18v2_반도체_장비_품질관리,20,1,미흡·없음,아니오,"키워드 4건 (5건 이하): 안전(1), 유해(1), 유의 사항(1), 주의(1)"
반도체장비,LM1903060320_18v2_LM1903060321_18v2_반도체_장비_품질관리,28,1,미흡·없음,아니오,키워드 1건 (5건 이하): 안전(1)
반도체장비,LM1903060320_18v2_LM1903060321_18v2_반도체_장비_품질관리,31,1,미흡·없음,아니오,"키워드 3건 (5건 이하): 안전(2), 유의 사항(1)"
반도체장비,LM1903060320_18v2_LM1903060321_18v2_반도체_장비_품질관리,32,1,미흡·없음,아니오,"키워드 3건 (5건 이하): 유해(2), 안전(1)"
반도체장비,LM1903060320_18v2_LM1903060321_18v2_반도체_장비_품질관리,34,1,미흡·없음,아니오,키워드 1건 (5건 이하): 위험(1)
반도체장비,LM1903060320_18v2_LM1903060321_18v2_반도체_장비_품질관리,35,1,미흡·없음,아니오,"키워드 2건 (5건 이하): 안전(1), 유의 사항(1)"
반도체장비,LM1903060320_18v2_LM1903060321_18v2_반도체_장비_품질관리,36,1,미흡·없음,아니오,"키워드 5건 (5건 이하): 안전(4), 사고(1)"
반도체장비,LM1903060320_18v2_LM1903060321_18v2_반도체_장비_품질관리,42,1,미흡·없음,아니오,키워드 1건 (5건 이하): 안전(1)
반도체장비,LM1903060320_18v2_LM1903060321_18v2_반도체_장비_품질관리,43,1,미흡·없음,아니오,"키워드 5건 (5건 이하): 안전(3), 사고(1), 유의 사항(1)"
반도체장비,LM1903060320_18v2_LM1903060321_18v2_반도체_장비_품질관리,49,1,미흡·없음,아니오,"키워드 2건 (5건 이하): 안전(1), 유의 사항(1)"
반도체장비,LM1903060320_18v2_LM1903060321_18v2_반도체_장비_품질관리,50,1,미흡·없음,아니오,"키워드 2건 (5건 이하): 안전(1), 진동(1)"
반도체장비,LM1903060320_18v2_LM1903060321_18v2_반도체_장비_품질관리,55,1,미흡·없음,아니오,"키워드 2건 (5건 이하): 안전(1), 유의 사항(1)"
반도체장비,LM1903060320_18v2_LM1903060321_18v2_반도체_장비_품질관리,62,1,미흡·없음,아니오,"키워드 5건 (5건 이하): 사고(1), 안전(1), 위험(1), 소음(1), 유의 사항(1)"
반도체장비,LM1903060320_18v2_LM1903060321_18v2_반도체_장비_품질관리,67,2,형식적 언급,아니오,"안전 8건 [안전(3), 유해(3), 위험(1), 유의 사항(1)], 구체적 조치 언급 없음"
반도체장비,LM1903060320_18v2_LM1903060321_18v2_반도체_장비_품질관리,68,2,형식적 언급,아니오,"안전 8건 [안전(5), 보건(2), 유해(1)], 구체적 조치 언급 없음"
반도체장비,LM1903060320_18v2_LM1903060321_18v2_반도체_장비_품질관리,73,1,미흡·없음,아니오,"키워드 2건 (5건 이하): 안전(1), 유의 사항(1)"
반도체장비,LM1903060320_18v2_LM1903060321_18v2_반도체_장비_품질관리,79,1,미흡·없음,아니오,키워드 3건 (5건 이하): 진동(3)
반도체장비,LM1903060320_18v2_LM1903060321_18v2_반도체_장비_품질관리,80,1,미흡·없음,아니오,"키워드 3건 (5건 이하): 안전(2), 유의 사항(1)"
반도체장비,LM1903060320_18v2_LM1903060321_18v2_반도체_장비_품질관리,81,1,미흡·없음,아니오,키워드 1건 (5건 이하): 진동(1)
반도체장비,LM1903060320_18v2_LM1903060321_18v2_반도체_장비_품질관리,86,1,미흡·없음,아니오,키워드 2건 (5건 이하): 위험(2)
반도체장비,LM1903060320_18v2_LM1903060321_18v2_반도체_장비_품질관리,87,1,미흡·없음,아니오,"키워드 4건 (5건 이하): 안전(2), 먼지(1), 유의 사항(1)"
반도체장비,LM1903060322_19v3_반도체_장비_기구_조립,22,3,구체적 대책,아니오,"안전 12건 [안전(7), 사고(2), 끼임(1), 유의 사항(1), 주의(1)] + 조치 9건 [착용(3), 방지(2), 안전관리(2), 예방(1), 안전화(1)]"
반도체장비,LM1903060322_19v3_반도체_장비_기구_조립,29,1,미흡·없음,아니오,키워드 1건 (5건 이하): 진동(1)
반도체장비,LM1903060322_19v3_반도체_장비_기구_조립,33,1,미흡·없음,아니오,키워드 1건 (5건 이하): 진동(1)
반도체장비,LM1903060322_19v3_반도체_장비_기구_조립,34,1,미흡·없음,아니오,키워드 1건 (5건 이하): 먼지(1)
반도체장비,LM1903060322_19v3_반도체_장비_기구_조립,35,1,미흡·없음,아니오,키워드 3건 (5건 이하): 안전(3)
반도체장비,LM1903060322_19v3_반도체_장비_기구_조립,38,1,미흡·없음,아니오,키워드 1건 (5건 이하): 안전(1)
반도체장비,LM1903060322_19v3_반도체_장비_기구_조립,39,1,미흡·없음,아니오,"키워드 4건 (5건 이하): 안전(3), 유의 사항(1)"
반도체장비,LM1903060322_19v3_반도체_장비_기구_조립,40,3,구체적 대책,아니오,"안전 8건 [안전(4), 사고(2), 끼임(1), 주의(1)] + 조치 7건 [방지(2), 착용(2), 안전관리(2), 예방(1)]"
반도체장비,LM1903060322_19v3_반도체_장비_기구_조립,43,1,미흡·없음,아니오,"키워드 3건 (5건 이하): 안전(1), 위험(1), 진동(1)"
반도체장비,LM1903060322_19v3_반도체_장비_기구_조립,44,1,미흡·없음,아니오,"키워드 2건 (5건 이하): 안전(1), 진동(1)"
반도체장비,LM1903060322_19v3_반도체_장비_기구_조립,45,1,미흡·없음,아니오,키워드 2건 (5건 이하): 소음(2)
반도체장비,LM1903060322_19v3_반도체_장비_기구_조립,46,1,미흡·없음,아니오,"키워드 5건 (5건 이하): 안전(4), 주의(1)"
반도체장비,LM1903060322_19v3_반도체_장비_기구_조립,47,1,미흡·없음,아니오,"키워드 5건 (5건 이하): 안전(4), 주의(1)"
반도체장비,LM1903060322_19v3_반도체_장비_기구_조립,52,1,미흡·없음,아니오,키워드 1건 (5건 이하): 화학물질(1)
반도체장비,LM1903060322_19v3_반도체_장비_기구_조립,53,1,미흡·없음,아니오,"키워드 3건 (5건 이하): 사고(1), 위험(1), 폭발(1)"
반도체장비,LM1903060322_19v3_반도체_장비_기구_조립,59,2,형식적 언급,아니오,"안전 7건 [안전(4), 사고(1), 유의 사항(1), 주의(1)], 조치 3건 [예방(1), 착용(1), 안전화(1)] (구체적 대책 미흡)"
반도체장비,LM1903060322_19v3_반도체_장비_기구_조립,60,1,미흡·없음,아니오,"키워드 5건 (5건 이하): 안전(3), 사고(1), 끼임(1)"
반도체장비,LM1903060322_19v3_반도체_장비_기구_조립,62,1,미흡·없음,아니오,키워드 1건 (5건 이하): 화학물질(1)
반도체장비,LM1903060322_19v3_반도체_장비_기구_조립,65,1,미흡·없음,아니오,키워드 1건 (5건 이하): 위험(1)
반도체장비,LM1903060322_19v3_반도체_장비_기구_조립,66,1,미흡·없음,아니오,키워드 1건 (5건 이하): 진동(1)
반도체장비,LM1903060322_19v3_반도체_장비_기구_조립,67,1,미흡·없음,아니오,키워드 2건 (5건 이하): 진동(2)
반도체장비,LM1903060322_19v3_반도체_장비_기구_조립,71,1,미흡·없음,아니오,키워드 1건 (5건 이하): 분진(1)
반도체장비,LM1903060322_19v3_반도체_장비_기구_조립,73,1,미흡·없음,아니오,키워드 1건 (5건 이하): 진동(1)
반도체장비,LM1903060322_19v3_반도체_장비_기구_조립,77,1,미흡·없음,아니오,키워드 1건 (5건 이하): 안전(1)
반도체장비,LM1903060322_19v3_반도체_장비_기구_조립,79,1,미흡·없음,아니오,키워드 1건 (5건 이하): 위험(1)
반도체장비,LM1903060322_19v3_반도체_장비_기구_조립,83,1,미흡·없음,아니오,키워드 1건 (5건 이하): 진동(1)
반도체장비,LM1903060322_19v3_반도체_장비_기구_조립,85,1,미흡·없음,아니오,키워드 1건 (5건 이하): 진동(1)
반도체장비,LM1903060322_19v3_반도체_장비_기구_조립,86,1,미흡·없음,아니오,키워드 1건 (5건 이하): 진동(1)
반도체장비,LM1903060322_19v3_반도체_장비_기구_조립,89,1,미흡·없음,아니오,키워드 1건 (5건 이하): 진동(1)
반도체장비,LM1903060322_19v3_반도체_장비_기구_조립,90,1,미흡·없음,아니오,키워드 1건 (5건 이하): 진동(1)
반도체장비,LM1903060322_19v3_반도체_장비_기구_조립,95,1,미흡·없음,아니오,키워드 2건 (5건 이하): 진동(2)
반도체장비,LM1903060322_19v3_반도체_장비_기구_조립,96,1,미흡·없음,아니오,키워드 4건 (5건 이하): 진동(4)
반도체장비,LM1903060322_19v3_반도체_장비_기구_조립,97,1,미흡·없음,아니오,키워드 3건 (5건 이하): 진동(3)
반도체장비,LM1903060322_19v3_반도체_장비_기구_조립,98,1,미흡·없음,아니오,키워드 2건 (5건 이하): 화학물질(2)
반도체장비,LM1903060322_19v3_반도체_장비_기구_조립,101,3,구체적 대책,아니오,"안전 20건 [진동(8), 안전(7), 사고(2), 끼임(1), 유의 사항(1)] + 조치 9건 [착용(3), 방지(2), 안전관리(2), 예방(1), 안전화(1)]"
반도체장비,LM1903060322_19v3_반도체_장비_기구_조립,102,2,형식적 언급,아니오,"안전 6건 [진동(6)], 구체적 조치 언급 없음"
반도체장비,LM1903060322_19v3_반도체_장비_기구_조립,104,1,미흡·없음,아니오,키워드 4건 (5건 이하): 진동(4)
반도체장비,LM1903060322_19v3_반도체_장비_기구_조립,105,1,미흡·없음,아니오,키워드 4건 (5건 이하): 진동(4)
반도체장비,LM1903060322_19v3_반도체_장비_기구_조립,107,1,미흡·없음,아니오,"키워드 2건 (5건 이하): 사고(1), 위험(1)"
반도체장비,LM1903060322_19v3_반도체_장비_기구_조립,109,1,미흡·없음,아니오,"키워드 3건 (5건 이하): 화학물질(2), 안전(1)"
반도체장비,LM1903060322_19v3_반도체_장비_기구_조립,113,1,미흡·없음,아니오,키워드 1건 (5건 이하): 진동(1)
반도체장비,LM1903060322_19v3_반도체_장비_기구_조립,114,1,미흡·없음,아니오,키워드 1건 (5건 이하): 진동(1)
반도체장비,LM1903060322_19v3_반도체_장비_기구_조립,115,1,미흡·없음,아니오,키워드 1건 (5건 이하): 진동(1)
반도체장비,LM1903060322_19v3_반도체_장비_기구_조립,116,1,미흡·없음,아니오,키워드 1건 (5건 이하): 진동(1)
반도체장비,LM1903060322_19v3_반도체_장비_기구_조립,117,1,미흡·없음,아니오,키워드 1건 (5건 이하): 진동(1)
반도체장비,LM1903060322_19v3_반도체_장비_기구_조립,119,1,미흡·없음,아니오,"키워드 3건 (5건 이하): 안전(2), 진동(1)"
반도체장비,LM1903060322_19v3_반도체_장비_기구_조립,121,3,구체적 대책,아니오,"안전 12건 [안전(7), 사고(2), 끼임(1), 유의 사항(1), 주의(1)] + 조치 9건 [착용(3), 방지(2), 안전관리(2), 예방(1), 안전화(1)]"
반도체장비,LM1903060322_19v3_반도체_장비_기구_조립,125,1,미흡·없음,아니오,키워드 4건 (5건 이하): 안전(4)
반도체장비,LM1903060322_19v3_반도체_장비_기구_조립,126,1,미흡·없음,아니오,키워드 3건 (5건 이하): 안전(3)
반도체장비,LM1903060322_19v3_반도체_장비_기구_조립,128,1,미흡·없음,아니오,키워드 1건 (5건 이하): 진동(1)
반도체장비,LM1903060322_19v3_반도체_장비_기구_조립,129,1,미흡·없음,아니오,"키워드 3건 (5건 이하): 진동(2), 끼임(1)"
반도체장비,LM1903060322_19v3_반도체_장비_기구_조립,130,1,미흡·없음,아니오,"키워드 2건 (5건 이하): 진동(1), 주의(1)"
반도체장비,LM1903060323_19v3_반도체_장비_기구_조립_검증,21,1,미흡·없음,아니오,키워드 2건 (5건 이하): 안전(2)
반도체장비,LM1903060323_19v3_반도체_장비_기구_조립_검증,22,1,미흡·없음,아니오,"키워드 2건 (5건 이하): 안전(1), 유의 사항(1)"
반도체장비,LM1903060323_19v3_반도체_장비_기구_조립_검증,23,3,구체적 대책,아니오,"안전 17건 [안전(11), 주의(3), 사고(2), 끼임(1)] + 조치 15건 [착용(5), 안전관리(3), 방지(2), 안전화(2), 예방(1)]"
반도체장비,LM1903060323_19v3_반도체_장비_기구_조립_검증,33,1,미흡·없음,아니오,"키워드 3건 (5건 이하): 안전(2), 먼지(1)"
반도체장비,LM1903060323_19v3_반도체_장비_기구_조립_검증,36,1,미흡·없음,아니오,"키워드 4건 (5건 이하): 진동(2), 안전(1), 위험(1)"
반도체장비,LM1903060323_19v3_반도체_장비_기구_조립_검증,37,1,미흡·없음,아니오,키워드 1건 (5건 이하): 안전(1)
반도체장비,LM1903060323_19v3_반도체_장비_기구_조립_검증,38,1,미흡·없음,아니오,키워드 1건 (5건 이하): 안전(1)
반도체장비,LM1903060323_19v3_반도체_장비_기구_조립_검증,40,1,미흡·없음,아니오,"키워드 2건 (5건 이하): 사고(1), 안전(1)"
반도체장비,LM1903060323_19v3_반도체_장비_기구_조립_검증,44,1,미흡·없음,아니오,키워드 1건 (5건 이하): 화학물질(1)
반도체장비,LM1903060323_19v3_반도체_장비_기구_조립_검증,45,1,미흡·없음,아니오,키워드 1건 (5건 이하): 위험(1)
반도체장비,LM1903060323_19v3_반도체_장비_기구_조립_검증,49,1,미흡·없음,아니오,키워드 1건 (5건 이하): 안전(1)
반도체장비,LM1903060323_19v3_반도체_장비_기구_조립_검증,51,3,구체적 대책,아니오,"안전 18건 [안전(12), 사고(2), 주의(2), 끼임(1), 유의 사항(1)] + 조치 15건 [착용(5), 안전관리(3), 방지(2), 안전화(2), 예방(1)]"
반도체장비,LM1903060323_19v3_반도체_장비_기구_조립_검증,52,1,미흡·없음,아니오,"키워드 2건 (5건 이하): 진동(1), 주의(1)"
반도체장비,LM1903060323_19v3_반도체_장비_기구_조립_검증,63,1,미흡·없음,아니오,키워드 1건 (5건 이하): 끼임(1)
반도체장비,LM1903060323_19v3_반도체_장비_기구_조립_검증,64,1,미흡·없음,아니오,"키워드 4건 (5건 이하): 끼임(3), 진동(1)"
반도체장비,LM1903060323_19v3_반도체_장비_기구_조립_검증,66,1,미흡·없음,아니오,키워드 1건 (5건 이하): 끼임(1)
반도체장비,LM1903060323_19v3_반도체_장비_기구_조립_검증,67,1,미흡·없음,아니오,키워드 1건 (5건 이하): 끼임(1)
반도체장비,LM1903060323_19v3_반도체_장비_기구_조립_검증,69,1,미흡·없음,아니오,키워드 1건 (5건 이하): 끼임(1)
반도체장비,LM1903060323_19v3_반도체_장비_기구_조립_검증,70,1,미흡·없음,아니오,"키워드 2건 (5건 이하): 끼임(1), 진동(1)"
반도체장비,LM1903060323_19v3_반도체_장비_기구_조립_검증,74,1,미흡·없음,아니오,키워드 1건 (5건 이하): 끼임(1)
반도체장비,LM1903060323_19v3_반도체_장비_기구_조립_검증,75,1,미흡·없음,아니오,키워드 1건 (5건 이하): 진동(1)
반도체장비,LM1903060323_19v3_반도체_장비_기구_조립_검증,76,1,미흡·없음,아니오,키워드 1건 (5건 이하): 끼임(1)
반도체장비,LM1903060323_19v3_반도체_장비_기구_조립_검증,77,1,미흡·없음,아니오,키워드 1건 (5건 이하): 끼임(1)
반도체장비,LM1903060323_19v3_반도체_장비_기구_조립_검증,82,1,미흡·없음,아니오,키워드 1건 (5건 이하): 진동(1)
반도체장비,LM1903060323_19v3_반도체_장비_기구_조립_검증,83,1,미흡·없음,아니오,키워드 5건 (5건 이하): 진동(5)
반도체장비,LM1903060323_19v3_반도체_장비_기구_조립_검증,84,1,미흡·없음,아니오,키워드 3건 (5건 이하): 진동(3)
반도체장비,LM1903060323_19v3_반도체_장비_기구_조립_검증,85,1,미흡·없음,아니오,키워드 2건 (5건 이하): 화학물질(2)
반도체장비,LM1903060323_19v3_반도체_장비_기구_조립_검증,87,1,미흡·없음,아니오,키워드 1건 (5건 이하): 안전(1)
반도체장비,LM1903060323_19v3_반도체_장비_기구_조립_검증,88,3,구체적 대책,아니오,"안전 15건 [안전(10), 사고(2), 끼임(1), 유의 사항(1), 주의(1)] + 조치 11건 [착용(3), 안전관리(3), 방지(2), 예방(1), 차단(1)]"
반도체장비,LM1903060323_19v3_반도체_장비_기구_조립_검증,89,2,형식적 언급,아니오,"안전 9건 [진동(5), 안전(2), 주의(2)], 조치 4건 [착용(2), 안전화(1), 방독면(1)] (구체적 대책 미흡)"
반도체장비,LM1903060323_19v3_반도체_장비_기구_조립_검증,90,2,형식적 언급,아니오,"안전 8건 [진동(8)], 구체적 조치 언급 없음"
반도체장비,LM1903060323_19v3_반도체_장비_기구_조립_검증,93,1,미흡·없음,아니오,키워드 2건 (5건 이하): 진동(2)
반도체장비,LM1903060323_19v3_반도체_장비_기구_조립_검증,95,1,미흡·없음,아니오,"키워드 2건 (5건 이하): 화학물질(1), 안전(1)"
반도체장비,LM1903060323_19v3_반도체_장비_기구_조립_검증,97,1,미흡·없음,아니오,키워드 1건 (5건 이하): 진동(1)
반도체장비,LM1903060323_19v3_반도체_장비_기구_조립_검증,98,1,미흡·없음,아니오,키워드 1건 (5건 이하): 진동(1)
반도체장비,LM1903060323_19v3_반도체_장비_기구_조립_검증,99,1,미흡·없음,아니오,키워드 1건 (5건 이하): 진동(1)
반도체장비,LM1903060323_19v3_반도체_장비_기구_조립_검증,100,1,미흡·없음,아니오,키워드 1건 (5건 이하): 진동(1)
반도체장비,LM1903060323_19v3_반도체_장비_기구_조립_검증,101,1,미흡·없음,아니오,"키워드 3건 (5건 이하): 사고(2), 안전(1)"
반도체장비,LM1903060323_19v3_반도체_장비_기구_조립_검증,103,1,미흡·없음,아니오,"키워드 3건 (5건 이하): 안전(2), 진동(1)"
반도체장비,LM1903060323_19v3_반도체_장비_기구_조립_검증,104,2,형식적 언급,아니오,"안전 33건 [사고(14), 안전(14), 화재(1), 폭발(1), 감전(1)], 조치 1건 [예방(1)] (구체적 대책 미흡)"
반도체장비,LM1903060323_19v3_반도체_장비_기구_조립_검증,105,3,구체적 대책,아니오,"안전 37건 [안전(21), 사고(9), 폭발(3), 화재(1), 감전(1)] + 조치 6건 [예방(6)]"
반도체장비,LM1903060323_19v3_반도체_장비_기구_조립_검증,107,3,구체적 대책,아니오,"안전 19건 [안전(12), 주의(3), 사고(2), 끼임(1), 유의 사항(1)] + 조치 15건 [착용(5), 안전관리(3), 방지(2), 안전화(2), 예방(1)]"
반도체장비,LM1903060323_19v3_반도체_장비_기구_조립_검증,110,1,미흡·없음,아니오,키워드 1건 (5건 이하): 안전(1)
반도체장비,LM1903060323_19v3_반도체_장비_기구_조립_검증,111,2,형식적 언급,아니오,"안전 6건 [안전(5), 진동(1)], 구체적 조치 언급 없음"
반도체장비,LM1903060323_19v3_반도체_장비_기구_조립_검증,112,1,미흡·없음,아니오,키워드 1건 (5건 이하): 진동(1)
반도체장비,LM1903060323_19v3_반도체_장비_기구_조립_검증,113,1,미흡·없음,아니오,"키워드 3건 (5건 이하): 진동(2), 끼임(1)"
반도체장비,LM1903060323_19v3_반도체_장비_기구_조립_검증,115,1,미흡·없음,아니오,"키워드 3건 (5건 이하): 사고(1), 안전(1), 진동(1)"
반도체장비,LM1903060323_19v3_반도체_장비_기구_조립_검증,116,2,형식적 언급,아니오,"안전 33건 [사고(13), 안전(13), 감전(2), 누출(2), 화재(1)], 구체적 조치 언급 없음"
반도체장비,LM1903060323_19v3_반도체_장비_기구_조립_검증,117,2,형식적 언급,아니오,"안전 39건 [사고(9), 안전(8), 폭발(7), 누출(6), 화재(4)], 조치 3건 [예방(2), 환기(1)] (구체적 대책 미흡)"
반도체장비,LM1903060323_19v3_반도체_장비_기구_조립_검증,118,2,형식적 언급,아니오,"안전 14건 [안전(12), 화학물질(1), 위험(1)], 조치 3건 [예방(2), 차단(1)] (구체적 대책 미흡)"
반도체장비,LM1903060323_19v3_반도체_장비_기구_조립_검증,119,2,형식적 언급,아니오,"안전 15건 [안전(12), 끼임(3)], 조치 2건 [예방(2)] (구체적 대책 미흡)"
반도체장비,LM1903060323_19v3_반도체_장비_기구_조립_검증,120,2,형식적 언급,아니오,"안전 23건 [안전(16), 감전(4), 사고(1), 화재(1), 끼임(1)], 조치 4건 [예방(4)] (구체적 대책 미흡)"
반도체장비,LM1903060323_19v3_반도체_장비_기구_조립_검증,121,2,형식적 언급,아니오,"안전 27건 [안전(13), 누출(6), 화재(3), 폭발(3), 사고(2)], 조치 4건 [예방(3), 차단(1)] (구체적 대책 미흡)"
반도체장비,LM1903060323_19v3_반도체_장비_기구_조립_검증,122,2,형식적 언급,아니오,"안전 31건 [안전(20), 폭발(6), 사고(3), 유해(2)], 조치 3건 [예방(3)] (구체적 대책 미흡)"
반도체장비,LM1903060323_19v3_반도체_장비_기구_조립_검증,123,2,형식적 언급,아니오,"안전 16건 [안전(12), 사고(2), 위험(1), 주의(1)], 조치 1건 [예방(1)] (구체적 대책 미흡)"
반도체장비,LM1903060323_19v3_반도체_장비_기구_조립_검증,124,1,미흡·없음,아니오,"키워드 3건 (5건 이하): 안전(2), 사고(1)"
반도체장비,LM1903060323_19v3_반도체_장비_기구_조립_검증,125,1,미흡·없음,아니오,"키워드 2건 (5건 이하): 사고(1), 안전(1)"
반도체장비,LM1903060323_19v3_반도체_장비_기구_조립_검증,126,3,구체적 대책,아니오,"안전 17건 [안전(10), 사고(7)] + 조치 6건 [예방(6)]"
반도체장비,LM1903060324_19v2_반도체_장비_전장_조립,16,2,형식적 언급,아니오,"안전 14건 [안전(7), 보건(5), 위험(2)], 구체적 조치 언급 없음"
반도체장비,LM1903060324_19v2_반도체_장비_전장_조립,17,2,형식적 언급,아니오,"안전 23건 [위험(14), 안전(7), 보건(1), 화재(1)], 조치 1건 [차단(1)] (구체적 대책 미흡)"
반도체장비,LM1903060324_19v2_반도체_장비_전장_조립,18,2,형식적 언급,아니오,"안전 8건 [화학물질(3), 위험(2), 유해(2), 방사선(1)], 조치 1건 [격리(1)] (구체적 대책 미흡)"
반도체장비,LM1903060324_19v2_반도체_장비_전장_조립,19,2,형식적 언급,아니오,"안전 6건 [소음(3), 안전(2), 사고(1)], 조치 1건 [예방(1)] (구체적 대책 미흡)"
반도체장비,LM1903060324_19v2_반도체_장비_전장_조립,20,1,미흡·없음,아니오,키워드 1건 (5건 이하): 안전(1)
반도체장비,LM1903060324_19v2_반도체_장비_전장_조립,21,1,미흡·없음,아니오,키워드 1건 (5건 이하): 화학물질(1)
반도체장비,LM1903060324_19v2_반도체_장비_전장_조립,22,1,미흡·없음,아니오,키워드 1건 (5건 이하): 진동(1)
반도체장비,LM1903060324_19v2_반도체_장비_전장_조립,25,1,미흡·없음,아니오,키워드 1건 (5건 이하): 안전(1)
반도체장비,LM1903060324_19v2_반도체_장비_전장_조립,40,1,미흡·없음,아니오,"키워드 2건 (5건 이하): 사고(1), 감전(1)"
반도체장비,LM1903060324_19v2_반도체_장비_전장_조립,41,1,미흡·없음,아니오,"키워드 3건 (5건 이하): 안전(2), 유의 사항(1)"
반도체장비,LM1903060324_19v2_반도체_장비_전장_조립,42,1,미흡·없음,아니오,"키워드 2건 (5건 이하): 안전(1), 유의 사항(1)"
반도체장비,LM1903060324_19v2_반도체_장비_전장_조립,43,1,미흡·없음,아니오,"키워드 5건 (5건 이하): 안전(3), 위험(1), 주의(1)"
반도체장비,LM1903060324_19v2_반도체_장비_전장_조립,44,1,미흡·없음,아니오,"키워드 2건 (5건 이하): 안전(1), 화재(1)"
반도체장비,LM1903060324_19v2_반도체_장비_전장_조립,47,1,미흡·없음,아니오,키워드 1건 (5건 이하): 진동(1)
반도체장비,LM1903060324_19v2_반도체_장비_전장_조립,50,2,형식적 언급,아니오,"안전 7건 [안전(4), 유의 사항(2), 주의(1)], 조치 4건 [차단(4)] (구체적 대책 미흡)"
반도체장비,LM1903060324_19v2_반도체_장비_전장_조립,52,1,미흡·없음,아니오,키워드 1건 (5건 이하): 안전(1)
반도체장비,LM1903060324_19v2_반도체_장비_전장_조립,53,1,미흡·없음,아니오,키워드 2건 (5건 이하): 안전(2)
반도체장비,LM1903060324_19v2_반도체_장비_전장_조립,54,1,미흡·없음,아니오,"키워드 2건 (5건 이하): 안전(1), 위험(1)"
반도체장비,LM1903060324_19v2_반도체_장비_전장_조립,58,1,미흡·없음,아니오,"키워드 2건 (5건 이하): 사고(1), 안전(1)"
반도체장비,LM1903060324_19v2_반도체_장비_전장_조립,63,2,형식적 언급,아니오,"안전 6건 [안전(4), 사고(1), 위험(1)], 구체적 조치 언급 없음"
반도체장비,LM1903060324_19v2_반도체_장비_전장_조립,68,1,미흡·없음,아니오,"키워드 2건 (5건 이하): 안전(1), 유의 사항(1)"
반도체장비,LM1903060324_19v2_반도체_장비_전장_조립,69,2,형식적 언급,아니오,"안전 7건 [안전(4), 주의(2), 감전(1)], 조치 1건 [차단(1)] (구체적 대책 미흡)"
반도체장비,LM1903060324_19v2_반도체_장비_전장_조립,71,2,형식적 언급,아니오,"안전 8건 [안전(4), 화학물질(1), 위험(1), 폭발(1), 주의(1)], 조치 3건 [차단(2), 방지(1)] (구체적 대책 미흡)"
반도체장비,LM1903060324_19v2_반도체_장비_전장_조립,72,2,형식적 언급,아니오,"안전 23건 [위험(9), 안전(6), 화재(5), 감전(3)], 조치 4건 [차단(3), 안전교육(1)] (구체적 대책 미흡)"
반도체장비,LM1903060324_19v2_반도체_장비_전장_조립,75,1,미흡·없음,아니오,"키워드 2건 (5건 이하): 사고(1), 위험(1)"
반도체장비,LM1903060324_19v2_반도체_장비_전장_조립,76,1,미흡·없음,아니오,"키워드 2건 (5건 이하): 안전(1), 위험(1)"
반도체장비,LM1903060324_19v2_반도체_장비_전장_조립,78,1,미흡·없음,아니오,"키워드 4건 (5건 이하): 안전(2), 유의 사항(2)"
반도체장비,LM1903060324_19v2_반도체_장비_전장_조립,81,2,형식적 언급,아니오,"안전 8건 [안전(4), 위험(4)], 구체적 조치 언급 없음"
반도체장비,LM1903060324_19v2_반도체_장비_전장_조립,82,1,미흡·없음,아니오,"키워드 5건 (5건 이하): 위험(2), 주의(2), 안전(1)"
반도체장비,LM1903060324_19v2_반도체_장비_전장_조립,84,1,미흡·없음,아니오,키워드 1건 (5건 이하): 안전(1)
반도체장비,LM1903060324_19v2_반도체_장비_전장_조립,88,1,미흡·없음,아니오,키워드 1건 (5건 이하): 누출(1)
반도체장비,LM1903060324_19v2_반도체_장비_전장_조립,93,1,미흡·없음,아니오,"키워드 5건 (5건 이하): 안전(3), 유의 사항(1), 주의(1)"
반도체장비,LM1903060324_19v2_반도체_장비_전장_조립,95,1,미흡·없음,아니오,"키워드 5건 (5건 이하): 안전(2), 진동(2), 위험(1)"
반도체장비,LM1903060324_19v2_반도체_장비_전장_조립,96,1,미흡·없음,아니오,키워드 2건 (5건 이하): 소음(2)
반도체장비,LM1903060324_19v2_반도체_장비_전장_조립,104,1,미흡·없음,아니오,키워드 1건 (5건 이하): 안전(1)
반도체장비,LM1903060324_19v2_반도체_장비_전장_조립,105,2,형식적 언급,아니오,"안전 7건 [안전(5), 보건(2)], 구체적 조치 언급 없음"
반도체장비,LM1903060325_19v2_반도체_장비_전장_조립_검증,18,1,미흡·없음,아니오,키워드 1건 (5건 이하): 누출(1)
반도체장비,LM1903060325_19v2_반도체_장비_전장_조립_검증,23,1,미흡·없음,아니오,"키워드 5건 (5건 이하): 안전(3), 유의 사항(1), 주의(1)"
반도체장비,LM1903060325_19v2_반도체_장비_전장_조립_검증,24,2,형식적 언급,아니오,"안전 31건 [안전(9), 위험(9), 화재(5), 감전(3), 누출(3)], 조치 4건 [차단(3), 안전교육(1)] (구체적 대책 미흡)"
반도체장비,LM1903060325_19v2_반도체_장비_전장_조립_검증,25,1,미흡·없음,아니오,키워드 5건 (5건 이하): 누출(5)
반도체장비,LM1903060325_19v2_반도체_장비_전장_조립_검증,31,1,미흡·없음,아니오,"키워드 2건 (5건 이하): 안전(1), 주의(1)"
반도체장비,LM1903060325_19v2_반도체_장비_전장_조립_검증,34,1,미흡·없음,아니오,키워드 1건 (5건 이하): 안전(1)
반도체장비,LM1903060325_19v2_반도체_장비_전장_조립_검증,35,1,미흡·없음,아니오,"키워드 3건 (5건 이하): 안전(2), 주의(1)"
반도체장비,LM1903060325_19v2_반도체_장비_전장_조립_검증,39,1,미흡·없음,아니오,키워드 1건 (5건 이하): 안전(1)
반도체장비,LM1903060325_19v2_반도체_장비_전장_조립_검증,42,1,미흡·없음,아니오,키워드 1건 (5건 이하): 진동(1)
반도체장비,LM1903060325_19v2_반도체_장비_전장_조립_검증,43,1,미흡·없음,아니오,키워드 1건 (5건 이하): 위험(1)
반도체장비,LM1903060325_19v2_반도체_장비_전장_조립_검증,45,1,미흡·없음,아니오,키워드 1건 (5건 이하): 위험(1)
반도체장비,LM1903060325_19v2_반도체_장비_전장_조립_검증,47,1,미흡·없음,아니오,키워드 2건 (5건 이하): 누출(2)
반도체장비,LM1903060325_19v2_반도체_장비_전장_조립_검증,49,2,형식적 언급,아니오,"안전 7건 [안전(4), 사고(1), 감전(1), 유의 사항(1)], 조치 2건 [예방(1), 차단(1)] (구체적 대책 미흡)"
반도체장비,LM1903060325_19v2_반도체_장비_전장_조립_검증,51,1,미흡·없음,아니오,키워드 4건 (5건 이하): 누출(4)
반도체장비,LM1903060325_19v2_반도체_장비_전장_조립_검증,52,1,미흡·없음,아니오,키워드 4건 (5건 이하): 누출(4)
반도체장비,LM1903060325_19v2_반도체_장비_전장_조립_검증,64,1,미흡·없음,아니오,키워드 1건 (5건 이하): 화학물질(1)
반도체장비,LM1903060325_19v2_반도체_장비_전장_조립_검증,65,1,미흡·없음,아니오,키워드 3건 (5건 이하): 안전(3)
반도체장비,LM1903060325_19v2_반도체_장비_전장_조립_검증,66,1,미흡·없음,아니오,키워드 3건 (5건 이하): 안전(3)
반도체장비,LM1903060325_19v2_반도체_장비_전장_조립_검증,67,1,미흡·없음,아니오,키워드 2건 (5건 이하): 안전(2)
반도체장비,LM1903060325_19v2_반도체_장비_전장_조립_검증,69,2,형식적 언급,아니오,"안전 11건 [안전(7), 보건(2), 진동(1), 산업안전보건법(1)], 구체적 조치 언급 없음"
반도체장비,LM1903060325_19v2_반도체_장비_전장_조립_검증,70,2,형식적 언급,아니오,"안전 8건 [안전(4), 위험(2), 보건(1), 산업안전보건법(1)], 조치 3건 [예방(1), 방지(1), 차단(1)] (구체적 대책 미흡)"
반도체장비,LM1903060325_19v2_반도체_장비_전장_조립_검증,71,2,형식적 언급,아니오,"안전 8건 [위험(4), 안전(2), 주의(2)], 조치 4건 [차단(4)] (구체적 대책 미흡)"
반도체장비,LM1903060325_19v2_반도체_장비_전장_조립_검증,73,2,형식적 언급,아니오,"안전 7건 [안전(4), 위험(2), 주의(1)], 조치 1건 [환기(1)] (구체적 대책 미흡)"
반도체장비,LM1903060325_19v2_반도체_장비_전장_조립_검증,74,1,미흡·없음,아니오,"키워드 2건 (5건 이하): 소음(1), 주의(1)"
반도체장비,LM1903060325_19v2_반도체_장비_전장_조립_검증,78,2,형식적 언급,아니오,"안전 7건 [주의(3), 안전(2), 누출(1), 유의 사항(1)], 조치 1건 [차단(1)] (구체적 대책 미흡)"
반도체장비,LM1903060325_19v2_반도체_장비_전장_조립_검증,79,1,미흡·없음,아니오,"키워드 3건 (5건 이하): 사고(1), 안전(1), 주의(1)"
반도체장비,LM1903060325_19v2_반도체_장비_전장_조립_검증,89,1,미흡·없음,아니오,키워드 1건 (5건 이하): 안전(1)
반도체장비,LM1903060325_19v2_반도체_장비_전장_조립_검증,91,1,미흡·없음,아니오,키워드 1건 (5건 이하): 안전(1)
반도체장비,LM1903060325_19v2_반도체_장비_전장_조립_검증,93,1,미흡·없음,아니오,"키워드 3건 (5건 이하): 안전(1), 위험(1), 주의(1)"
반도체장비,LM1903060326_19v1_반도체_광학_장비_유지보수,19,1,미흡·없음,아니오,"키워드 2건 (5건 이하): 안전(1), 유의 사항(1)"
반도체장비,LM1903060326_19v1_반도체_광학_장비_유지보수,26,1,미흡·없음,아니오,키워드 2건 (5건 이하): 진동(2)
반도체장비,LM1903060326_19v1_반도체_광학_장비_유지보수,28,1,미흡·없음,아니오,"키워드 2건 (5건 이하): 안전(1), 유의 사항(1)"
반도체장비,LM1903060326_19v1_반도체_광학_장비_유지보수,30,1,미흡·없음,아니오,키워드 1건 (5건 이하): 안전(1)
반도체장비,LM1903060326_19v1_반도체_광학_장비_유지보수,31,1,미흡·없음,아니오,키워드 1건 (5건 이하): 위험(1)
반도체장비,LM1903060326_19v1_반도체_광학_장비_유지보수,42,2,형식적 언급,아니오,"안전 6건 [안전(3), 사고(1), 유의 사항(1), 주의(1)], 조치 1건 [안전관리(1)] (구체적 대책 미흡)"
반도체장비,LM1903060326_19v1_반도체_광학_장비_유지보수,59,1,미흡·없음,아니오,"키워드 4건 (5건 이하): 위험(2), 안전(1), 유의 사항(1)"
반도체장비,LM1903060326_19v1_반도체_광학_장비_유지보수,61,1,미흡·없음,아니오,"키워드 2건 (5건 이하): 누출(1), 주의(1)"
반도체장비,LM1903060326_19v1_반도체_광학_장비_유지보수,63,1,미흡·없음,아니오,키워드 1건 (5건 이하): 안전(1)
반도체장비,LM1903060327_19v1_반도체_진공_플라스마_장비_유지보수,20,1,미흡·없음,아니오,"키워드 2건 (5건 이하): 안전(1), 유의 사항(1)"
반도체장비,LM1903060327_19v1_반도체_진공_플라스마_장비_유지보수,22,1,미흡·없음,아니오,키워드 2건 (5건 이하): 부상(2)
반도체장비,LM1903060327_19v1_반도체_진공_플라스마_장비_유지보수,23,1,미흡·없음,아니오,키워드 1건 (5건 이하): 부상(1)
반도체장비,LM1903060327_19v1_반도체_진공_플라스마_장비_유지보수,24,1,미흡·없음,아니오,"키워드 2건 (5건 이하): 안전(1), 진동(1)"
반도체장비,LM1903060327_19v1_반도체_진공_플라스마_장비_유지보수,34,1,미흡·없음,아니오,키워드 1건 (5건 이하): 진동(1)
반도체장비,LM1903060327_19v1_반도체_진공_플라스마_장비_유지보수,38,1,미흡·없음,아니오,"키워드 2건 (5건 이하): 안전(1), 유의 사항(1)"
반도체장비,LM1903060327_19v1_반도체_진공_플라스마_장비_유지보수,39,1,미흡·없음,아니오,키워드 1건 (5건 이하): 감전(1)
반도체장비,LM1903060327_19v1_반도체_진공_플라스마_장비_유지보수,47,1,미흡·없음,아니오,키워드 1건 (5건 이하): 안전(1)
반도체장비,LM1903060327_19v1_반도체_진공_플라스마_장비_유지보수,53,1,미흡·없음,아니오,"키워드 2건 (5건 이하): 안전(1), 유의 사항(1)"
반도체장비,LM1903060327_19v1_반도체_진공_플라스마_장비_유지보수,54,1,미흡·없음,아니오,키워드 1건 (5건 이하): 위험(1)
반도체장비,LM1903060327_19v1_반도체_진공_플라스마_장비_유지보수,68,1,미흡·없음,아니오,키워드 1건 (5건 이하): 진동(1)
반도체장비,LM1903060327_19v1_반도체_진공_플라스마_장비_유지보수,70,1,미흡·없음,아니오,"키워드 4건 (5건 이하): 안전(2), 위험(1), 유의 사항(1)"
반도체장비,LM1903060327_19v1_반도체_진공_플라스마_장비_유지보수,71,1,미흡·없음,아니오,키워드 1건 (5건 이하): 화재(1)
반도체장비,LM1903060327_19v1_반도체_진공_플라스마_장비_유지보수,77,1,미흡·없음,아니오,키워드 1건 (5건 이하): 안전(1)
반도체장비,LM1903060327_19v1_반도체_진공_플라스마_장비_유지보수,79,1,미흡·없음,아니오,"키워드 4건 (5건 이하): 사고(1), 안전(1), 감전(1), 유의 사항(1)"
반도체장비,LM1903060328_19v1_반도체_케미컬_가스_장비_유지보수,16,1,미흡·없음,아니오,키워드 1건 (5건 이하): 화학물질(1)
반도체장비,LM1903060328_19v1_반도체_케미컬_가스_장비_유지보수,17,1,미흡·없음,아니오,키워드 2건 (5건 이하): 화학물질(2)
반도체장비,LM1903060328_19v1_반도체_케미컬_가스_장비_유지보수,20,1,미흡·없음,아니오,키워드 1건 (5건 이하): 화학물질(1)
반도체장비,LM1903060328_19v1_반도체_케미컬_가스_장비_유지보수,22,1,미흡·없음,아니오,키워드 1건 (5건 이하): 진동(1)
반도체장비,LM1903060328_19v1_반도체_케미컬_가스_장비_유지보수,23,2,형식적 언급,아니오,"안전 10건 [안전(2), 사고(1), 화학물질(1), 보건(1), 위험(1)], 조치 1건 [대처(1)] (구체적 대책 미흡)"
반도체장비,LM1903060328_19v1_반도체_케미컬_가스_장비_유지보수,27,1,미흡·없음,아니오,키워드 1건 (5건 이하): 화학물질(1)
반도체장비,LM1903060328_19v1_반도체_케미컬_가스_장비_유지보수,29,1,미흡·없음,아니오,키워드 1건 (5건 이하): 진동(1)
반도체장비,LM1903060328_19v1_반도체_케미컬_가스_장비_유지보수,33,1,미흡·없음,아니오,"키워드 3건 (5건 이하): 질식(1), 안전(1), 인화(1)"
반도체장비,LM1903060328_19v1_반도체_케미컬_가스_장비_유지보수,34,2,형식적 언급,아니오,"안전 7건 [질식(2), 폭발(2), 위험(1), 유해(1), 누출(1)], 구체적 조치 언급 없음"
반도체장비,LM1903060328_19v1_반도체_케미컬_가스_장비_유지보수,36,2,형식적 언급,아니오,"안전 7건 [안전(3), 질식(1), 폭발(1), 누출(1), 주의(1)], 구체적 조치 언급 없음"
반도체장비,LM1903060328_19v1_반도체_케미컬_가스_장비_유지보수,38,2,형식적 언급,아니오,"안전 10건 [유해(8), 안전(1)], 조치 2건 [안전장치(1), 차단(1)] (구체적 대책 미흡)"
반도체장비,LM1903060328_19v1_반도체_케미컬_가스_장비_유지보수,39,1,미흡·없음,아니오,"키워드 3건 (5건 이하): 유해(2), 인화(1)"
반도체장비,LM1903060328_19v1_반도체_케미컬_가스_장비_유지보수,40,2,형식적 언급,아니오,"안전 15건 [안전(3), 보건(2), 위험(2), MSDS(2), 물질안전보건자료(2)], 조치 1건 [대처(1)] (구체적 대책 미흡)"
반도체장비,LM1903060328_19v1_반도체_케미컬_가스_장비_유지보수,42,1,미흡·없음,아니오,키워드 1건 (5건 이하): 화학물질(1)
반도체장비,LM1903060328_19v1_반도체_케미컬_가스_장비_유지보수,52,1,미흡·없음,아니오,키워드 1건 (5건 이하): 안전(1)
반도체장비,LM1903060328_19v1_반도체_케미컬_가스_장비_유지보수,55,1,미흡·없음,아니오,"키워드 4건 (5건 이하): 안전(2), 화재(1), 진동(1)"
반도체장비,LM1903060328_19v1_반도체_케미컬_가스_장비_유지보수,56,1,미흡·없음,아니오,"키워드 2건 (5건 이하): 안전(1), 화재(1)"
반도체장비,LM1903060328_19v1_반도체_케미컬_가스_장비_유지보수,57,2,형식적 언급,아니오,"안전 15건 [안전(7), 누출(5), MSDS(2), 유의 사항(1)], 조치 3건 [안전장치(2), 차단(1)] (구체적 대책 미흡)"
반도체장비,LM1903060328_19v1_반도체_케미컬_가스_장비_유지보수,58,2,형식적 언급,아니오,"안전 20건 [화학물질(6), 안전(6), 주의(2), 보건(1), 위험(1)], 조치 4건 [착용(2), 방지(1), 차단(1)] (구체적 대책 미흡)"
반도체장비,LM1903060328_19v1_반도체_케미컬_가스_장비_유지보수,59,2,형식적 언급,아니오,"안전 9건 [안전(6), 사고(1), 위험(1), 진동(1)], 조치 4건 [안전교육(2), 방지(1), 안전관리(1)] (구체적 대책 미흡)"
반도체장비,LM1903060328_19v1_반도체_케미컬_가스_장비_유지보수,60,1,미흡·없음,아니오,키워드 1건 (5건 이하): 안전(1)
반도체장비,LM1903060328_19v1_반도체_케미컬_가스_장비_유지보수,63,2,형식적 언급,아니오,"안전 14건 [안전(7), 누출(3), 보건(1), MSDS(1), 물질안전보건자료(1)], 조치 3건 [안전장치(2), 차단(1)] (구체적 대책 미흡)"
반도체장비,LM1903060328_19v1_반도체_케미컬_가스_장비_유지보수,65,1,미흡·없음,아니오,"키워드 4건 (5건 이하): 안전(3), 주의(1)"
반도체장비,LM1903060328_19v1_반도체_케미컬_가스_장비_유지보수,66,1,미흡·없음,아니오,키워드 1건 (5건 이하): 안전(1)
반도체장비,LM1903060328_19v1_반도체_케미컬_가스_장비_유지보수,67,3,구체적 대책,아니오,"안전 10건 [안전(5), 주의(5)] + 조치 5건 [안전장치(5)]"
반도체장비,LM1903060328_19v1_반도체_케미컬_가스_장비_유지보수,68,1,미흡·없음,아니오,"키워드 3건 (5건 이하): 안전(2), 주의(1)"
반도체장비,LM1903060328_19v1_반도체_케미컬_가스_장비_유지보수,69,1,미흡·없음,아니오,"키워드 2건 (5건 이하): 안전(1), 위험(1)"
반도체장비,LM1903060328_19v1_반도체_케미컬_가스_장비_유지보수,70,1,미흡·없음,아니오,"키워드 2건 (5건 이하): 안전(1), 위험(1)"
반도체장비,LM1903060328_19v1_반도체_케미컬_가스_장비_유지보수,78,2,형식적 언급,아니오,"안전 10건 [안전(3), 누출(2), 보건(1), MSDS(1), 작업환경(1)], 조치 1건 [착용(1)] (구체적 대책 미흡)"
반도체장비,LM1903060328_19v1_반도체_케미컬_가스_장비_유지보수,82,1,미흡·없음,아니오,"키워드 2건 (5건 이하): 안전(1), 유의 사항(1)"
반도체장비,LM1903060328_19v1_반도체_케미컬_가스_장비_유지보수,83,2,형식적 언급,아니오,"안전 8건 [누출(2), 안전(1), 보건(1), MSDS(1), 물질안전보건자료(1)], 조치 1건 [착용(1)] (구체적 대책 미흡)"
반도체장비,LM1903060328_19v1_반도체_케미컬_가스_장비_유지보수,85,1,미흡·없음,아니오,키워드 1건 (5건 이하): 안전(1)
반도체장비,LM1903060328_19v1_반도체_케미컬_가스_장비_유지보수,90,1,미흡·없음,아니오,"키워드 5건 (5건 이하): 안전(3), 위험(1), 폭발(1)"
반도체장비,LM1903060328_19v1_반도체_케미컬_가스_장비_유지보수,91,1,미흡·없음,아니오,키워드 2건 (5건 이하): 진동(2)
반도체장비,LM1903060328_19v1_반도체_케미컬_가스_장비_유지보수,92,2,형식적 언급,아니오,"안전 8건 [안전(3), 사고(1), 보건(1), MSDS(1), 물질안전보건자료(1)], 조치 1건 [예방(1)] (구체적 대책 미흡)"
반도체장비,LM1903060328_19v1_반도체_케미컬_가스_장비_유지보수,94,1,미흡·없음,아니오,"키워드 2건 (5건 이하): 안전(1), 주의(1)"
반도체장비,LM1903060328_19v1_반도체_케미컬_가스_장비_유지보수,95,1,미흡·없음,아니오,"키워드 2건 (5건 이하): 안전(1), 주의(1)"
반도체장비,LM1903060328_19v1_반도체_케미컬_가스_장비_유지보수,97,1,미흡·없음,아니오,키워드 1건 (5건 이하): 소음(1)
반도체장비,LM1903060328_19v1_반도체_케미컬_가스_장비_유지보수,99,1,미흡·없음,아니오,키워드 5건 (5건 이하): 누출(5)
반도체장비,LM1903060328_19v1_반도체_케미컬_가스_장비_유지보수,100,1,미흡·없음,아니오,"키워드 2건 (5건 이하): 누출(1), 주의(1)"
반도체장비,LM1903060328_19v1_반도체_케미컬_가스_장비_유지보수,101,2,형식적 언급,아니오,"안전 7건 [진동(7)], 구체적 조치 언급 없음"
반도체장비,LM1903060328_19v1_반도체_케미컬_가스_장비_유지보수,102,1,미흡·없음,아니오,"키워드 4건 (5건 이하): 안전(1), 누출(1), 작업환경(1), 유의 사항(1)"
반도체장비,LM1903060328_19v1_반도체_케미컬_가스_장비_유지보수,104,1,미흡·없음,아니오,키워드 1건 (5건 이하): 안전(1)
반도체장비,LM1903060328_19v1_반도체_케미컬_가스_장비_유지보수,105,1,미흡·없음,아니오,키워드 1건 (5건 이하): 소음(1)
반도체장비,LM1903060328_19v1_반도체_케미컬_가스_장비_유지보수,106,1,미흡·없음,아니오,키워드 1건 (5건 이하): 안전(1)
반도체장비,LM1903060328_19v1_반도체_케미컬_가스_장비_유지보수,108,1,미흡·없음,아니오,키워드 1건 (5건 이하): 누출(1)
반도체장비,LM1903060328_19v1_반도체_케미컬_가스_장비_유지보수,110,1,미흡·없음,아니오,키워드 1건 (5건 이하): 안전(1)
반도체장비,LM1903060329_19v1_반도체_장비_안전관리,46,3,구체적 대책,아니오,"안전 422건 [안전(231), 사고(46), 위험(42), 유해(24), 보호구(22)] + 조치 89건 [안전관리(28), 예방(15), 마스크(15), 방지(7), 착용(7)]"
반도체장비,LM1903060329_19v1_반도체_장비_안전관리,136,1,미흡·없음,아니오,"키워드 2건 (5건 이하): 사고(1), 위험(1)"
반도체장비,LM1903060329_19v1_반도체_장비_안전관리,137,2,형식적 언급,아니오,"안전 6건 [누출(2), 사고(1), 안전(1), 유해(1), 화재(1)], 조치 1건 [방지(1)] (구체적 대책 미흡)"
반도체장비,LM1903060329_19v1_반도체_장비_안전관리,138,1,미흡·없음,아니오,키워드 1건 (5건 이하): 먼지(1)
반도체장비,LM1903060329_19v1_반도체_장비_안전관리,139,2,형식적 언급,아니오,"안전 17건 [안전(12), 사고(3), 화학물질(1), 위험(1)], 조치 4건 [안전관리(4)] (구체적 대책 미흡)"
반도체장비,LM1903060329_19v1_반도체_장비_안전관리,140,2,형식적 언급,아니오,"안전 12건 [안전(7), 사고(5)], 조치 1건 [안전관리(1)] (구체적 대책 미흡)"
반도체장비,LM1903060329_19v1_반도체_장비_안전관리,141,3,구체적 대책,아니오,"안전 13건 [안전(5), 사고(4), 위험(2), 보호구(1), 작업환경(1)] + 조치 5건 [예방(2), 방지(1), 안전장치(1), 착용(1)]"
반도체장비,LM1903060329_19v1_반도체_장비_안전관리,142,3,구체적 대책,아니오,"안전 23건 [사고(13), 안전(9)] + 조치 8건 [예방(7), 방지(1)]"
반도체장비,LM1903060329_19v1_반도체_장비_안전관리,143,2,형식적 언급,아니오,"안전 6건 [위험(4), 사고(2)], 구체적 조치 언급 없음"
반도체장비,LM1903060329_19v1_반도체_장비_안전관리,144,2,형식적 언급,아니오,"안전 22건 [안전(10), 보건(9), 사고(1), 질병(1), 작업환경(1)], 조치 3건 [예방(2), 안전관리(1)] (구체적 대책 미흡)"
반도체장비,LM1903060329_19v1_반도체_장비_안전관리,145,2,형식적 언급,아니오,"안전 18건 [유해(5), 작업환경(3), 중독(2), 소음(2), 진동(2)], 구체적 조치 언급 없음"
반도체장비,LM1903060329_19v1_반도체_장비_안전관리,146,2,형식적 언급,아니오,"안전 18건 [작업환경(9), 유해(4), 위험(2), 화학물질(1), 소음(1)], 구체적 조치 언급 없음"
반도체장비,LM1903060329_19v1_반도체_장비_안전관리,147,2,형식적 언급,아니오,"안전 7건 [유해(3), 화학물질(2), 사고(1), 질식(1)], 구체적 조치 언급 없음"
반도체장비,LM1903060329_19v1_반도체_장비_안전관리,148,1,미흡·없음,아니오,"키워드 4건 (5건 이하): 질병(2), 화학물질(1), 유해(1)"
반도체장비,LM1903060329_19v1_반도체_장비_안전관리,149,2,형식적 언급,아니오,"안전 8건 [안전(3), 보건(3), 주의(1)], 조치 1건 [예방(1)] (구체적 대책 미흡)"
반도체장비,LM1903060329_19v1_반도체_장비_안전관리,150,2,형식적 언급,아니오,"안전 11건 [방사선(5), 안전(2), 보호구(2), 유해(1), 작업환경(1)], 조치 4건 [착용(3), 안전관리(1)] (구체적 대책 미흡)"
반도체장비,LM1903060329_19v1_반도체_장비_안전관리,151,2,형식적 언급,아니오,"안전 6건 [방사선(6)], 구체적 조치 언급 없음"
반도체장비,LM1903060329_19v1_반도체_장비_안전관리,152,2,형식적 언급,아니오,"안전 7건 [방사선(7)], 구체적 조치 언급 없음"
반도체장비,LM1903060329_19v1_반도체_장비_안전관리,153,3,구체적 대책,아니오,"안전 112건 [위험(22), 안전(17), 화재(17), 보호구(16), 폭발(11)] + 조치 33건 [소화기(8), 격리(5), 착용(5), 안전관리(5), 환기(2)]"
반도체장비,LM1903060329_19v1_반도체_장비_안전관리,154,3,구체적 대책,아니오,"안전 217건 [유해(58), 화학물질(28), 중독(22), 보호구(19), 작업환경(18)] + 조치 85건 [착용(29), 예방(14), 보호장비(11), 대처(9), 방지(7)]"
반도체재료,LM1903060401_20v2_반도체용_웨이퍼_재료_제조,16,1,미흡·없음,아니오,키워드 1건 (5건 이하): 화재(1)
반도체재료,LM1903060401_20v2_반도체용_웨이퍼_재료_제조,20,1,미흡·없음,아니오,"키워드 4건 (5건 이하): 안전(2), 보건(1), 유의 사항(1)"
반도체재료,LM1903060401_20v2_반도체용_웨이퍼_재료_제조,26,1,미흡·없음,아니오,"키워드 3건 (5건 이하): 안전(2), 주의(1)"
반도체재료,LM1903060401_20v2_반도체용_웨이퍼_재료_제조,29,1,미흡·없음,아니오,키워드 1건 (5건 이하): 부상(1)
반도체재료,LM1903060401_20v2_반도체용_웨이퍼_재료_제조,32,1,미흡·없음,아니오,"키워드 4건 (5건 이하): 안전(2), 유의 사항(2)"
반도체재료,LM1903060401_20v2_반도체용_웨이퍼_재료_제조,38,1,미흡·없음,아니오,"키워드 3건 (5건 이하): 안전(2), 유의 사항(1)"
반도체재료,LM1903060401_20v2_반도체용_웨이퍼_재료_제조,47,1,미흡·없음,아니오,"키워드 2건 (5건 이하): 안전(1), 유의 사항(1)"
반도체재료,LM1903060401_20v2_반도체용_웨이퍼_재료_제조,49,1,미흡·없음,아니오,"키워드 2건 (5건 이하): 방사선(1), 주의(1)"
반도체재료,LM1903060401_20v2_반도체용_웨이퍼_재료_제조,52,1,미흡·없음,아니오,"키워드 3건 (5건 이하): 진동(2), 소음(1)"
반도체재료,LM1903060401_20v2_반도체용_웨이퍼_재료_제조,54,1,미흡·없음,아니오,"키워드 4건 (5건 이하): 안전(2), 유의 사항(2)"
반도체재료,LM1903060401_20v2_반도체용_웨이퍼_재료_제조,56,1,미흡·없음,아니오,키워드 2건 (5건 이하): 진동(2)
반도체재료,LM1903060401_20v2_반도체용_웨이퍼_재료_제조,62,1,미흡·없음,아니오,키워드 1건 (5건 이하): 위험(1)
반도체재료,LM1903060401_20v2_반도체용_웨이퍼_재료_제조,63,1,미흡·없음,아니오,"키워드 2건 (5건 이하): 안전(1), 유의 사항(1)"
반도체재료,LM1903060401_20v2_반도체용_웨이퍼_재료_제조,65,1,미흡·없음,아니오,"키워드 2건 (5건 이하): 위험(1), 주의(1)"
반도체재료,LM1903060401_20v2_반도체용_웨이퍼_재료_제조,75,1,미흡·없음,아니오,"키워드 2건 (5건 이하): 안전(1), 유의 사항(1)"
반도체재료,LM1903060401_20v2_반도체용_웨이퍼_재료_제조,78,1,미흡·없음,아니오,키워드 1건 (5건 이하): 인화(1)
반도체재료,LM1903060401_20v2_반도체용_웨이퍼_재료_제조,88,2,형식적 언급,아니오,"안전 7건 [안전(2), 누출(2), 화재(1), 방사선(1), 유의 사항(1)], 조치 1건 [안전관리(1)] (구체적 대책 미흡)"
반도체재료,LM1903060401_20v2_반도체용_웨이퍼_재료_제조,94,2,형식적 언급,아니오,"안전 6건 [안전(2), 누출(2), 화재(1), 유의 사항(1)], 조치 1건 [안전관리(1)] (구체적 대책 미흡)"
반도체재료,LM1903060402_14v1_반도체용_리소그래피_재료_제조,90,3,구체적 대책,아니오,"안전 39건 [주의(18), 안전(12), MSDS(3), 유의 사항(3), 화학물질(2)] + 조치 26건 [마스크(16), 방지(4), 안전모(3), 안전화(3)]"
반도체재료,LM1903060402_14v1_반도체용_리소그래피_재료_제조,91,3,구체적 대책,아니오,"안전 55건 [안전(12), 폭발(12), 사고(7), MSDS(6), 화학물질(4)] + 조치 15건 [마스크(4), 대처(3), 안전모(3), 안전화(3), 예방(1)]"
반도체재료,LM1903060402_14v1_반도체용_리소그래피_재료_제조,92,1,미흡·없음,아니오,키워드 1건 (5건 이하): MSDS(1)
반도체재료,LM1903060402_14v1_반도체용_리소그래피_재료_제조,93,1,미흡·없음,아니오,"키워드 5건 (5건 이하): 안전(4), 유의 사항(1)"
반도체재료,LM1903060402_14v1_반도체용_리소그래피_재료_제조,96,1,미흡·없음,아니오,키워드 1건 (5건 이하): PSM(1)
반도체재료,LM1903060402_14v1_반도체용_리소그래피_재료_제조,102,1,미흡·없음,아니오,키워드 1건 (5건 이하): 안전(1)
반도체재료,LM1903060402_14v1_반도체용_리소그래피_재료_제조,103,2,형식적 언급,아니오,"안전 7건 [유해(2), 사고(1), 화학물질(1), 안전(1), MSDS(1)], 구체적 조치 언급 없음"
반도체재료,LM1903060403_14v1_반도체용_가스_재료_제조,40,1,미흡·없음,아니오,키워드 2건 (5건 이하): 안전(2)
반도체재료,LM1903060403_14v1_반도체용_가스_재료_제조,54,2,형식적 언급,아니오,"안전 25건 [안전(8), 주의(4), 질식(3), 위험(3), 폭발(3)], 조치 2건 [안전대책(1), 소화기(1)] (구체적 대책 미흡)"
반도체재료,LM1903060403_14v1_반도체용_가스_재료_제조,56,1,미흡·없음,아니오,"키워드 2건 (5건 이하): 안전(1), 유의 사항(1)"
반도체재료,LM1903060403_14v1_반도체용_가스_재료_제조,57,1,미흡·없음,아니오,키워드 1건 (5건 이하): 폭발(1)
반도체재료,LM1903060403_14v1_반도체용_가스_재료_제조,59,1,미흡·없음,아니오,키워드 2건 (5건 이하): 안전(2)
반도체재료,LM1903060403_14v1_반도체용_가스_재료_제조,60,2,형식적 언급,아니오,"안전 12건 [안전(4), 유해(2), 누출(2), 사고(1), 위험(1)], 구체적 조치 언급 없음"
반도체재료,LM1903060403_14v1_반도체용_가스_재료_제조,61,1,미흡·없음,아니오,키워드 1건 (5건 이하): 누출(1)
반도체재료,LM1903060403_14v1_반도체용_가스_재료_제조,67,1,미흡·없음,아니오,"키워드 5건 (5건 이하): 안전(4), 위험(1)"
반도체재료,LM1903060403_14v1_반도체용_가스_재료_제조,71,2,형식적 언급,아니오,"안전 11건 [누출(5), 위험(2), 주의(2), 안전(1), 화재(1)], 조치 3건 [착용(1), 마스크(1), 방독면(1)] (구체적 대책 미흡)"
반도체재료,LM1903060403_14v1_반도체용_가스_재료_제조,73,1,미흡·없음,아니오,"키워드 3건 (5건 이하): 안전(1), 폭발(1), 유의 사항(1)"
반도체재료,LM1903060403_14v1_반도체용_가스_재료_제조,74,1,미흡·없음,아니오,"키워드 2건 (5건 이하): 안전(1), 위험(1)"
반도체재료,LM1903060403_14v1_반도체용_가스_재료_제조,78,1,미흡·없음,아니오,키워드 1건 (5건 이하): 위험(1)
반도체재료,LM1903060403_14v1_반도체용_가스_재료_제조,85,1,미흡·없음,아니오,"키워드 5건 (5건 이하): 안전(2), 폭발(1), 유의 사항(1), 인화(1)"
반도체재료,LM1903060403_14v1_반도체용_가스_재료_제조,86,1,미흡·없음,아니오,"키워드 5건 (5건 이하): 안전(2), 위험(1), 유해(1), 주의(1)"
반도체재료,LM1903060403_14v1_반도체용_가스_재료_제조,94,2,형식적 언급,아니오,"안전 14건 [화재(6), 유해(2), 질식(1), 안전(1), 위험(1)], 조치 1건 [예방(1)] (구체적 대책 미흡)"
반도체재료,LM1903060403_14v1_반도체용_가스_재료_제조,96,1,미흡·없음,아니오,키워드 1건 (5건 이하): 화학물질(1)
반도체재료,LM1903060403_14v1_반도체용_가스_재료_제조,98,1,미흡·없음,아니오,키워드 1건 (5건 이하): 누출(1)
반도체재료,LM1903060403_14v1_반도체용_가스_재료_제조,100,1,미흡·없음,아니오,"키워드 5건 (5건 이하): 진동(2), 안전(1), MSDS(1), 유의 사항(1)"
반도체재료,LM1903060403_14v1_반도체용_가스_재료_제조,101,1,미흡·없음,아니오,"키워드 3건 (5건 이하): 안전(1), 유의 사항(1), 주의(1)"
반도체재료,LM1903060403_14v1_반도체용_가스_재료_제조,108,1,미흡·없음,아니오,"키워드 4건 (5건 이하): 안전(1), 보건(1), MSDS(1), 물질안전보건자료(1)"
반도체재료,LM1903060404_23v3_반도체용_금속_Target_재료_제조,19,1,미흡·없음,아니오,키워드 1건 (5건 이하): MSDS(1)
반도체재료,LM1903060404_23v3_반도체용_금속_Target_재료_제조,20,1,미흡·없음,아니오,"키워드 2건 (5건 이하): 안전(1), 유의 사항(1)"
반도체재료,LM1903060404_23v3_반도체용_금속_Target_재료_제조,26,1,미흡·없음,아니오,"키워드 3건 (5건 이하): 안전(1), MSDS(1), 유의 사항(1)"
반도체재료,LM1903060404_23v3_반도체용_금속_Target_재료_제조,41,3,구체적 대책,아니오,"안전 6건 [안전(1), 위험(1), 폭발(1), MSDS(1), 유의 사항(1)] + 조치 7건 [방지(6), 대처(1)]"
반도체재료,LM1903060404_23v3_반도체용_금속_Target_재료_제조,42,1,미흡·없음,아니오,키워드 1건 (5건 이하): 인화(1)
반도체재료,LM1903060404_23v3_반도체용_금속_Target_재료_제조,44,1,미흡·없음,아니오,키워드 2건 (5건 이하): 진동(2)
반도체재료,LM1903060404_23v3_반도체용_금속_Target_재료_제조,47,1,미흡·없음,아니오,"키워드 5건 (5건 이하): 진동(2), 안전(1), MSDS(1), 유의 사항(1)"
반도체재료,LM1903060404_23v3_반도체용_금속_Target_재료_제조,60,1,미흡·없음,아니오,키워드 1건 (5건 이하): MSDS(1)
반도체재료,LM1903060404_23v3_반도체용_금속_Target_재료_제조,61,1,미흡·없음,아니오,"키워드 2건 (5건 이하): 안전(1), 유의 사항(1)"
반도체재료,LM1903060404_23v3_반도체용_금속_Target_재료_제조,66,1,미흡·없음,아니오,키워드 1건 (5건 이하): 폭발(1)
반도체재료,LM1903060404_23v3_반도체용_금속_Target_재료_제조,68,1,미흡·없음,아니오,"키워드 5건 (5건 이하): 유해(1), 누출(1), 소음(1), 진동(1), 분진(1)"
반도체재료,LM1903060404_23v3_반도체용_금속_Target_재료_제조,69,1,미흡·없음,아니오,"키워드 3건 (5건 이하): 안전(1), 보건(1), 위험(1)"
반도체재료,LM1903060404_23v3_반도체용_금속_Target_재료_제조,70,1,미흡·없음,아니오,키워드 1건 (5건 이하): MSDS(1)
반도체재료,LM1903060404_23v3_반도체용_금속_Target_재료_제조,71,1,미흡·없음,아니오,"키워드 3건 (5건 이하): 안전(1), 유의 사항(1), 주의(1)"
반도체재료,LM1903060404_23v3_반도체용_금속_Target_재료_제조,80,2,형식적 언급,아니오,"안전 6건 [안전(2), 유해(2), 화학물질(1), MSDS(1)], 구체적 조치 언급 없음"
반도체재료,LM1903060405_14v1_반도체용_습식화공약품_Wet_Chemical_재료_제조,54,1,미흡·없음,아니오,키워드 2건 (5건 이하): 안전(2)
반도체재료,LM1903060405_14v1_반도체용_습식화공약품_Wet_Chemical_재료_제조,69,2,형식적 언급,아니오,"안전 85건 [안전(20), 주의(20), MSDS(11), 유의 사항(8), 화학물질(7)], 조치 4건 [착용(2), 안전관리(1), 보호복(1)] (구체적 대책 미흡)"
반도체재료,LM1903060405_14v1_반도체용_습식화공약품_Wet_Chemical_재료_제조,72,2,형식적 언급,아니오,"안전 7건 [안전(2), 유의 사항(2), MSDS(1), 진동(1), 주의(1)], 조치 1건 [착용(1)] (구체적 대책 미흡)"
반도체재료,LM1903060405_14v1_반도체용_습식화공약품_Wet_Chemical_재료_제조,77,1,미흡·없음,아니오,키워드 1건 (5건 이하): 안전(1)
반도체재료,LM1903060405_14v1_반도체용_습식화공약품_Wet_Chemical_재료_제조,78,2,형식적 언급,아니오,"안전 14건 [위험(3), 유해(3), 안전(2), 보건(2), MSDS(2)], 구체적 조치 언급 없음"
반도체재료,LM1903060405_14v1_반도체용_습식화공약품_Wet_Chemical_재료_제조,79,2,형식적 언급,아니오,"안전 17건 [안전(3), 유해(3), 보호구(3), 화학물질(2), 폭발(2)], 조치 4건 [대처(2), 예방(1), 방지(1)] (구체적 대책 미흡)"
반도체재료,LM1903060405_14v1_반도체용_습식화공약품_Wet_Chemical_재료_제조,80,2,형식적 언급,아니오,"안전 20건 [안전(7), 보건(3), 위험(3), 유해(2), 주의(2)], 조치 1건 [안전관리(1)] (구체적 대책 미흡)"
반도체재료,LM1903060405_14v1_반도체용_습식화공약품_Wet_Chemical_재료_제조,81,1,미흡·없음,아니오,"키워드 3건 (5건 이하): 유해(1), 폭발(1), 분진(1)"
반도체재료,LM1903060405_14v1_반도체용_습식화공약품_Wet_Chemical_재료_제조,82,1,미흡·없음,아니오,키워드 2건 (5건 이하): MSDS(2)
반도체재료,LM1903060406_20v2_반도체_패키지_재료_제조,17,1,미흡·없음,아니오,키워드 1건 (5건 이하): MSDS(1)
반도체재료,LM1903060406_20v2_반도체_패키지_재료_제조,19,1,미흡·없음,아니오,키워드 1건 (5건 이하): 화재(1)
반도체재료,LM1903060406_20v2_반도체_패키지_재료_제조,30,1,미흡·없음,아니오,"키워드 3건 (5건 이하): 안전(2), 유의사항(1)"
반도체재료,LM1903060406_20v2_반도체_패키지_재료_제조,38,2,형식적 언급,아니오,"안전 13건 [안전(4), 보건(2), 사고(1), 화학물질(1), 위험(1)], 구체적 조치 언급 없음"
반도체재료,LM1903060406_20v2_반도체_패키지_재료_제조,49,1,미흡·없음,아니오,"키워드 3건 (5건 이하): 안전(2), 유의사항(1)"
반도체재료,LM1903060406_20v2_반도체_패키지_재료_제조,53,1,미흡·없음,아니오,키워드 1건 (5건 이하): 안전(1)
반도체재료,LM1903060406_20v2_반도체_패키지_재료_제조,56,1,미흡·없음,아니오,"키워드 3건 (5건 이하): 안전(1), 위험(1), 유의사항(1)"
반도체재료,LM1903060406_20v2_반도체_패키지_재료_제조,61,1,미흡·없음,아니오,"키워드 2건 (5건 이하): 안전(1), 유의사항(1)"
반도체재료,LM1903060406_20v2_반도체_패키지_재료_제조,69,1,미흡·없음,아니오,"키워드 3건 (5건 이하): 안전(2), 유의사항(1)"
반도체재료,LM1903060406_20v2_반도체_패키지_재료_제조,76,1,미흡·없음,아니오,"키워드 4건 (5건 이하): 위험(2), 안전(1), 유의사항(1)"
반도체재료,LM1903060406_20v2_반도체_패키지_재료_제조,81,1,미흡·없음,아니오,"키워드 2건 (5건 이하): 안전(1), 유의사항(1)"
반도체재료,LM1903060406_20v2_반도체_패키지_재료_제조,90,1,미흡·없음,아니오,키워드 1건 (5건 이하): 방사선(1)
반도체재료,LM1903060406_20v2_반도체_패키지_재료_제조,96,1,미흡·없음,아니오,"키워드 3건 (5건 이하): 안전(2), 유의사항(1)"
반도체재료,LM1903060406_20v2_반도체_패키지_재료_제조,102,1,미흡·없음,아니오,"키워드 3건 (5건 이하): 안전(1), 유의사항(1), 주의(1)"
반도체재료,LM1903060406_20v2_반도체_패키지_재료_제조,106,1,미흡·없음,아니오,키워드 2건 (5건 이하): 진동(2)
반도체재료,LM1903060406_20v2_반도체_패키지_재료_제조,107,2,형식적 언급,아니오,"안전 6건 [진동(2), 먼지(2), 화재(1), 방사선(1)], 구체적 조치 언급 없음"
반도체재료,LM1903060406_20v2_반도체_패키지_재료_제조,110,1,미흡·없음,아니오,키워드 1건 (5건 이하): 진동(1)
반도체재료,LM1903060406_20v2_반도체_패키지_재료_제조,111,1,미흡·없음,아니오,"키워드 2건 (5건 이하): 안전(1), 유의사항(1)"
반도체재료,LM1903060406_20v2_반도체_패키지_재료_제조,114,1,미흡·없음,아니오,키워드 1건 (5건 이하): 안전(1)
반도체재료,LM1903060406_20v2_반도체_패키지_재료_제조,118,2,형식적 언급,아니오,"안전 7건 [안전(3), 사고(1), 감전(1), 유의사항(1), 주의(1)], 조치 3건 [예방(1), 차단(1), 착용(1)] (구체적 대책 미흡)"
반도체재료,LM1903060406_20v2_반도체_패키지_재료_제조,119,1,미흡·없음,아니오,"키워드 3건 (5건 이하): 안전(2), 유의사항(1)"
반도체재료,LM1903060408_23v3_반도체_재료_개발,118,2,형식적 언급,아니오,"안전 19건 [안전(6), 유의 사항(6), 유의사항(4), 위험(2), 주의(1)], 구체적 조치 언급 없음"
반도체재료,LM1903060408_23v3_반도체_재료_개발,119,2,형식적 언급,아니오,"안전 24건 [안전(10), 유의 사항(6), 유의사항(4), 주의(4)], 조치 2건 [대처(2)] (구체적 대책 미흡)"
반도체재료,LM1903060409_23v3_반도체_재료_생산관리,22,1,미흡·없음,아니오,"키워드 2건 (5건 이하): 안전(1), 유의 사항(1)"
반도체재료,LM1903060409_23v3_반도체_재료_생산관리,30,1,미흡·없음,아니오,"키워드 2건 (5건 이하): 안전(1), 유의 사항(1)"
반도체재료,LM1903060409_23v3_반도체_재료_생산관리,37,1,미흡·없음,아니오,"키워드 2건 (5건 이하): 안전(1), 유의 사항(1)"
반도체재료,LM1903060409_23v3_반도체_재료_생산관리,49,1,미흡·없음,아니오,키워드 1건 (5건 이하): 안전(1)
반도체재료,LM1903060409_23v3_반도체_재료_생산관리,50,1,미흡·없음,아니오,"키워드 4건 (5건 이하): 안전(2), 유의 사항(2)"
반도체재료,LM1903060409_23v3_반도체_재료_생산관리,53,2,형식적 언급,아니오,"안전 6건 [안전(4), 위험(2)], 조치 2건 [방지(1), 착용(1)] (구체적 대책 미흡)"
반도체재료,LM1903060409_23v3_반도체_재료_생산관리,56,1,미흡·없음,아니오,키워드 1건 (5건 이하): 안전(1)
반도체재료,LM1903060409_23v3_반도체_재료_생산관리,59,1,미흡·없음,아니오,키워드 1건 (5건 이하): 안전(1)
반도체재료,LM1903060409_23v3_반도체_재료_생산관리,60,2,형식적 언급,아니오,"안전 13건 [안전(3), 소음(3), 진동(3), 유의 사항(2), 주의(2)], 구체적 조치 언급 없음"
반도체재료,LM1903060409_23v3_반도체_재료_생산관리,67,1,미흡·없음,아니오,"키워드 4건 (5건 이하): 안전(2), 유의 사항(2)"
반도체재료,LM1903060409_23v3_반도체_재료_생산관리,68,1,미흡·없음,아니오,"키워드 3건 (5건 이하): 안전(1), 위험(1), 유해(1)"
반도체재료,LM1903060409_23v3_반도체_재료_생산관리,70,1,미흡·없음,아니오,키워드 1건 (5건 이하): 안전(1)
반도체재료,LM1903060409_23v3_반도체_재료_생산관리,78,1,미흡·없음,아니오,"키워드 2건 (5건 이하): 안전(1), 유의 사항(1)"
반도체재료,LM1903060409_23v3_반도체_재료_생산관리,82,1,미흡·없음,아니오,"키워드 2건 (5건 이하): 안전(1), 위험(1)"
반도체재료,LM1903060409_23v3_반도체_재료_생산관리,85,1,미흡·없음,아니오,"키워드 2건 (5건 이하): 안전(1), 유의 사항(1)"
반도체재료,LM1903060409_23v3_반도체_재료_생산관리,86,1,미흡·없음,아니오,"키워드 3건 (5건 이하): 안전(2), 주의(1)"
반도체재료,LM1903060409_23v3_반도체_재료_생산관리,88,1,미흡·없음,아니오,"키워드 4건 (5건 이하): 주의(2), 진동(1), 작업환경(1)"
반도체재료,LM1903060409_23v3_반도체_재료_생산관리,92,1,미흡·없음,아니오,"키워드 4건 (5건 이하): 안전(2), 유의 사항(2)"
반도체재료,LM1903060410_23v3_반도체_재료_품질관리,20,1,미흡·없음,아니오,"키워드 5건 (5건 이하): 안전(2), 보건(1), MSDS(1), 물질안전보건자료(1)"
반도체재료,LM1903060410_23v3_반도체_재료_품질관리,21,2,형식적 언급,아니오,"안전 7건 [안전(2), MSDS(2), 보건(1), 물질안전보건자료(1), 유의 사항(1)], 구체적 조치 언급 없음"
반도체재료,LM1903060410_23v3_반도체_재료_품질관리,22,2,형식적 언급,아니오,"안전 7건 [안전(2), 보건(2), MSDS(2), 물질안전보건자료(1)], 구체적 조치 언급 없음"
반도체재료,LM1903060410_23v3_반도체_재료_품질관리,23,1,미흡·없음,아니오,"키워드 4건 (5건 이하): 안전(2), 보건(1), MSDS(1)"
반도체재료,LM1903060410_23v3_반도체_재료_품질관리,28,2,형식적 언급,아니오,"안전 7건 [안전(3), 보건(1), 위험(1), 산업안전보건법(1), 유의 사항(1)], 조치 1건 [안전관리(1)] (구체적 대책 미흡)"
반도체재료,LM1903060410_23v3_반도체_재료_품질관리,41,2,형식적 언급,아니오,"안전 9건 [안전(3), 화학물질(1), 보건(1), 위험(1), 유해(1)], 조치 1건 [안전관리(1)] (구체적 대책 미흡)"
반도체재료,LM1903060410_23v3_반도체_재료_품질관리,44,1,미흡·없음,아니오,키워드 1건 (5건 이하): 화학물질(1)
반도체재료,LM1903060410_23v3_반도체_재료_품질관리,47,1,미흡·없음,아니오,키워드 1건 (5건 이하): 안전(1)
반도체재료,LM1903060410_23v3_반도체_재료_품질관리,49,2,형식적 언급,아니오,"안전 18건 [위험(5), 유해(5), 화학물질(3), 안전(1), 보건(1)], 조치 1건 [응급조치(1)] (구체적 대책 미흡)"
반도체재료,LM1903060410_23v3_반도체_재료_품질관리,50,3,구체적 대책,아니오,"안전 24건 [안전(9), 보호구(6), 위험(3), 유해(3), 화학물질(2)] + 조치 12건 [착용(7), 안전모(4), 예방(1)]"
반도체재료,LM1903060410_23v3_반도체_재료_품질관리,51,1,미흡·없음,아니오,키워드 1건 (5건 이하): 안전(1)
반도체재료,LM1903060410_23v3_반도체_재료_품질관리,52,1,미흡·없음,아니오,키워드 1건 (5건 이하): 안전(1)
반도체재료,LM1903060410_23v3_반도체_재료_품질관리,54,2,형식적 언급,아니오,"안전 7건 [안전(4), 보건(1), 보호구(1), 유의 사항(1)], 조치 3건 [착용(3)] (구체적 대책 미흡)"
반도체재료,LM1903060410_23v3_반도체_재료_품질관리,55,2,형식적 언급,아니오,"안전 12건 [안전(4), 위험(3), 폭발(2), 보건(1), 보호구(1)], 조치 1건 [착용(1)] (구체적 대책 미흡)"
반도체재료,LM1903060410_23v3_반도체_재료_품질관리,56,2,형식적 언급,아니오,"안전 10건 [안전(6), 보호구(2), 유의사항(1), 유의 사항(1)], 조치 4건 [착용(1), 안전모(1), 보안경(1), 마스크(1)] (구체적 대책 미흡)"
반도체재료,LM1903060410_23v3_반도체_재료_품질관리,57,3,구체적 대책,아니오,"안전 16건 [화학물질(5), 안전(5), 보호구(2), 질식(1), 위험(1)] + 조치 11건 [착용(4), 마스크(3), 방독면(2), 방지(1), 보안경(1)]"
반도체재료,LM1903060410_23v3_반도체_재료_품질관리,58,1,미흡·없음,아니오,"키워드 5건 (5건 이하): 안전(3), 보호구(2)"
반도체재료,LM1903060410_23v3_반도체_재료_품질관리,59,1,미흡·없음,아니오,"키워드 3건 (5건 이하): 안전(2), 유의사항(1)"
반도체재료,LM1903060410_23v3_반도체_재료_품질관리,61,1,미흡·없음,아니오,"키워드 4건 (5건 이하): 안전(2), 유의 사항(1), 주의(1)"
반도체재료,LM1903060410_23v3_반도체_재료_품질관리,70,1,미흡·없음,아니오,"키워드 2건 (5건 이하): 사고(1), 안전(1)"
반도체재료,LM1903060410_23v3_반도체_재료_품질관리,71,1,미흡·없음,아니오,"키워드 2건 (5건 이하): 안전(1), 유의 사항(1)"
반도체재료,LM1903060410_23v3_반도체_재료_품질관리,81,1,미흡·없음,아니오,"키워드 3건 (5건 이하): 안전(2), 유의 사항(1)"
반도체재료,LM1903060410_23v3_반도체_재료_품질관리,89,1,미흡·없음,아니오,"키워드 2건 (5건 이하): 안전(1), 유의 사항(1)"
반도체재료,LM1903060410_23v3_반도체_재료_품질관리,90,1,미흡·없음,아니오,"키워드 2건 (5건 이하): 안전(1), 위험(1)"
반도체재료,LM1903060410_23v3_반도체_재료_품질관리,103,1,미흡·없음,아니오,"키워드 2건 (5건 이하): 안전(1), 유의 사항(1)"
반도체재료,LM1903060410_23v3_반도체_재료_품질관리,106,1,미흡·없음,아니오,"키워드 3건 (5건 이하): 화재(1), 소음(1), 진동(1)"
반도체재료,LM1903060410_23v3_반도체_재료_품질관리,108,1,미흡·없음,아니오,"키워드 3건 (5건 이하): 안전(2), 유의 사항(1)"
반도체재료,LM1903060410_23v3_반도체_재료_품질관리,111,1,미흡·없음,아니오,키워드 1건 (5건 이하): 안전(1)
반도체재료,LM1903060410_23v3_반도체_재료_품질관리,113,2,형식적 언급,아니오,"안전 16건 [화학물질(6), 안전(2), 보건(2), 유해(2), MSDS(2)], 구체적 조치 언급 없음"
반도체재료,LM1903060410_23v3_반도체_재료_품질관리,114,2,형식적 언급,아니오,"안전 16건 [화학물질(6), 안전(2), 보건(2), 유해(2), MSDS(2)], 구체적 조치 언급 없음"
반도체재료,LM1903060410_23v3_반도체_재료_품질관리,115,2,형식적 언급,아니오,"안전 10건 [화학물질(5), 안전(1), 보건(1), 유해(1), MSDS(1)], 구체적 조치 언급 없음"
반도체재료,LM1903060410_23v3_반도체_재료_품질관리,117,1,미흡·없음,아니오,키워드 1건 (5건 이하): 안전(1)
반도체재료,LM1903060411_23v3_반도체_재료_안전관리,12,2,형식적 언급,아니오,"안전 6건 [위험(3), 안전(2), 사고(1)], 조치 2건 [방지(1), 안전관리(1)] (구체적 대책 미흡)"
반도체재료,LM1903060411_23v3_반도체_재료_안전관리,13,3,구체적 대책,아니오,"안전 16건 [안전(7), 위험(6), 사고(1), 유해(1), 작업환경(1)] + 조치 6건 [안전관리(5), 방지(1)]"
반도체재료,LM1903060411_23v3_반도체_재료_안전관리,15,2,형식적 언급,아니오,"안전 10건 [안전(3), 위험(3), 유해(3), MSDS(1)], 조치 3건 [안전관리(2), 마스크(1)] (구체적 대책 미흡)"
반도체재료,LM1903060411_23v3_반도체_재료_안전관리,17,1,미흡·없음,아니오,"키워드 4건 (5건 이하): 방사선(2), 유해(1), 분진(1)"
반도체재료,LM1903060411_23v3_반도체_재료_안전관리,18,2,형식적 언급,아니오,"안전 21건 [화학물질(5), MSDS(3), 안전(2), 보건(2), 위험(2)], 조치 2건 [예방(1), 응급조치(1)] (구체적 대책 미흡)"
반도체재료,LM1903060411_23v3_반도체_재료_안전관리,19,2,형식적 언급,아니오,"안전 12건 [유해(7), 위험(2), 안전(1), MSDS(1), 유의 사항(1)], 구체적 조치 언급 없음"
반도체재료,LM1903060411_23v3_반도체_재료_안전관리,20,2,형식적 언급,아니오,"안전 23건 [MSDS(8), 유해(5), 화학물질(4), 폭발(2), 안전(1)], 구체적 조치 언급 없음"
반도체재료,LM1903060411_23v3_반도체_재료_안전관리,21,2,형식적 언급,아니오,"안전 11건 [화학물질(5), MSDS(4), 안전(2)], 조치 2건 [안전관리(2)] (구체적 대책 미흡)"
반도체재료,LM1903060411_23v3_반도체_재료_안전관리,22,3,구체적 대책,아니오,"안전 19건 [MSDS(6), 화학물질(4), 안전(4), 유해(4), 위험(1)] + 조치 6건 [안전관리(4), 응급조치(2)]"
반도체재료,LM1903060411_23v3_반도체_재료_안전관리,23,3,구체적 대책,아니오,"안전 10건 [유해(3), 안전(2), 사고(1), 보호구(1), 화재(1)] + 조치 5건 [대처(2), 안전관리(2), 응급조치(1)]"
반도체재료,LM1903060411_23v3_반도체_재료_안전관리,24,2,형식적 언급,아니오,"안전 9건 [유해(6), 중독(3)], 구체적 조치 언급 없음"
반도체재료,LM1903060411_23v3_반도체_재료_안전관리,25,2,형식적 언급,아니오,"안전 9건 [사고(4), 안전(2), 유해(2), 위험(1)], 조치 3건 [방지(3)] (구체적 대책 미흡)"
반도체재료,LM1903060411_23v3_반도체_재료_안전관리,26,2,형식적 언급,아니오,"안전 17건 [위험(9), 안전(7), 사고(1)], 조치 4건 [안전관리(2), 예방(1), 방지(1)] (구체적 대책 미흡)"
반도체재료,LM1903060411_23v3_반도체_재료_안전관리,27,2,형식적 언급,아니오,"안전 21건 [사고(12), 안전(5), 보건(2), 유의 사항(1), 주의(1)], 조치 2건 [방지(2)] (구체적 대책 미흡)"
반도체재료,LM1903060411_23v3_반도체_재료_안전관리,28,2,형식적 언급,아니오,"안전 17건 [사고(14), 누출(2), 안전(1)], 조치 4건 [방지(3), 대피(1)] (구체적 대책 미흡)"
반도체재료,LM1903060411_23v3_반도체_재료_안전관리,29,3,구체적 대책,아니오,"안전 17건 [안전(12), 위험(3), 사고(2)] + 조치 6건 [예방(4), 안전관리(2)]"
반도체재료,LM1903060411_23v3_반도체_재료_안전관리,30,3,구체적 대책,아니오,"안전 9건 [유해(5), 안전(3), 사고(1)] + 조치 13건 [마스크(4), 예방(3), 착용(3), 방지(1), 대처(1)]"
반도체재료,LM1903060411_23v3_반도체_재료_안전관리,31,2,형식적 언급,아니오,"안전 32건 [사고(18), 안전(7), 보호구(3), 위험(2), 화재(1)], 조치 1건 [안전장치(1)] (구체적 대책 미흡)"
반도체재료,LM1903060411_23v3_반도체_재료_안전관리,32,2,형식적 언급,아니오,"안전 16건 [사고(8), 화재(5), 안전(2), 보호구(1)], 조치 1건 [안전화(1)] (구체적 대책 미흡)"
반도체재료,LM1903060411_23v3_반도체_재료_안전관리,33,2,형식적 언급,아니오,"안전 13건 [사고(9), 안전(2), 화재(1), 추락(1)], 조치 3건 [예방(1), 방지(1), 안전관리(1)] (구체적 대책 미흡)"
반도체재료,LM1903060411_23v3_반도체_재료_안전관리,35,2,형식적 언급,아니오,"안전 11건 [유해(4), 사고(2), MSDS(2), 화학물질(1), 위험(1)], 구체적 조치 언급 없음"
반도체재료,LM1903060411_23v3_반도체_재료_안전관리,36,3,구체적 대책,아니오,"안전 20건 [사고(8), 유해(6), 안전(2), 위험(2), MSDS(2)] + 조치 5건 [방지(4), 대처(1)]"
반도체재료,LM1903060411_23v3_반도체_재료_안전관리,37,2,형식적 언급,아니오,"안전 22건 [유해(7), 사고(5), 안전(5), 위험(2), MSDS(2)], 조치 4건 [방지(4)] (구체적 대책 미흡)"
반도체재료,LM1903060411_23v3_반도체_재료_안전관리,38,2,형식적 언급,아니오,"안전 12건 [위험(4), 안전(3), 유해(2), 사고(1), MSDS(1)], 조치 2건 [방지(1), 안전관리(1)] (구체적 대책 미흡)"
반도체재료,LM1903060411_23v3_반도체_재료_안전관리,39,1,미흡·없음,아니오,"키워드 5건 (5건 이하): 중독(3), 위험(1), 유해(1)"
반도체재료,LM1903060411_23v3_반도체_재료_안전관리,40,1,미흡·없음,아니오,"키워드 4건 (5건 이하): 중독(2), 유해(2)"
반도체재료,LM1903060411_23v3_반도체_재료_안전관리,41,2,형식적 언급,아니오,"안전 19건 [중독(9), 유해(6), 위험(2), 질식(1), 방사선(1)], 조치 1건 [소화기(1)] (구체적 대책 미흡)"
반도체재료,LM1903060411_23v3_반도체_재료_안전관리,42,2,형식적 언급,아니오,"안전 23건 [안전(6), 보건(4), 위험(4), 사고(2), 화학물질(2)], 조치 1건 [안전관리(1)] (구체적 대책 미흡)"
반도체재료,LM1903060411_23v3_반도체_재료_안전관리,43,3,구체적 대책,아니오,"안전 28건 [위험(9), 유해(7), 안전(2), 보건(2), 누출(2)] + 조치 5건 [환기(2), 방지(1), 착용(1), 보안경(1)]"
반도체재료,LM1903060411_23v3_반도체_재료_안전관리,44,2,형식적 언급,아니오,"안전 14건 [화학물질(5), 위험(4), 유해(4), 보호구(1)], 조치 3건 [환기(1), 착용(1), 보안경(1)] (구체적 대책 미흡)"
반도체재료,LM1903060411_23v3_반도체_재료_안전관리,45,3,구체적 대책,아니오,"안전 23건 [유해(5), 누출(5), 화학물질(4), 보호구(4), 방사선(4)] + 조치 11건 [착용(5), 보안경(4), 방지(1), 안전관리(1)]"
반도체재료,LM1903060411_23v3_반도체_재료_안전관리,46,2,형식적 언급,아니오,"안전 11건 [위험(6), 유해(3), 화학물질(1), 방사선(1)], 조치 1건 [예방(1)] (구체적 대책 미흡)"
반도체재료,LM1903060411_23v3_반도체_재료_안전관리,47,2,형식적 언급,아니오,"안전 32건 [위험(13), 화학물질(7), 유해(7), 분진(5)], 구체적 조치 언급 없음"
반도체재료,LM1903060411_23v3_반도체_재료_안전관리,48,2,형식적 언급,아니오,"안전 13건 [위험(9), 유해(3), 주의(1)], 구체적 조치 언급 없음"
반도체재료,LM1903060411_23v3_반도체_재료_안전관리,49,2,형식적 언급,아니오,"안전 22건 [위험(9), 유해(4), 화재(3), 사고(2), 화학물질(2)], 조치 1건 [방지(1)] (구체적 대책 미흡)"
반도체재료,LM1903060411_23v3_반도체_재료_안전관리,50,2,형식적 언급,아니오,"안전 7건 [화재(4), 누출(2), 주의(1)], 조치 4건 [대처(4)] (구체적 대책 미흡)"
반도체재료,LM1903060411_23v3_반도체_재료_안전관리,51,3,구체적 대책,아니오,"안전 33건 [안전(7), 누출(6), 보건(4), 화학물질(3), 위험(3)] + 조치 9건 [마스크(3), 격리(2), 안전관리(2), 보호장비(1), 착용(1)]"
반도체재료,LM1903060411_23v3_반도체_재료_안전관리,52,2,형식적 언급,아니오,"안전 14건 [화학물질(5), 사고(3), 안전(2), 유해(2), MSDS(2)], 조치 2건 [안전관리(2)] (구체적 대책 미흡)"
반도체재료,LM1903060411_23v3_반도체_재료_안전관리,53,2,형식적 언급,아니오,"안전 26건 [사고(10), 화재(4), 안전(3), 유해(3), 누출(3)], 조치 2건 [차단(1), 안전관리(1)] (구체적 대책 미흡)"
반도체재료,LM1903060411_23v3_반도체_재료_안전관리,54,2,형식적 언급,아니오,"안전 26건 [유해(10), 사고(5), 누출(3), 화학물질(2), 안전(2)], 조치 4건 [방지(1), 착용(1), 소화기(1), 대피(1)] (구체적 대책 미흡)"
반도체재료,LM1903060411_23v3_반도체_재료_안전관리,55,2,형식적 언급,아니오,"안전 17건 [안전(5), 사고(3), 화학물질(3), 유해(3), 질병(1)], 조치 1건 [안전관리(1)] (구체적 대책 미흡)"
반도체재료,LM1903060411_23v3_반도체_재료_안전관리,56,3,구체적 대책,아니오,"안전 28건 [사고(7), 안전(6), 유해(4), 누출(4), 화학물질(2)] + 조치 11건 [차단(5), 착용(2), 안전관리(2), 격리(1), 대피(1)]"
반도체재료,LM1903060411_23v3_반도체_재료_안전관리,57,3,구체적 대책,아니오,"안전 13건 [사고(3), 유해(3), 누출(3), 안전(1), 위험(1)] + 조치 18건 [대피(7), 방지(5), 차단(2), 대처(1), 응급조치(1)]"
반도체재료,LM1903060411_23v3_반도체_재료_안전관리,58,2,형식적 언급,아니오,"안전 10건 [유해(5), 사고(2), 화재(1), 폭발(1), 누출(1)], 구체적 조치 언급 없음"
반도체재료,LM1903060411_23v3_반도체_재료_안전관리,59,1,미흡·없음,아니오,"키워드 5건 (5건 이하): 유해(2), 누출(2), 안전(1)"
반도체재료,LM1903060411_23v3_반도체_재료_안전관리,60,2,형식적 언급,아니오,"안전 16건 [사고(6), 위험(5), 화학물질(2), 유해(1), 화재(1)], 조치 1건 [방지(1)] (구체적 대책 미흡)"
반도체재료,LM1903060411_23v3_반도체_재료_안전관리,61,2,형식적 언급,아니오,"안전 17건 [위험(9), 사고(6), 유해(2)], 구체적 조치 언급 없음"
반도체재료,LM1903060411_23v3_반도체_재료_안전관리,62,2,형식적 언급,아니오,"안전 7건 [위험(3), 사고(2), 안전(2)], 조치 1건 [안전관리(1)] (구체적 대책 미흡)"
반도체재료,LM1903060411_23v3_반도체_재료_안전관리,63,2,형식적 언급,아니오,"안전 6건 [유해(3), 질병(1), 안전(1), 분진(1)], 조치 1건 [안전관리(1)] (구체적 대책 미흡)"
반도체재료,LM1903060411_23v3_반도체_재료_안전관리,64,1,미흡·없음,아니오,"키워드 2건 (5건 이하): 안전(1), 보건(1)"
반도체재료,LM1903060411_23v3_반도체_재료_안전관리,65,1,미흡·없음,아니오,"키워드 2건 (5건 이하): 안전(1), 유해(1)"
반도체재료,LM1903060411_23v3_반도체_재료_안전관리,66,2,형식적 언급,아니오,"안전 7건 [위험(3), 안전(2), 분진(1), 유의 사항(1)], 구체적 조치 언급 없음"
반도체재료,LM1903060411_23v3_반도체_재료_안전관리,68,2,형식적 언급,아니오,"안전 7건 [사고(2), 화재(2), 폭발(2), 안전(1)], 구체적 조치 언급 없음"
반도체재료,LM1903060411_23v3_반도체_재료_안전관리,69,1,미흡·없음,아니오,"키워드 3건 (5건 이하): 유해(2), 먼지(1)"
반도체재료,LM1903060411_23v3_반도체_재료_안전관리,70,2,형식적 언급,아니오,"안전 6건 [유해(2), 화재(2), 사고(1), 안전(1)], 조치 2건 [예방(1), 안전관리(1)] (구체적 대책 미흡)"
반도체재료,LM1903060411_23v3_반도체_재료_안전관리,74,2,형식적 언급,아니오,"안전 6건 [안전(3), 유해(2), 사고(1)], 조치 1건 [대처(1)] (구체적 대책 미흡)"
반도체재료,LM1903060411_23v3_반도체_재료_안전관리,76,2,형식적 언급,아니오,"안전 17건 [안전(7), 보건(5), MSDS(2), 사고(1), 화학물질(1)], 조치 2건 [안전관리(2)] (구체적 대책 미흡)"
반도체재료,LM1903060411_23v3_반도체_재료_안전관리,77,2,형식적 언급,아니오,"안전 6건 [사고(3), 안전(2), 위험(1)], 조치 1건 [조치사항(1)] (구체적 대책 미흡)"
반도체재료,LM1903060411_23v3_반도체_재료_안전관리,78,1,미흡·없음,아니오,키워드 1건 (5건 이하): 안전(1)
반도체재료,LM1903060411_23v3_반도체_재료_안전관리,79,1,미흡·없음,아니오,"키워드 3건 (5건 이하): 화학물질(1), 위험(1), 유해(1)"
반도체재료,LM1903060411_23v3_반도체_재료_안전관리,80,2,형식적 언급,아니오,"안전 11건 [안전(3), 사고(1), 화학물질(1), 보건(1), 화재(1)], 조치 3건 [안전관리(2), 대처(1)] (구체적 대책 미흡)"
반도체재료,LM1903060412_20v1_반도체용_마스크_재료_제조,18,1,미흡·없음,아니오,키워드 1건 (5건 이하): PSM(1)
반도체재료,LM1903060412_20v1_반도체용_마스크_재료_제조,22,3,구체적 대책,아니오,"안전 7건 [안전(5), MSDS(1), 유의 사항(1)] + 조치 5건 [환기(1), 착용(1), 안전모(1), 안전화(1), 마스크(1)]"
반도체재료,LM1903060412_20v1_반도체용_마스크_재료_제조,23,1,미흡·없음,아니오,키워드 1건 (5건 이하): 안전(1)
반도체재료,LM1903060412_20v1_반도체용_마스크_재료_제조,28,1,미흡·없음,아니오,키워드 1건 (5건 이하): 먼지(1)
반도체재료,LM1903060412_20v1_반도체용_마스크_재료_제조,34,1,미흡·없음,아니오,키워드 1건 (5건 이하): 먼지(1)
반도체재료,LM1903060412_20v1_반도체용_마스크_재료_제조,35,1,미흡·없음,아니오,키워드 3건 (5건 이하): 먼지(3)
반도체재료,LM1903060412_20v1_반도체용_마스크_재료_제조,37,1,미흡·없음,아니오,키워드 1건 (5건 이하): MSDS(1)
반도체재료,LM1903060412_20v1_반도체용_마스크_재료_제조,38,1,미흡·없음,아니오,키워드 3건 (5건 이하): 안전(3)
반도체재료,LM1903060412_20v1_반도체용_마스크_재료_제조,39,1,미흡·없음,아니오,"키워드 5건 (5건 이하): 안전(3), 유의 사항(1), 주의(1)"
반도체재료,LM1903060412_20v1_반도체용_마스크_재료_제조,53,1,미흡·없음,아니오,키워드 1건 (5건 이하): MSDS(1)
반도체재료,LM1903060412_20v1_반도체용_마스크_재료_제조,55,3,구체적 대책,아니오,"안전 9건 [안전(7), MSDS(1), 유의 사항(1)] + 조치 8건 [착용(2), 방지(1), 안전장치(1), 환기(1), 안전모(1)]"
반도체재료,LM1903060412_20v1_반도체용_마스크_재료_제조,57,1,미흡·없음,아니오,키워드 2건 (5건 이하): 먼지(2)
반도체재료,LM1903060412_20v1_반도체용_마스크_재료_제조,69,1,미흡·없음,아니오,"키워드 3건 (5건 이하): 안전(1), 유의 사항(1), 주의(1)"
반도체재료,LM1903060412_20v1_반도체용_마스크_재료_제조,77,2,형식적 언급,아니오,"안전 8건 [안전(3), 유해(2), 사고(1), MSDS(1), 주의(1)], 조치 1건 [마스크(1)] (구체적 대책 미흡)"
반도체재료,LM1903060414_20v1_반도체용_플립칩_재료_제조,15,1,미흡·없음,아니오,키워드 1건 (5건 이하): MSDS(1)
반도체재료,LM1903060414_20v1_반도체용_플립칩_재료_제조,17,1,미흡·없음,아니오,키워드 1건 (5건 이하): 화재(1)
반도체재료,LM1903060414_20v1_반도체용_플립칩_재료_제조,35,1,미흡·없음,아니오,키워드 1건 (5건 이하): 안전(1)
반도체재료,LM1903060414_20v1_반도체용_플립칩_재료_제조,37,2,형식적 언급,아니오,"안전 9건 [안전(4), 보건(2), 위험(1), MSDS(1), 유의 사항(1)], 구체적 조치 언급 없음"
반도체재료,LM1903060414_20v1_반도체용_플립칩_재료_제조,38,1,미흡·없음,아니오,"키워드 3건 (5건 이하): 사고(1), 안전(1), 유해(1)"
반도체재료,LM1903060414_20v1_반도체용_플립칩_재료_제조,47,2,형식적 언급,아니오,"안전 11건 [안전(11)], 조치 3건 [방지(1), 환기(1), 착용(1)] (구체적 대책 미흡)"
반도체재료,LM1903060414_20v1_반도체용_플립칩_재료_제조,48,3,구체적 대책,아니오,"안전 15건 [안전(6), 위험(4), 유해(2), 보호구(1), 화재(1)] + 조치 10건 [방지(5), 착용(5)]"
반도체재료,LM1903060414_20v1_반도체용_플립칩_재료_제조,49,2,형식적 언급,아니오,"안전 7건 [안전(6), 유해(1)], 조치 3건 [대처(2), 착용(1)] (구체적 대책 미흡)"
반도체재료,LM1903060414_20v1_반도체용_플립칩_재료_제조,55,1,미흡·없음,아니오,키워드 1건 (5건 이하): 진동(1)
반도체재료,LM1903060414_20v1_반도체용_플립칩_재료_제조,75,1,미흡·없음,아니오,키워드 1건 (5건 이하): 안전(1)
반도체재료,LM1903060414_20v1_반도체용_플립칩_재료_제조,80,2,형식적 언급,아니오,"안전 7건 [안전(5), 유의 사항(1), 주의(1)], 조치 2건 [방지(1), 착용(1)] (구체적 대책 미흡)"
반도체재료,LM1903060414_20v1_반도체용_플립칩_재료_제조,105,1,미흡·없음,아니오,키워드 1건 (5건 이하): 안전(1)
반도체재료,LM1903060414_20v1_반도체용_플립칩_재료_제조,106,2,형식적 언급,아니오,"안전 8건 [안전(5), 위험(2), 유의 사항(1)], 조치 2건 [착용(1), 마스크(1)] (구체적 대책 미흡)"
반도체재료,LM1903060414_20v1_반도체용_플립칩_재료_제조,122,1,미흡·없음,아니오,키워드 1건 (5건 이하): 방사선(1)
반도체재료,LM1903060414_20v1_반도체용_플립칩_재료_제조,129,1,미흡·없음,아니오,"키워드 2건 (5건 이하): 사고(1), 위험(1)"
반도체재료,LM1903060414_20v1_반도체용_플립칩_재료_제조,130,1,미흡·없음,아니오,키워드 2건 (5건 이하): 진동(2)
반도체재료,LM1903060414_20v1_반도체용_플립칩_재료_제조,131,1,미흡·없음,아니오,"키워드 4건 (5건 이하): 화재(1), 진동(1), 방사선(1), 먼지(1)"
반도체재료,LM1903060414_20v1_반도체용_플립칩_재료_제조,136,2,형식적 언급,아니오,"안전 10건 [안전(6), 사고(1), 감전(1), 유의 사항(1), 주의(1)], 조치 4건 [예방(1), 차단(1), 착용(1), 마스크(1)] (구체적 대책 미흡)"
반도체재료,LM1903060414_20v1_반도체용_플립칩_재료_제조,142,1,미흡·없음,아니오,키워드 1건 (5건 이하): 위험(1)
반도체재료,LM1903060414_20v1_반도체용_플립칩_재료_제조,146,1,미흡·없음,아니오,키워드 1건 (5건 이하): 위험(1)
반도체재료,LM1903060414_20v1_반도체용_플립칩_재료_제조,151,1,미흡·없음,아니오,키워드 1건 (5건 이하): 안전(1)
반도체재료,LM1903060415_20v1_반도체용_CMP_재료_제조,20,1,미흡·없음,아니오,키워드 2건 (5건 이하): 위험(2)
반도체재료,LM1903060415_20v1_반도체용_CMP_재료_제조,22,3,구체적 대책,아니오,"안전 9건 [안전(7), MSDS(1), 유의 사항(1)] + 조치 7건 [마스크(2), 안전장치(1), 환기(1), 착용(1), 안전모(1)]"
반도체재료,LM1903060415_20v1_반도체용_CMP_재료_제조,35,3,구체적 대책,아니오,"안전 8건 [안전(6), MSDS(1), 유의 사항(1)] + 조치 6건 [마스크(2), 환기(1), 착용(1), 안전모(1), 안전화(1)]"
반도체재료,LM1903060415_20v1_반도체용_CMP_재료_제조,36,1,미흡·없음,아니오,"키워드 2건 (5건 이하): 안전(1), 주의(1)"
반도체재료,LM1903060415_20v1_반도체용_CMP_재료_제조,46,3,구체적 대책,아니오,"안전 11건 [안전(7), MSDS(2), 보건(1), 유의 사항(1)] + 조치 6건 [마스크(2), 환기(1), 착용(1), 안전모(1), 안전화(1)]"
반도체재료,LM1903060415_20v1_반도체용_CMP_재료_제조,47,1,미흡·없음,아니오,"키워드 3건 (5건 이하): 안전(1), 위험(1), 감전(1)"
반도체재료,LM1903060415_20v1_반도체용_CMP_재료_제조,49,1,미흡·없음,아니오,키워드 1건 (5건 이하): 진동(1)
반도체재료,LM1903060415_20v1_반도체용_CMP_재료_제조,60,3,구체적 대책,아니오,"안전 12건 [안전(8), MSDS(2), 보건(1), 유의 사항(1)] + 조치 7건 [마스크(2), 안전장치(1), 환기(1), 착용(1), 안전모(1)]"
반도체재료,LM1903060415_20v1_반도체용_CMP_재료_제조,61,1,미흡·없음,아니오,"키워드 2건 (5건 이하): 위험(1), 감전(1)"
반도체재료,LM1903060415_20v1_반도체용_CMP_재료_제조,69,1,미흡·없음,아니오,키워드 1건 (5건 이하): 안전(1)
반도체재료,LM1903060415_20v1_반도체용_CMP_재료_제조,71,1,미흡·없음,아니오,키워드 1건 (5건 이하): 화학물질(1)
반도체재료,LM1903060415_20v1_반도체용_CMP_재료_제조,72,3,구체적 대책,아니오,"안전 6건 [폭발(2), 분진(2), 안전(1), 유해(1)] + 조치 5건 [방지(5)]"
반도체재료,LM1903060415_20v1_반도체용_CMP_재료_제조,74,1,미흡·없음,아니오,키워드 1건 (5건 이하): 안전(1)
반도체재료,LM1903060416_23v3_반도체용_식각_공정_가스_제조,15,1,미흡·없음,아니오,"키워드 4건 (5건 이하): 안전(1), 보건(1), 유해(1), MSDS(1)"
반도체재료,LM1903060416_23v3_반도체용_식각_공정_가스_제조,18,1,미흡·없음,아니오,"키워드 4건 (5건 이하): 질식(1), 안전(1), 위험(1), 주의(1)"
반도체재료,LM1903060416_23v3_반도체용_식각_공정_가스_제조,20,2,형식적 언급,아니오,"안전 10건 [안전(3), 보건(2), 주의(2), 위험(1), MSDS(1)], 구체적 조치 언급 없음"
반도체재료,LM1903060416_23v3_반도체용_식각_공정_가스_제조,21,1,미흡·없음,아니오,키워드 1건 (5건 이하): 안전(1)
반도체재료,LM1903060416_23v3_반도체용_식각_공정_가스_제조,22,1,미흡·없음,아니오,"키워드 3건 (5건 이하): 안전(2), 질식(1)"
반도체재료,LM1903060416_23v3_반도체용_식각_공정_가스_제조,25,1,미흡·없음,아니오,"키워드 4건 (5건 이하): 주의(3), 안전(1)"
반도체재료,LM1903060416_23v3_반도체용_식각_공정_가스_제조,26,2,형식적 언급,아니오,"안전 6건 [위험(3), 안전(2), 사고(1)], 구체적 조치 언급 없음"
반도체재료,LM1903060416_23v3_반도체용_식각_공정_가스_제조,27,1,미흡·없음,아니오,키워드 1건 (5건 이하): 안전(1)
반도체재료,LM1903060416_23v3_반도체용_식각_공정_가스_제조,28,1,미흡·없음,아니오,"키워드 2건 (5건 이하): 안전(1), 보건(1)"
반도체재료,LM1903060416_23v3_반도체용_식각_공정_가스_제조,29,2,형식적 언급,아니오,"안전 13건 [안전(7), 주의(2), 보건(1), 위험(1), MSDS(1)], 조치 1건 [방지(1)] (구체적 대책 미흡)"
반도체재료,LM1903060416_23v3_반도체용_식각_공정_가스_제조,30,2,형식적 언급,아니오,"안전 7건 [안전(7)], 조치 1건 [보호복(1)] (구체적 대책 미흡)"
반도체재료,LM1903060416_23v3_반도체용_식각_공정_가스_제조,31,2,형식적 언급,아니오,"안전 21건 [안전(9), 보건(5), 유해(2), MSDS(2), 위험(1)], 조치 1건 [응급조치(1)] (구체적 대책 미흡)"
반도체재료,LM1903060416_23v3_반도체용_식각_공정_가스_제조,32,3,구체적 대책,아니오,"안전 41건 [안전(8), 보건(5), 유해(5), 보호구(5), 위험(4)] + 조치 9건 [대처(4), 예방(2), 방지(1), 응급조치(1), 착용(1)]"
반도체재료,LM1903060416_23v3_반도체용_식각_공정_가스_제조,33,2,형식적 언급,아니오,"안전 16건 [안전(3), 보건(3), 위험(3), 유해(3), 물질안전보건자료(2)], 조치 1건 [예방(1)] (구체적 대책 미흡)"
반도체재료,LM1903060416_23v3_반도체용_식각_공정_가스_제조,34,2,형식적 언급,아니오,"안전 18건 [안전(7), 보건(5), 물질안전보건자료(2), 위험(1), 폭발(1)], 구체적 조치 언급 없음"
반도체재료,LM1903060416_23v3_반도체용_식각_공정_가스_제조,35,2,형식적 언급,아니오,"안전 9건 [위험(3), 사고(2), 안전(2), 화재(1), 주의(1)], 조치 2건 [예방(1), 환기(1)] (구체적 대책 미흡)"
반도체재료,LM1903060416_23v3_반도체용_식각_공정_가스_제조,36,2,형식적 언급,아니오,"안전 13건 [안전(5), 위험(4), 주의(2), 폭발(1), 누출(1)], 구체적 조치 언급 없음"
반도체재료,LM1903060416_23v3_반도체용_식각_공정_가스_제조,37,3,구체적 대책,아니오,"안전 7건 [안전(3), 누출(2), 폭발(1), 주의(1)] + 조치 11건 [환기(3), 방지(2), 착용(2), 보호복(2), 안전화(2)]"
반도체재료,LM1903060416_23v3_반도체용_식각_공정_가스_제조,38,1,미흡·없음,아니오,"키워드 4건 (5건 이하): 안전(3), 위험(1)"
반도체재료,LM1903060416_23v3_반도체용_식각_공정_가스_제조,39,2,형식적 언급,아니오,"안전 12건 [안전(6), 보건(2), 유해(2), MSDS(2)], 구체적 조치 언급 없음"
반도체재료,LM1903060416_23v3_반도체용_식각_공정_가스_제조,40,2,형식적 언급,아니오,"안전 13건 [안전(6), 보건(3), 유해(3), MSDS(1)], 구체적 조치 언급 없음"
반도체재료,LM1903060416_23v3_반도체용_식각_공정_가스_제조,41,1,미흡·없음,아니오,키워드 1건 (5건 이하): 안전(1)
반도체재료,LM1903060416_23v3_반도체용_식각_공정_가스_제조,45,1,미흡·없음,아니오,"키워드 4건 (5건 이하): 주의(3), 안전(1)"
반도체재료,LM1903060416_23v3_반도체용_식각_공정_가스_제조,46,1,미흡·없음,아니오,"키워드 2건 (5건 이하): 안전(1), 보건(1)"
반도체재료,LM1903060416_23v3_반도체용_식각_공정_가스_제조,47,2,형식적 언급,아니오,"안전 10건 [안전(3), 주의(3), 보건(1), 위험(1), MSDS(1)], 구체적 조치 언급 없음"
반도체재료,LM1903060416_23v3_반도체용_식각_공정_가스_제조,55,2,형식적 언급,아니오,"안전 6건 [안전(3), 보호구(2), 보건(1)], 구체적 조치 언급 없음"
반도체재료,LM1903060416_23v3_반도체용_식각_공정_가스_제조,56,2,형식적 언급,아니오,"안전 11건 [안전(5), 주의(2), 보건(1), 위험(1), 유해(1)], 구체적 조치 언급 없음"
반도체재료,LM1903060416_23v3_반도체용_식각_공정_가스_제조,57,2,형식적 언급,아니오,"안전 6건 [안전(2), 사고(1), 질식(1), 화재(1), 누출(1)], 조치 1건 [대처(1)] (구체적 대책 미흡)"
반도체재료,LM1903060416_23v3_반도체용_식각_공정_가스_제조,58,2,형식적 언급,아니오,"안전 7건 [누출(3), 질식(1), 유해(1), 화재(1)], 조치 1건 [환기(1)] (구체적 대책 미흡)"
반도체재료,LM1903060416_23v3_반도체용_식각_공정_가스_제조,59,2,형식적 언급,아니오,"안전 16건 [누출(9), 안전(2), 위험(2), 사고(1), 보호구(1)], 조치 1건 [예방(1)] (구체적 대책 미흡)"
반도체재료,LM1903060416_23v3_반도체용_식각_공정_가스_제조,60,2,형식적 언급,아니오,"안전 6건 [안전(1), 위험(1), 화재(1), 폭발(1), 누출(1)], 조치 1건 [환기(1)] (구체적 대책 미흡)"
반도체재료,LM1903060416_23v3_반도체용_식각_공정_가스_제조,61,1,미흡·없음,아니오,키워드 2건 (5건 이하): 위험(2)
반도체재료,LM1903060416_23v3_반도체용_식각_공정_가스_제조,62,2,형식적 언급,아니오,"안전 19건 [보호구(12), 위험(4), 안전(3)], 조치 3건 [착용(1), 안전모(1), 보안경(1)] (구체적 대책 미흡)"
반도체재료,LM1903060416_23v3_반도체용_식각_공정_가스_제조,63,2,형식적 언급,아니오,"안전 6건 [안전(3), 보호구(2), 추락(1)], 조치 2건 [방지(1), 안전화(1)] (구체적 대책 미흡)"
반도체재료,LM1903060416_23v3_반도체용_식각_공정_가스_제조,64,1,미흡·없음,아니오,"키워드 4건 (5건 이하): 보호구(2), 주의(2)"
반도체재료,LM1903060416_23v3_반도체용_식각_공정_가스_제조,65,1,미흡·없음,아니오,"키워드 3건 (5건 이하): 보호구(2), 누출(1)"
반도체재료,LM1903060416_23v3_반도체용_식각_공정_가스_제조,67,1,미흡·없음,아니오,키워드 1건 (5건 이하): 보호구(1)
반도체재료,LM1903060416_23v3_반도체용_식각_공정_가스_제조,70,1,미흡·없음,아니오,키워드 2건 (5건 이하): 안전(2)
반도체재료,LM1903060416_23v3_반도체용_식각_공정_가스_제조,71,1,미흡·없음,아니오,"키워드 2건 (5건 이하): 안전(1), 보건(1)"
반도체재료,LM1903060416_23v3_반도체용_식각_공정_가스_제조,72,2,형식적 언급,아니오,"안전 11건 [주의(4), 안전(3), 위험(2), 보건(1), 유의 사항(1)], 구체적 조치 언급 없음"
반도체재료,LM1903060416_23v3_반도체용_식각_공정_가스_제조,73,1,미흡·없음,아니오,"키워드 3건 (5건 이하): 안전(2), 유해(1)"
반도체재료,LM1903060416_23v3_반도체용_식각_공정_가스_제조,78,1,미흡·없음,아니오,"키워드 2건 (5건 이하): 안전(1), 위험(1)"
반도체재료,LM1903060416_23v3_반도체용_식각_공정_가스_제조,79,1,미흡·없음,아니오,"키워드 3건 (5건 이하): 폭발(2), 위험(1)"
반도체재료,LM1903060416_23v3_반도체용_식각_공정_가스_제조,81,1,미흡·없음,아니오,"키워드 4건 (5건 이하): 안전(2), 누출(1), 주의(1)"
반도체재료,LM1903060416_23v3_반도체용_식각_공정_가스_제조,82,2,형식적 언급,아니오,"안전 19건 [안전(5), 누출(5), 유해(4), 보건(2), 사고(1)], 조치 1건 [환기(1)] (구체적 대책 미흡)"
반도체재료,LM1903060416_23v3_반도체용_식각_공정_가스_제조,83,1,미흡·없음,아니오,"키워드 5건 (5건 이하): 안전(1), 보건(1), 화재(1), 폭발(1), 누출(1)"
반도체재료,LM1903060416_23v3_반도체용_식각_공정_가스_제조,84,2,형식적 언급,아니오,"안전 9건 [안전(2), 유해(2), 보건(1), 위험(1), 누출(1)], 조치 1건 [대피(1)] (구체적 대책 미흡)"
반도체재료,LM1903060416_23v3_반도체용_식각_공정_가스_제조,85,2,형식적 언급,아니오,"안전 7건 [안전(3), 사고(1), 보호구(1), 누출(1), 주의(1)], 조치 3건 [환기(1), 안전관리(1), 소화기(1)] (구체적 대책 미흡)"
반도체재료,LM1903060416_23v3_반도체용_식각_공정_가스_제조,86,1,미흡·없음,아니오,"키워드 3건 (5건 이하): 안전(2), 보건(1)"
반도체재료,LM1903060416_23v3_반도체용_식각_공정_가스_제조,87,3,구체적 대책,아니오,"안전 32건 [안전(8), 누출(7), 유해(6), 사고(3), 위험(3)] + 조치 6건 [예방(4), 방지(1), 환기(1)]"
반도체재료,LM1903060416_23v3_반도체용_식각_공정_가스_제조,88,3,구체적 대책,아니오,"안전 9건 [안전(2), 위험(2), 폭발(2), 유해(1), 누출(1)] + 조치 8건 [격리(4), 환기(2), 예방(1), 방지(1)]"
반도체재료,LM1903060416_23v3_반도체용_식각_공정_가스_제조,89,3,구체적 대책,아니오,"안전 7건 [위험(2), 누출(2), 안전(1), 유해(1), 주의(1)] + 조치 5건 [환기(2), 격리(2), 예방(1)]"
반도체재료,LM1903060416_23v3_반도체용_식각_공정_가스_제조,90,3,구체적 대책,아니오,"안전 10건 [안전(5), 유해(2), 질식(1), 보건(1), 주의(1)] + 조치 8건 [예방(1), 방지(1), 안전장치(1), 격리(1), 착용(1)]"
반도체재료,LM1903060416_23v3_반도체용_식각_공정_가스_제조,91,2,형식적 언급,아니오,"안전 8건 [주의(3), 사고(1), 질식(1), 안전(1), 위험(1)], 조치 1건 [환기(1)] (구체적 대책 미흡)"
반도체재료,LM1903060416_23v3_반도체용_식각_공정_가스_제조,92,2,형식적 언급,아니오,"안전 9건 [안전(3), 주의(2), 사고(1), 위험(1), 보호구(1)], 조치 4건 [환기(3), 안전장치(1)] (구체적 대책 미흡)"
반도체재료,LM1903060416_23v3_반도체용_식각_공정_가스_제조,93,2,형식적 언급,아니오,"안전 7건 [안전(3), 위험(1), 유해(1), 보호구(1), 누출(1)], 구체적 조치 언급 없음"
반도체재료,LM1903060416_23v3_반도체용_식각_공정_가스_제조,95,1,미흡·없음,아니오,키워드 1건 (5건 이하): 위험(1)
반도체재료,LM1903060416_23v3_반도체용_식각_공정_가스_제조,96,3,구체적 대책,아니오,"안전 21건 [안전(10), 위험(5), 사고(2), 보건(1), 유해(1)] + 조치 5건 [예방(1), 차단(1), 안전관리(1), 안전화(1), 대피(1)]"
반도체재료,LM1903060416_23v3_반도체용_식각_공정_가스_제조,97,1,미흡·없음,아니오,"키워드 4건 (5건 이하): 안전(2), 위험(2)"
반도체재료,LM1903060416_23v3_반도체용_식각_공정_가스_제조,99,2,형식적 언급,아니오,"안전 13건 [안전(9), 누출(2), 주의(2)], 구체적 조치 언급 없음"
반도체재료,LM1903060416_23v3_반도체용_식각_공정_가스_제조,100,2,형식적 언급,아니오,"안전 14건 [안전(8), 누출(3), 주의(3)], 구체적 조치 언급 없음"
반도체재료,LM1903060416_23v3_반도체용_식각_공정_가스_제조,101,1,미흡·없음,아니오,키워드 1건 (5건 이하): 안전(1)
반도체재료,LM1903060416_23v3_반도체용_식각_공정_가스_제조,102,1,미흡·없음,아니오,키워드 2건 (5건 이하): 안전(2)
반도체재료,LM1903060416_23v3_반도체용_식각_공정_가스_제조,103,2,형식적 언급,아니오,"안전 6건 [안전(3), 보건(2), MSDS(1)], 구체적 조치 언급 없음"
반도체재료,LM1903060417_23v3_반도체용_세정_공정_가스_제조,15,1,미흡·없음,아니오,키워드 1건 (5건 이하): 위험(1)
반도체재료,LM1903060417_23v3_반도체용_세정_공정_가스_제조,16,1,미흡·없음,아니오,키워드 2건 (5건 이하): 안전(2)
반도체재료,LM1903060417_23v3_반도체용_세정_공정_가스_제조,17,1,미흡·없음,아니오,키워드 2건 (5건 이하): 안전(2)
반도체재료,LM1903060417_23v3_반도체용_세정_공정_가스_제조,18,1,미흡·없음,아니오,"키워드 5건 (5건 이하): 안전(3), 질식(1), 인화(1)"
반도체재료,LM1903060417_23v3_반도체용_세정_공정_가스_제조,19,1,미흡·없음,아니오,"키워드 4건 (5건 이하): 주의(2), 안전(1), 폭발(1)"
반도체재료,LM1903060417_23v3_반도체용_세정_공정_가스_제조,20,1,미흡·없음,아니오,"키워드 4건 (5건 이하): 폭발(2), 주의(2)"
반도체재료,LM1903060417_23v3_반도체용_세정_공정_가스_제조,22,2,형식적 언급,아니오,"안전 8건 [안전(5), 유해(1), 폭발(1), 주의(1)], 구체적 조치 언급 없음"
반도체재료,LM1903060417_23v3_반도체용_세정_공정_가스_제조,23,3,구체적 대책,아니오,"안전 17건 [안전(9), 유해(3), 위험(2), MSDS(2), 화재(1)] + 조치 8건 [방지(3), 대처(2), 환기(2), 착용(1)]"
반도체재료,LM1903060417_23v3_반도체용_세정_공정_가스_제조,24,1,미흡·없음,아니오,"키워드 2건 (5건 이하): 안전(1), 위험(1)"
반도체재료,LM1903060417_23v3_반도체용_세정_공정_가스_제조,25,2,형식적 언급,아니오,"안전 6건 [안전(5), 누출(1)], 조치 1건 [착용(1)] (구체적 대책 미흡)"
반도체재료,LM1903060417_23v3_반도체용_세정_공정_가스_제조,26,2,형식적 언급,아니오,"안전 9건 [안전(6), 위험(1), 누출(1), 유의 사항(1)], 조치 1건 [착용(1)] (구체적 대책 미흡)"
반도체재료,LM1903060417_23v3_반도체용_세정_공정_가스_제조,27,1,미흡·없음,아니오,키워드 2건 (5건 이하): 안전(2)
반도체재료,LM1903060417_23v3_반도체용_세정_공정_가스_제조,28,1,미흡·없음,아니오,"키워드 4건 (5건 이하): 안전(3), 인화(1)"
반도체재료,LM1903060417_23v3_반도체용_세정_공정_가스_제조,29,1,미흡·없음,아니오,키워드 1건 (5건 이하): 안전(1)
반도체재료,LM1903060417_23v3_반도체용_세정_공정_가스_제조,31,2,형식적 언급,아니오,"안전 8건 [안전(5), 폭발(2), 위험(1)], 구체적 조치 언급 없음"
반도체재료,LM1903060417_23v3_반도체용_세정_공정_가스_제조,32,1,미흡·없음,아니오,"키워드 4건 (5건 이하): 위험(1), 화재(1), 폭발(1), 주의(1)"
반도체재료,LM1903060417_23v3_반도체용_세정_공정_가스_제조,33,2,형식적 언급,아니오,"안전 6건 [안전(6)], 구체적 조치 언급 없음"
반도체재료,LM1903060417_23v3_반도체용_세정_공정_가스_제조,34,2,형식적 언급,아니오,"안전 8건 [안전(4), 폭발(2), 위험(1), 주의(1)], 구체적 조치 언급 없음"
반도체재료,LM1903060417_23v3_반도체용_세정_공정_가스_제조,35,1,미흡·없음,아니오,키워드 4건 (5건 이하): 안전(4)
반도체재료,LM1903060417_23v3_반도체용_세정_공정_가스_제조,37,1,미흡·없음,아니오,"키워드 5건 (5건 이하): 안전(4), 폭발(1)"
반도체재료,LM1903060417_23v3_반도체용_세정_공정_가스_제조,38,1,미흡·없음,아니오,키워드 1건 (5건 이하): 안전(1)
반도체재료,LM1903060417_23v3_반도체용_세정_공정_가스_제조,39,1,미흡·없음,아니오,"키워드 3건 (5건 이하): 안전(2), 폭발(1)"
반도체재료,LM1903060417_23v3_반도체용_세정_공정_가스_제조,40,1,미흡·없음,아니오,키워드 1건 (5건 이하): 안전(1)
반도체재료,LM1903060417_23v3_반도체용_세정_공정_가스_제조,41,1,미흡·없음,아니오,키워드 2건 (5건 이하): 안전(2)
반도체재료,LM1903060417_23v3_반도체용_세정_공정_가스_제조,42,2,형식적 언급,아니오,"안전 8건 [안전(4), 사고(2), 위험(1), 주의(1)], 구체적 조치 언급 없음"
반도체재료,LM1903060417_23v3_반도체용_세정_공정_가스_제조,43,1,미흡·없음,아니오,"키워드 4건 (5건 이하): 안전(3), 폭발(1)"
반도체재료,LM1903060417_23v3_반도체용_세정_공정_가스_제조,47,1,미흡·없음,아니오,"키워드 2건 (5건 이하): 안전(1), 위험(1)"
반도체재료,LM1903060417_23v3_반도체용_세정_공정_가스_제조,48,1,미흡·없음,아니오,"키워드 4건 (5건 이하): 안전(1), 유해(1), 폭발(1), 주의(1)"
반도체재료,LM1903060417_23v3_반도체용_세정_공정_가스_제조,49,1,미흡·없음,아니오,"키워드 5건 (5건 이하): 주의(2), 안전(1), 유해(1), 인화(1)"
반도체재료,LM1903060417_23v3_반도체용_세정_공정_가스_제조,50,2,형식적 언급,아니오,"안전 12건 [안전(9), 누출(2), 위험(1)], 조치 1건 [보호복(1)] (구체적 대책 미흡)"
반도체재료,LM1903060417_23v3_반도체용_세정_공정_가스_제조,51,2,형식적 언급,아니오,"안전 7건 [안전(4), 누출(2), 사고(1)], 조치 2건 [방지(1), 대처(1)] (구체적 대책 미흡)"
반도체재료,LM1903060417_23v3_반도체용_세정_공정_가스_제조,52,2,형식적 언급,아니오,"안전 19건 [안전(13), 누출(3), 위험(2), 주의(1)], 조치 4건 [방지(2), 대처(1), 방독면(1)] (구체적 대책 미흡)"
반도체재료,LM1903060417_23v3_반도체용_세정_공정_가스_제조,53,2,형식적 언급,아니오,"안전 11건 [안전(6), 누출(3), 위험(1), 주의(1)], 조치 3건 [환기(2), 착용(1)] (구체적 대책 미흡)"
반도체재료,LM1903060417_23v3_반도체용_세정_공정_가스_제조,54,2,형식적 언급,아니오,"안전 12건 [안전(8), 누출(2), 사고(1), 유해(1)], 조치 2건 [대처(2)] (구체적 대책 미흡)"
반도체재료,LM1903060417_23v3_반도체용_세정_공정_가스_제조,56,1,미흡·없음,아니오,"키워드 4건 (5건 이하): 안전(1), 폭발(1), 유의 사항(1), 인화(1)"
반도체재료,LM1903060417_23v3_반도체용_세정_공정_가스_제조,57,1,미흡·없음,아니오,키워드 5건 (5건 이하): 안전(5)
반도체재료,LM1903060417_23v3_반도체용_세정_공정_가스_제조,58,1,미흡·없음,아니오,키워드 2건 (5건 이하): 안전(2)
반도체재료,LM1903060417_23v3_반도체용_세정_공정_가스_제조,59,2,형식적 언급,아니오,"안전 12건 [안전(6), 화재(2), 폭발(2), 위험(1), 누출(1)], 조치 3건 [예방(1), 안전장치(1), 차단(1)] (구체적 대책 미흡)"
반도체재료,LM1903060417_23v3_반도체용_세정_공정_가스_제조,60,1,미흡·없음,아니오,키워드 1건 (5건 이하): 안전(1)
반도체재료,LM1903060417_23v3_반도체용_세정_공정_가스_제조,61,1,미흡·없음,아니오,키워드 4건 (5건 이하): 안전(4)
반도체재료,LM1903060417_23v3_반도체용_세정_공정_가스_제조,62,2,형식적 언급,아니오,"안전 9건 [안전(4), 화재(2), 위험(1), 폭발(1), 누출(1)], 조치 1건 [환기(1)] (구체적 대책 미흡)"
반도체재료,LM1903060417_23v3_반도체용_세정_공정_가스_제조,63,2,형식적 언급,아니오,"안전 7건 [안전(6), 사고(1)], 조치 3건 [방지(1), 안전장치(1), 환기(1)] (구체적 대책 미흡)"
반도체재료,LM1903060417_23v3_반도체용_세정_공정_가스_제조,64,2,형식적 언급,아니오,"안전 10건 [안전(6), 누출(2), 위험(1), 화재(1)], 조치 3건 [차단(2), 안전장치(1)] (구체적 대책 미흡)"
반도체재료,LM1903060417_23v3_반도체용_세정_공정_가스_제조,66,2,형식적 언급,아니오,"안전 9건 [안전(7), 위험(2)], 조치 1건 [대처(1)] (구체적 대책 미흡)"
반도체재료,LM1903060417_23v3_반도체용_세정_공정_가스_제조,67,1,미흡·없음,아니오,"키워드 4건 (5건 이하): 안전(3), 누출(1)"
반도체재료,LM1903060417_23v3_반도체용_세정_공정_가스_제조,68,1,미흡·없음,아니오,키워드 1건 (5건 이하): 안전(1)
반도체재료,LM1903060417_23v3_반도체용_세정_공정_가스_제조,70,1,미흡·없음,아니오,키워드 3건 (5건 이하): 안전(3)
반도체재료,LM1903060417_23v3_반도체용_세정_공정_가스_제조,73,1,미흡·없음,아니오,키워드 2건 (5건 이하): 안전(2)
반도체재료,LM1903060417_23v3_반도체용_세정_공정_가스_제조,74,1,미흡·없음,아니오,키워드 1건 (5건 이하): 안전(1)
반도체재료,LM1903060417_23v3_반도체용_세정_공정_가스_제조,75,1,미흡·없음,아니오,키워드 2건 (5건 이하): 안전(2)
반도체재료,LM1903060417_23v3_반도체용_세정_공정_가스_제조,76,3,구체적 대책,아니오,"안전 21건 [안전(10), 위험(5), 누출(2), 중독(1), 화재(1)] + 조치 5건 [대처(2), 차단(1), 착용(1), 대피(1)]"
반도체재료,LM1903060417_23v3_반도체용_세정_공정_가스_제조,77,3,구체적 대책,아니오,"안전 20건 [안전(9), 누출(4), 사고(2), 주의(2), 위험(1)] + 조치 11건 [대처(2), 환기(2), 착용(2), 대피(2), 방지(1)]"
반도체재료,LM1903060417_23v3_반도체용_세정_공정_가스_제조,79,1,미흡·없음,아니오,"키워드 2건 (5건 이하): 안전(1), 위험(1)"
반도체재료,LM1903060417_23v3_반도체용_세정_공정_가스_제조,83,3,구체적 대책,아니오,"안전 10건 [안전(6), 위험(2), 화재(1), 누출(1)] + 조치 6건 [예방(2), 대처(1), 환기(1), 차단(1), 소화기(1)]"
반도체재료,LM1903060417_23v3_반도체용_세정_공정_가스_제조,84,2,형식적 언급,아니오,"안전 13건 [안전(6), 사고(2), 위험(2), 화재(1), 누출(1)], 조치 4건 [대처(2), 예방(1), 착용(1)] (구체적 대책 미흡)"
반도체재료,LM1903060417_23v3_반도체용_세정_공정_가스_제조,85,1,미흡·없음,아니오,키워드 1건 (5건 이하): 안전(1)
반도체재료,LM1903060417_23v3_반도체용_세정_공정_가스_제조,86,2,형식적 언급,아니오,"안전 6건 [안전(6)], 조치 1건 [환기(1)] (구체적 대책 미흡)"
반도체재료,LM1903060417_23v3_반도체용_세정_공정_가스_제조,87,2,형식적 언급,아니오,"안전 13건 [안전(9), 사고(1), 위험(1), 화재(1), 누출(1)], 구체적 조치 언급 없음"
반도체재료,LM1903060417_23v3_반도체용_세정_공정_가스_제조,88,3,구체적 대책,아니오,"안전 18건 [누출(7), 위험(4), 안전(3), 화재(2), 주의(2)] + 조치 9건 [대처(2), 환기(2), 소화기(2), 방지(1), 착용(1)]"
반도체재료,LM1903060417_23v3_반도체용_세정_공정_가스_제조,89,2,형식적 언급,아니오,"안전 11건 [안전(6), 사고(2), 폭발(1), 유의 사항(1)], 구체적 조치 언급 없음"
반도체재료,LM1903060417_23v3_반도체용_세정_공정_가스_제조,90,1,미흡·없음,아니오,"키워드 5건 (5건 이하): 안전(4), 유의 사항(1)"
반도체재료,LM1903060417_23v3_반도체용_세정_공정_가스_제조,91,2,형식적 언급,아니오,"안전 7건 [안전(5), 화재(1), 누출(1)], 조치 1건 [대처(1)] (구체적 대책 미흡)"
반도체재료,LM1903060417_23v3_반도체용_세정_공정_가스_제조,92,1,미흡·없음,아니오,"키워드 5건 (5건 이하): 안전(4), 누출(1)"
반도체재료,LM1903060417_23v3_반도체용_세정_공정_가스_제조,93,1,미흡·없음,아니오,키워드 1건 (5건 이하): 안전(1)
반도체재료,LM1903060417_23v3_반도체용_세정_공정_가스_제조,95,1,미흡·없음,아니오,"키워드 3건 (5건 이하): 안전(2), 누출(1)"
반도체재료,LM1903060417_23v3_반도체용_세정_공정_가스_제조,96,2,형식적 언급,아니오,"안전 9건 [안전(7), 화재(1), 누출(1)], 조치 1건 [대처(1)] (구체적 대책 미흡)"
반도체재료,LM1903060417_23v3_반도체용_세정_공정_가스_제조,97,1,미흡·없음,아니오,키워드 1건 (5건 이하): 안전(1)
반도체재료,LM1903060417_23v3_반도체용_세정_공정_가스_제조,99,2,형식적 언급,아니오,"안전 6건 [안전(5), 누출(1)], 구체적 조치 언급 없음"
반도체재료,LM1903060417_23v3_반도체용_세정_공정_가스_제조,100,3,구체적 대책,아니오,"안전 12건 [안전(9), 사고(2), 누출(1)] + 조치 6건 [예방(1), 방지(1), 안전장치(1), 차단(1), 마스크(1)]"
반도체재료,LM1903060417_23v3_반도체용_세정_공정_가스_제조,101,2,형식적 언급,아니오,"안전 11건 [안전(7), 누출(2), 화재(1), 주의(1)], 조치 4건 [예방(3), 대처(1)] (구체적 대책 미흡)"
반도체재료,LM1903060417_23v3_반도체용_세정_공정_가스_제조,102,1,미흡·없음,아니오,"키워드 4건 (5건 이하): 안전(3), 위험(1)"
반도체재료,LM1903060417_23v3_반도체용_세정_공정_가스_제조,103,2,형식적 언급,아니오,"안전 7건 [안전(6), 누출(1)], 조치 4건 [예방(3), 차단(1)] (구체적 대책 미흡)"
반도체재료,LM1903060417_23v3_반도체용_세정_공정_가스_제조,104,2,형식적 언급,아니오,"안전 10건 [안전(7), 누출(2), 화재(1)], 조치 2건 [대처(1), 소화기(1)] (구체적 대책 미흡)"
반도체재료,LM1903060417_23v3_반도체용_세정_공정_가스_제조,106,1,미흡·없음,아니오,키워드 2건 (5건 이하): 안전(2)
반도체재료,LM1903060417_23v3_반도체용_세정_공정_가스_제조,107,1,미흡·없음,아니오,"키워드 4건 (5건 이하): 안전(3), 누출(1)"
반도체재료,LM1903060417_23v3_반도체용_세정_공정_가스_제조,109,1,미흡·없음,아니오,키워드 1건 (5건 이하): 누출(1)
반도체재료,LM1903060417_23v3_반도체용_세정_공정_가스_제조,110,1,미흡·없음,아니오,"키워드 2건 (5건 이하): 누출(1), 먼지(1)"
반도체재료,LM1903060417_23v3_반도체용_세정_공정_가스_제조,111,2,형식적 언급,아니오,"안전 14건 [안전(11), 사고(3)], 조치 2건 [예방(1), 소화기(1)] (구체적 대책 미흡)"
반도체재료,LM1903060417_23v3_반도체용_세정_공정_가스_제조,114,2,형식적 언급,아니오,"안전 10건 [누출(8), 안전(2)], 조치 2건 [방지(1), 대처(1)] (구체적 대책 미흡)"
반도체재료,LM1903060417_23v3_반도체용_세정_공정_가스_제조,115,2,형식적 언급,아니오,"안전 12건 [안전(7), 사고(2), 위험(2), 누출(1)], 조치 4건 [예방(2), 방지(2)] (구체적 대책 미흡)"
반도체재료,LM1903060417_23v3_반도체용_세정_공정_가스_제조,116,1,미흡·없음,아니오,"키워드 3건 (5건 이하): 위험(2), 안전(1)"
반도체재료,LM1903060417_23v3_반도체용_세정_공정_가스_제조,118,3,구체적 대책,아니오,"안전 33건 [안전(9), 화재(6), 누출(6), 위험(4), 유해(4)] + 조치 6건 [차단(3), 방지(2), 소화기(1)]"
반도체재료,LM1903060417_23v3_반도체용_세정_공정_가스_제조,119,2,형식적 언급,아니오,"안전 33건 [안전(17), 소음(6), 사고(3), 유해(3), 위험(1)], 조치 1건 [방지(1)] (구체적 대책 미흡)"
반도체재료,LM1903060417_23v3_반도체용_세정_공정_가스_제조,125,1,미흡·없음,아니오,"키워드 4건 (5건 이하): 안전(2), 보건(1), MSDS(1)"
반도체재료,LM1903060418_23v3_반도체용_박막_공정_가스_제조,15,1,미흡·없음,아니오,"키워드 4건 (5건 이하): 안전(1), 보건(1), 유해(1), MSDS(1)"
반도체재료,LM1903060418_23v3_반도체용_박막_공정_가스_제조,23,2,형식적 언급,아니오,"안전 10건 [안전(3), 보건(2), 주의(2), 위험(1), MSDS(1)], 구체적 조치 언급 없음"
반도체재료,LM1903060418_23v3_반도체용_박막_공정_가스_제조,24,1,미흡·없음,아니오,키워드 1건 (5건 이하): 안전(1)
반도체재료,LM1903060418_23v3_반도체용_박막_공정_가스_제조,25,1,미흡·없음,아니오,"키워드 3건 (5건 이하): 안전(2), 질식(1)"
반도체재료,LM1903060418_23v3_반도체용_박막_공정_가스_제조,28,2,형식적 언급,아니오,"안전 28건 [유해(7), 안전(4), 위험(4), 폭발(4), 사고(3)], 구체적 조치 언급 없음"
반도체재료,LM1903060418_23v3_반도체용_박막_공정_가스_제조,29,2,형식적 언급,아니오,"안전 7건 [유해(5), 위험(2)], 조치 1건 [예방(1)] (구체적 대책 미흡)"
반도체재료,LM1903060418_23v3_반도체용_박막_공정_가스_제조,30,2,형식적 언급,아니오,"안전 17건 [위험(3), 화재(3), 폭발(3), 유해(2), 주의(2)], 조치 1건 [방지(1)] (구체적 대책 미흡)"
반도체재료,LM1903060418_23v3_반도체용_박막_공정_가스_제조,31,2,형식적 언급,아니오,"안전 23건 [안전(13), 위험(3), 주의(3), 보건(2), 화재(1)], 조치 3건 [안전관리(2), 응급조치(1)] (구체적 대책 미흡)"
반도체재료,LM1903060418_23v3_반도체용_박막_공정_가스_제조,32,1,미흡·없음,아니오,키워드 1건 (5건 이하): 위험(1)
반도체재료,LM1903060418_23v3_반도체용_박막_공정_가스_제조,33,2,형식적 언급,아니오,"안전 12건 [위험(9), 안전(1), 보건(1), MSDS(1)], 조치 1건 [차단(1)] (구체적 대책 미흡)"
반도체재료,LM1903060418_23v3_반도체용_박막_공정_가스_제조,34,2,형식적 언급,아니오,"안전 11건 [위험(5), 누출(3), 주의(2), 질식(1)], 구체적 조치 언급 없음"
반도체재료,LM1903060418_23v3_반도체용_박막_공정_가스_제조,35,2,형식적 언급,아니오,"안전 15건 [위험(5), 누출(4), 사고(3), 질식(2), 안전(1)], 조치 2건 [응급조치(1), 격리(1)] (구체적 대책 미흡)"
반도체재료,LM1903060418_23v3_반도체용_박막_공정_가스_제조,36,2,형식적 언급,아니오,"안전 11건 [안전(4), 보건(2), 주의(2), 위험(1), MSDS(1)], 구체적 조치 언급 없음"
반도체재료,LM1903060418_23v3_반도체용_박막_공정_가스_제조,37,3,구체적 대책,아니오,"안전 8건 [안전(4), 폭발(2), 위험(1), 누출(1)] + 조치 6건 [예방(3), 격리(2), 환기(1)]"
반도체재료,LM1903060418_23v3_반도체용_박막_공정_가스_제조,38,3,구체적 대책,아니오,"안전 8건 [안전(3), 위험(2), 누출(2), 주의(1)] + 조치 9건 [환기(3), 격리(3), 예방(2), 방지(1)]"
반도체재료,LM1903060418_23v3_반도체용_박막_공정_가스_제조,39,3,구체적 대책,아니오,"안전 16건 [안전(6), 누출(3), 주의(3), 위험(2), 질식(1)] + 조치 10건 [예방(5), 환기(2), 방지(1), 안전장치(1), 격리(1)]"
반도체재료,LM1903060418_23v3_반도체용_박막_공정_가스_제조,40,3,구체적 대책,아니오,"안전 14건 [안전(4), 사고(2), 보건(2), 위험(2), 누출(2)] + 조치 7건 [방지(2), 격리(1), 착용(1), 안전화(1), 보안경(1)]"
반도체재료,LM1903060418_23v3_반도체용_박막_공정_가스_제조,41,3,구체적 대책,아니오,"안전 14건 [사고(3), 안전(3), 주의(3), 위험(2), 화재(2)] + 조치 5건 [환기(5)]"
반도체재료,LM1903060418_23v3_반도체용_박막_공정_가스_제조,42,3,구체적 대책,아니오,"안전 14건 [안전(8), 위험(4), 사고(1), 보건(1)] + 조치 8건 [보호복(3), 예방(1), 차단(1), 착용(1), 안전화(1)]"
반도체재료,LM1903060418_23v3_반도체용_박막_공정_가스_제조,43,1,미흡·없음,아니오,키워드 1건 (5건 이하): 위험(1)
반도체재료,LM1903060418_23v3_반도체용_박막_공정_가스_제조,44,2,형식적 언급,아니오,"안전 9건 [안전(5), 사고(2), 위험(2)], 구체적 조치 언급 없음"
반도체재료,LM1903060418_23v3_반도체용_박막_공정_가스_제조,45,2,형식적 언급,아니오,"안전 7건 [안전(4), 위험(2), 사고(1)], 구체적 조치 언급 없음"
반도체재료,LM1903060418_23v3_반도체용_박막_공정_가스_제조,47,1,미흡·없음,아니오,키워드 1건 (5건 이하): 안전(1)
반도체재료,LM1903060418_23v3_반도체용_박막_공정_가스_제조,48,1,미흡·없음,아니오,"키워드 3건 (5건 이하): 폭발(2), 주의(1)"
반도체재료,LM1903060418_23v3_반도체용_박막_공정_가스_제조,49,1,미흡·없음,아니오,"키워드 3건 (5건 이하): 주의(2), 폭발(1)"
반도체재료,LM1903060418_23v3_반도체용_박막_공정_가스_제조,50,2,형식적 언급,아니오,"안전 8건 [유해(3), 안전(1), 보건(1), 폭발(1), MSDS(1)], 구체적 조치 언급 없음"
반도체재료,LM1903060418_23v3_반도체용_박막_공정_가스_제조,51,2,형식적 언급,아니오,"안전 13건 [안전(5), 주의(5), 보건(1), 위험(1), 유의 사항(1)], 구체적 조치 언급 없음"
반도체재료,LM1903060418_23v3_반도체용_박막_공정_가스_제조,52,1,미흡·없음,아니오,"키워드 5건 (5건 이하): 안전(3), 유해(1), 주의(1)"
반도체재료,LM1903060418_23v3_반도체용_박막_공정_가스_제조,53,1,미흡·없음,아니오,"키워드 5건 (5건 이하): 안전(3), 주의(2)"
반도체재료,LM1903060418_23v3_반도체용_박막_공정_가스_제조,55,2,형식적 언급,아니오,"안전 8건 [유해(4), 폭발(2), 질식(1), 주의(1)], 구체적 조치 언급 없음"
반도체재료,LM1903060418_23v3_반도체용_박막_공정_가스_제조,56,1,미흡·없음,아니오,"키워드 4건 (5건 이하): 유해(1), 폭발(1), 주의(1), 인화(1)"
반도체재료,LM1903060418_23v3_반도체용_박막_공정_가스_제조,57,2,형식적 언급,아니오,"안전 7건 [폭발(6), 안전(1)], 조치 2건 [방지(1), 환기(1)] (구체적 대책 미흡)"
반도체재료,LM1903060418_23v3_반도체용_박막_공정_가스_제조,58,1,미흡·없음,아니오,"키워드 3건 (5건 이하): 안전(2), 주의(1)"
반도체재료,LM1903060418_23v3_반도체용_박막_공정_가스_제조,59,1,미흡·없음,아니오,"키워드 5건 (5건 이하): 유해(2), 사고(1), 위험(1), 주의(1)"
반도체재료,LM1903060418_23v3_반도체용_박막_공정_가스_제조,60,2,형식적 언급,아니오,"안전 9건 [질식(6), 안전(1), 보건(1), MSDS(1)], 구체적 조치 언급 없음"
반도체재료,LM1903060418_23v3_반도체용_박막_공정_가스_제조,61,2,형식적 언급,아니오,"안전 9건 [안전(4), 주의(2), 보건(1), 위험(1), 유의 사항(1)], 구체적 조치 언급 없음"
반도체재료,LM1903060418_23v3_반도체용_박막_공정_가스_제조,62,2,형식적 언급,아니오,"안전 7건 [유해(3), 안전(2), 보호구(1), 주의(1)], 구체적 조치 언급 없음"
반도체재료,LM1903060418_23v3_반도체용_박막_공정_가스_제조,63,2,형식적 언급,아니오,"안전 13건 [폭발(10), 위험(2), 유해(1)], 구체적 조치 언급 없음"
반도체재료,LM1903060418_23v3_반도체용_박막_공정_가스_제조,64,2,형식적 언급,아니오,"안전 12건 [폭발(5), 유해(3), 위험(2), 화재(2)], 조치 2건 [방지(1), 차단(1)] (구체적 대책 미흡)"
반도체재료,LM1903060418_23v3_반도체용_박막_공정_가스_제조,65,1,미흡·없음,아니오,"키워드 4건 (5건 이하): 유해(2), 화재(1), 폭발(1)"
반도체재료,LM1903060418_23v3_반도체용_박막_공정_가스_제조,66,2,형식적 언급,아니오,"안전 22건 [누출(9), 사고(3), 안전(3), 유해(2), 화재(2)], 조치 3건 [예방(1), 대처(1), 환기(1)] (구체적 대책 미흡)"
반도체재료,LM1903060418_23v3_반도체용_박막_공정_가스_제조,67,2,형식적 언급,아니오,"안전 12건 [누출(5), 안전(2), 위험(1), 보호구(1), 화재(1)], 조치 1건 [환기(1)] (구체적 대책 미흡)"
반도체재료,LM1903060418_23v3_반도체용_박막_공정_가스_제조,68,1,미흡·없음,아니오,"키워드 3건 (5건 이하): 위험(2), 유해(1)"
반도체재료,LM1903060418_23v3_반도체용_박막_공정_가스_제조,69,1,미흡·없음,아니오,키워드 1건 (5건 이하): 위험(1)
반도체재료,LM1903060418_23v3_반도체용_박막_공정_가스_제조,70,2,형식적 언급,아니오,"안전 10건 [보호구(4), 위험(3), 안전(2), 사고(1)], 조치 1건 [착용(1)] (구체적 대책 미흡)"
반도체재료,LM1903060418_23v3_반도체용_박막_공정_가스_제조,71,2,형식적 언급,아니오,"안전 9건 [주의(4), 유해(3), 안전(2)], 구체적 조치 언급 없음"
반도체재료,LM1903060418_23v3_반도체용_박막_공정_가스_제조,72,2,형식적 언급,아니오,"안전 10건 [주의(6), 안전(3), 유해(1)], 구체적 조치 언급 없음"
반도체재료,LM1903060418_23v3_반도체용_박막_공정_가스_제조,73,1,미흡·없음,아니오,"키워드 2건 (5건 이하): 안전(1), 유해(1)"
반도체재료,LM1903060418_23v3_반도체용_박막_공정_가스_제조,78,1,미흡·없음,아니오,"키워드 4건 (5건 이하): 중독(1), 안전(1), 보건(1), MSDS(1)"
반도체재료,LM1903060418_23v3_반도체용_박막_공정_가스_제조,79,2,형식적 언급,아니오,"안전 11건 [안전(3), 주의(3), 위험(2), 보건(1), MSDS(1)], 구체적 조치 언급 없음"
반도체재료,LM1903060418_23v3_반도체용_박막_공정_가스_제조,87,2,형식적 언급,아니오,"안전 10건 [안전(6), 사고(1), 보건(1), 분진(1), 주의(1)], 조치 2건 [안전관리(2)] (구체적 대책 미흡)"
반도체재료,LM1903060418_23v3_반도체용_박막_공정_가스_제조,88,1,미흡·없음,아니오,"키워드 4건 (5건 이하): 안전(2), 유해(1), 누출(1)"
반도체재료,LM1903060418_23v3_반도체용_박막_공정_가스_제조,89,2,형식적 언급,아니오,"안전 10건 [누출(8), 안전(1), 유해(1)], 구체적 조치 언급 없음"
반도체재료,LM1903060418_23v3_반도체용_박막_공정_가스_제조,90,2,형식적 언급,아니오,"안전 6건 [누출(3), 폭발(2), 안전(1)], 구체적 조치 언급 없음"
반도체재료,LM1903060418_23v3_반도체용_박막_공정_가스_제조,91,2,형식적 언급,아니오,"안전 8건 [누출(3), 안전(2), 사고(1), 보호구(1), 주의(1)], 조치 4건 [방지(1), 환기(1), 안전관리(1), 소화기(1)] (구체적 대책 미흡)"
반도체재료,LM1903060418_23v3_반도체용_박막_공정_가스_제조,92,1,미흡·없음,아니오,"키워드 4건 (5건 이하): 안전(2), 보건(1), MSDS(1)"
반도체재료,LM1903060418_23v3_반도체용_박막_공정_가스_제조,93,3,구체적 대책,아니오,"안전 25건 [누출(7), 안전(6), 유해(3), 사고(2), 위험(2)] + 조치 6건 [예방(3), 환기(2), 방지(1)]"
반도체재료,LM1903060418_23v3_반도체용_박막_공정_가스_제조,94,3,구체적 대책,아니오,"안전 6건 [위험(2), 누출(2), 안전(1), 유해(1)] + 조치 7건 [격리(3), 환기(2), 예방(1), 방지(1)]"
반도체재료,LM1903060418_23v3_반도체용_박막_공정_가스_제조,95,3,구체적 대책,아니오,"안전 15건 [안전(6), 누출(3), 주의(3), 보건(1), 위험(1)] + 조치 11건 [예방(2), 환기(2), 격리(2), 방지(1), 안전장치(1)]"
반도체재료,LM1903060418_23v3_반도체용_박막_공정_가스_제조,96,2,형식적 언급,아니오,"안전 10건 [화재(5), 주의(2), 사고(1), 질식(1), 안전(1)], 조치 1건 [환기(1)] (구체적 대책 미흡)"
반도체재료,LM1903060418_23v3_반도체용_박막_공정_가스_제조,97,2,형식적 언급,아니오,"안전 8건 [안전(3), 주의(2), 사고(1), 위험(1), 보호구(1)], 조치 3건 [환기(2), 안전장치(1)] (구체적 대책 미흡)"
반도체재료,LM1903060418_23v3_반도체용_박막_공정_가스_제조,98,2,형식적 언급,아니오,"안전 8건 [안전(3), 위험(2), 유해(1), 보호구(1), 누출(1)], 구체적 조치 언급 없음"
반도체재료,LM1903060418_23v3_반도체용_박막_공정_가스_제조,99,2,형식적 언급,아니오,"안전 10건 [누출(7), 폭발(2), 유해(1)], 구체적 조치 언급 없음"
반도체재료,LM1903060418_23v3_반도체용_박막_공정_가스_제조,100,1,미흡·없음,아니오,"키워드 5건 (5건 이하): 누출(4), 안전(1)"
반도체재료,LM1903060418_23v3_반도체용_박막_공정_가스_제조,101,3,구체적 대책,아니오,"안전 6건 [누출(3), 안전(2), 유해(1)] + 조치 20건 [차단(8), 방지(5), 환기(5), 안전장치(2)]"
반도체재료,LM1903060418_23v3_반도체용_박막_공정_가스_제조,102,1,미흡·없음,아니오,"키워드 3건 (5건 이하): 중독(2), 누출(1)"
반도체재료,LM1903060418_23v3_반도체용_박막_공정_가스_제조,103,2,형식적 언급,아니오,"안전 15건 [안전(6), 위험(4), 사고(1), 보건(1), 화재(1)], 조치 2건 [차단(1), 대피(1)] (구체적 대책 미흡)"
반도체재료,LM1903060418_23v3_반도체용_박막_공정_가스_제조,104,3,구체적 대책,아니오,"안전 9건 [안전(6), 위험(2), 사고(1)] + 조치 8건 [보호복(4), 예방(2), 착용(1), 안전화(1)]"
반도체재료,LM1903060418_23v3_반도체용_박막_공정_가스_제조,106,2,형식적 언급,아니오,"안전 8건 [안전(6), 누출(2)], 구체적 조치 언급 없음"
반도체재료,LM1903060418_23v3_반도체용_박막_공정_가스_제조,107,2,형식적 언급,아니오,"안전 7건 [안전(5), 누출(2)], 구체적 조치 언급 없음"
반도체재료,LM1903060418_23v3_반도체용_박막_공정_가스_제조,109,2,형식적 언급,아니오,"안전 7건 [안전(4), 보건(2), MSDS(1)], 구체적 조치 언급 없음"
반도체재료,LM1903060418_23v3_반도체용_박막_공정_가스_제조,110,2,형식적 언급,아니오,"안전 9건 [안전(6), 보건(2), 유해(1)], 조치 1건 [관리방법(1)] (구체적 대책 미흡)"
반도체재료,LM1903060418_23v3_반도체용_박막_공정_가스_제조,111,1,미흡·없음,아니오,"키워드 2건 (5건 이하): 질식(1), 안전(1)"
반도체재료,LM1903060419_23v3_반도체용_이온_주입_공정_가스_제조,15,1,미흡·없음,아니오,"키워드 4건 (5건 이하): 안전(1), 보건(1), 유해(1), MSDS(1)"
반도체재료,LM1903060419_23v3_반도체용_이온_주입_공정_가스_제조,20,1,미흡·없음,아니오,"키워드 3건 (5건 이하): 안전(1), 보건(1), MSDS(1)"
반도체재료,LM1903060419_23v3_반도체용_이온_주입_공정_가스_제조,21,2,형식적 언급,아니오,"안전 7건 [안전(3), 주의(2), 보건(1), 유의 사항(1)], 구체적 조치 언급 없음"
반도체재료,LM1903060419_23v3_반도체용_이온_주입_공정_가스_제조,23,1,미흡·없음,아니오,"키워드 3건 (5건 이하): 안전(2), 질식(1)"
반도체재료,LM1903060419_23v3_반도체용_이온_주입_공정_가스_제조,26,2,형식적 언급,아니오,"안전 13건 [위험(4), 사고(2), 안전(2), 화재(2), 주의(2)], 조치 1건 [예방(1)] (구체적 대책 미흡)"
반도체재료,LM1903060419_23v3_반도체용_이온_주입_공정_가스_제조,27,2,형식적 언급,아니오,"안전 6건 [위험(3), 폭발(2), 화재(1)], 조치 1건 [환기(1)] (구체적 대책 미흡)"
반도체재료,LM1903060419_23v3_반도체용_이온_주입_공정_가스_제조,28,1,미흡·없음,아니오,"키워드 4건 (5건 이하): 위험(2), 화재(1), 폭발(1)"
반도체재료,LM1903060419_23v3_반도체용_이온_주입_공정_가스_제조,29,2,형식적 언급,아니오,"안전 23건 [위험(5), 화재(5), 안전(4), 보건(3), 폭발(3)], 구체적 조치 언급 없음"
반도체재료,LM1903060419_23v3_반도체용_이온_주입_공정_가스_제조,30,2,형식적 언급,아니오,"안전 11건 [안전(4), 보건(2), MSDS(2), 주의(2), 유의 사항(1)], 구체적 조치 언급 없음"
반도체재료,LM1903060419_23v3_반도체용_이온_주입_공정_가스_제조,31,2,형식적 언급,아니오,"안전 10건 [안전(4), 위험(3), 누출(2), MSDS(1)], 구체적 조치 언급 없음"
반도체재료,LM1903060419_23v3_반도체용_이온_주입_공정_가스_제조,32,3,구체적 대책,아니오,"안전 20건 [안전(13), 폭발(2), 주의(2), 위험(1), 화재(1)] + 조치 5건 [환기(4), 예방(1)]"
반도체재료,LM1903060419_23v3_반도체용_이온_주입_공정_가스_제조,33,2,형식적 언급,아니오,"안전 6건 [안전(3), 위험(2), 사고(1)], 조치 3건 [방지(1), 안전장치(1), 차단(1)] (구체적 대책 미흡)"
반도체재료,LM1903060419_23v3_반도체용_이온_주입_공정_가스_제조,34,2,형식적 언급,아니오,"안전 9건 [주의(5), 위험(2), 화재(1), 폭발(1)], 조치 2건 [방지(1), 차단(1)] (구체적 대책 미흡)"
반도체재료,LM1903060419_23v3_반도체용_이온_주입_공정_가스_제조,35,2,형식적 언급,아니오,"안전 25건 [위험(14), 안전(5), 폭발(2), 주의(2), 화재(1)], 조치 3건 [방지(3)] (구체적 대책 미흡)"
반도체재료,LM1903060419_23v3_반도체용_이온_주입_공정_가스_제조,36,2,형식적 언급,아니오,"안전 24건 [위험(11), 폭발(6), 사고(4), 안전(3)], 조치 3건 [방지(2), 예방(1)] (구체적 대책 미흡)"
반도체재료,LM1903060419_23v3_반도체용_이온_주입_공정_가스_제조,37,2,형식적 언급,아니오,"안전 18건 [위험(4), 주의(4), 누출(3), 안전(2), 폭발(2)], 조치 2건 [예방(1), 환기(1)] (구체적 대책 미흡)"
반도체재료,LM1903060419_23v3_반도체용_이온_주입_공정_가스_제조,38,3,구체적 대책,아니오,"안전 16건 [위험(9), 보호구(2), 화재(2), 유해(1), 누출(1)] + 조치 8건 [환기(4), 방지(3), 소화기(1)]"
반도체재료,LM1903060419_23v3_반도체용_이온_주입_공정_가스_제조,39,2,형식적 언급,아니오,"안전 19건 [위험(5), 누출(4), 안전(3), 폭발(2), 주의(2)], 조치 4건 [차단(2), 방지(1), 환기(1)] (구체적 대책 미흡)"
반도체재료,LM1903060419_23v3_반도체용_이온_주입_공정_가스_제조,40,1,미흡·없음,아니오,"키워드 5건 (5건 이하): 주의(2), 안전(1), 위험(1), 화재(1)"
반도체재료,LM1903060419_23v3_반도체용_이온_주입_공정_가스_제조,41,1,미흡·없음,아니오,"키워드 4건 (5건 이하): 위험(1), 화재(1), 분진(1), 주의(1)"
반도체재료,LM1903060419_23v3_반도체용_이온_주입_공정_가스_제조,42,2,형식적 언급,아니오,"안전 6건 [안전(4), 주의(2)], 구체적 조치 언급 없음"
반도체재료,LM1903060419_23v3_반도체용_이온_주입_공정_가스_제조,43,2,형식적 언급,아니오,"안전 6건 [안전(4), 주의(2)], 구체적 조치 언급 없음"
반도체재료,LM1903060419_23v3_반도체용_이온_주입_공정_가스_제조,44,1,미흡·없음,아니오,"키워드 5건 (5건 이하): 안전(2), 주의(2), 유해(1)"
반도체재료,LM1903060419_23v3_반도체용_이온_주입_공정_가스_제조,45,1,미흡·없음,아니오,키워드 1건 (5건 이하): 안전(1)
반도체재료,LM1903060419_23v3_반도체용_이온_주입_공정_가스_제조,47,2,형식적 언급,아니오,"안전 7건 [폭발(3), 주의(3), 위험(1)], 구체적 조치 언급 없음"
반도체재료,LM1903060419_23v3_반도체용_이온_주입_공정_가스_제조,48,2,형식적 언급,아니오,"안전 12건 [폭발(3), 누출(3), 안전(2), 보건(1), 위험(1)], 구체적 조치 언급 없음"
반도체재료,LM1903060419_23v3_반도체용_이온_주입_공정_가스_제조,49,2,형식적 언급,아니오,"안전 8건 [안전(3), 주의(3), 보건(1), 유의 사항(1)], 구체적 조치 언급 없음"
반도체재료,LM1903060419_23v3_반도체용_이온_주입_공정_가스_제조,50,1,미흡·없음,아니오,"키워드 2건 (5건 이하): 안전(1), 주의(1)"
반도체재료,LM1903060419_23v3_반도체용_이온_주입_공정_가스_제조,52,1,미흡·없음,아니오,키워드 1건 (5건 이하): 안전(1)
반도체재료,LM1903060419_23v3_반도체용_이온_주입_공정_가스_제조,54,1,미흡·없음,아니오,키워드 1건 (5건 이하): 안전(1)
반도체재료,LM1903060419_23v3_반도체용_이온_주입_공정_가스_제조,56,1,미흡·없음,아니오,"키워드 3건 (5건 이하): 주의(2), 진동(1)"
반도체재료,LM1903060419_23v3_반도체용_이온_주입_공정_가스_제조,57,2,형식적 언급,아니오,"안전 9건 [폭발(4), 유해(3), 질식(1), 주의(1)], 구체적 조치 언급 없음"
반도체재료,LM1903060419_23v3_반도체용_이온_주입_공정_가스_제조,60,1,미흡·없음,아니오,"키워드 4건 (5건 이하): 폭발(3), 주의(1)"
반도체재료,LM1903060419_23v3_반도체용_이온_주입_공정_가스_제조,61,1,미흡·없음,아니오,키워드 1건 (5건 이하): 폭발(1)
반도체재료,LM1903060419_23v3_반도체용_이온_주입_공정_가스_제조,62,1,미흡·없음,아니오,키워드 2건 (5건 이하): 위험(2)
반도체재료,LM1903060419_23v3_반도체용_이온_주입_공정_가스_제조,63,2,형식적 언급,아니오,"안전 6건 [안전(2), 보건(1), MSDS(1), 유의 사항(1), 주의(1)], 구체적 조치 언급 없음"
반도체재료,LM1903060419_23v3_반도체용_이온_주입_공정_가스_제조,64,2,형식적 언급,아니오,"안전 15건 [안전(5), 유해(4), 주의(3), 질식(1), 보건(1)], 구체적 조치 언급 없음"
반도체재료,LM1903060419_23v3_반도체용_이온_주입_공정_가스_제조,65,2,형식적 언급,아니오,"안전 12건 [화재(4), 위험(3), 누출(3), 폭발(2)], 조치 4건 [방지(2), 차단(2)] (구체적 대책 미흡)"
반도체재료,LM1903060419_23v3_반도체용_이온_주입_공정_가스_제조,66,2,형식적 언급,아니오,"안전 13건 [폭발(9), 위험(4)], 구체적 조치 언급 없음"
반도체재료,LM1903060419_23v3_반도체용_이온_주입_공정_가스_제조,67,2,형식적 언급,아니오,"안전 12건 [위험(6), 안전(4), 화재(1), 주의(1)], 조치 2건 [예방(1), 환기(1)] (구체적 대책 미흡)"
반도체재료,LM1903060419_23v3_반도체용_이온_주입_공정_가스_제조,68,2,형식적 언급,아니오,"안전 12건 [안전(5), 위험(4), 폭발(1), 누출(1), 주의(1)], 구체적 조치 언급 없음"
반도체재료,LM1903060419_23v3_반도체용_이온_주입_공정_가스_제조,69,3,구체적 대책,아니오,"안전 7건 [안전(3), 누출(2), 폭발(1), 주의(1)] + 조치 12건 [환기(3), 방지(2), 착용(2), 보호복(2), 안전화(2)]"
반도체재료,LM1903060419_23v3_반도체용_이온_주입_공정_가스_제조,70,1,미흡·없음,아니오,키워드 2건 (5건 이하): 안전(2)
반도체재료,LM1903060419_23v3_반도체용_이온_주입_공정_가스_제조,71,1,미흡·없음,아니오,"키워드 3건 (5건 이하): 안전(1), 위험(1), 주의(1)"
반도체재료,LM1903060419_23v3_반도체용_이온_주입_공정_가스_제조,72,2,형식적 언급,아니오,"안전 7건 [주의(3), 안전(2), 유해(2)], 구체적 조치 언급 없음"
반도체재료,LM1903060419_23v3_반도체용_이온_주입_공정_가스_제조,73,2,형식적 언급,아니오,"안전 9건 [주의(4), 유해(3), 안전(2)], 구체적 조치 언급 없음"
반도체재료,LM1903060419_23v3_반도체용_이온_주입_공정_가스_제조,74,1,미흡·없음,아니오,"키워드 2건 (5건 이하): 안전(1), 보호구(1)"
반도체재료,LM1903060419_23v3_반도체용_이온_주입_공정_가스_제조,75,1,미흡·없음,아니오,키워드 1건 (5건 이하): 위험(1)
반도체재료,LM1903060419_23v3_반도체용_이온_주입_공정_가스_제조,76,1,미흡·없음,아니오,키워드 1건 (5건 이하): 먼지(1)
반도체재료,LM1903060419_23v3_반도체용_이온_주입_공정_가스_제조,79,1,미흡·없음,아니오,"키워드 3건 (5건 이하): 안전(1), 보건(1), MSDS(1)"
반도체재료,LM1903060419_23v3_반도체용_이온_주입_공정_가스_제조,80,2,형식적 언급,아니오,"안전 10건 [안전(5), 주의(2), 보건(1), 유해(1), 유의 사항(1)], 구체적 조치 언급 없음"
반도체재료,LM1903060419_23v3_반도체용_이온_주입_공정_가스_제조,85,1,미흡·없음,아니오,키워드 1건 (5건 이하): 위험(1)
반도체재료,LM1903060419_23v3_반도체용_이온_주입_공정_가스_제조,86,2,형식적 언급,아니오,"안전 6건 [안전(2), 사고(1), 보건(1), 위험(1), 주의(1)], 조치 3건 [환기(3)] (구체적 대책 미흡)"
반도체재료,LM1903060419_23v3_반도체용_이온_주입_공정_가스_제조,87,2,형식적 언급,아니오,"안전 6건 [안전(3), 누출(2), 보호구(1)], 조치 3건 [대처(1), 환기(1), 소화기(1)] (구체적 대책 미흡)"
반도체재료,LM1903060419_23v3_반도체용_이온_주입_공정_가스_제조,88,1,미흡·없음,아니오,"키워드 4건 (5건 이하): 안전(2), 유해(1), 주의(1)"
반도체재료,LM1903060419_23v3_반도체용_이온_주입_공정_가스_제조,89,2,형식적 언급,아니오,"안전 16건 [안전(7), 누출(4), 사고(2), 주의(2), 유해(1)], 조치 1건 [방지(1)] (구체적 대책 미흡)"
반도체재료,LM1903060419_23v3_반도체용_이온_주입_공정_가스_제조,90,2,형식적 언급,아니오,"안전 11건 [누출(6), 안전(4), 유해(1)], 조치 3건 [방지(2), 차단(1)] (구체적 대책 미흡)"
반도체재료,LM1903060419_23v3_반도체용_이온_주입_공정_가스_제조,91,2,형식적 언급,아니오,"안전 19건 [안전(6), 보건(5), 위험(1), 유해(1), 보호구(1)], 조치 3건 [응급조치(2), 대처(1)] (구체적 대책 미흡)"
반도체재료,LM1903060419_23v3_반도체용_이온_주입_공정_가스_제조,92,2,형식적 언급,아니오,"안전 33건 [안전(9), 위험(7), 유해(7), 보건(3), 누출(3)], 조치 3건 [예방(1), 응급조치(1), 착용(1)] (구체적 대책 미흡)"
반도체재료,LM1903060419_23v3_반도체용_이온_주입_공정_가스_제조,93,2,형식적 언급,아니오,"안전 7건 [안전(5), 위험(1), 감전(1)], 조치 1건 [예방(1)] (구체적 대책 미흡)"
반도체재료,LM1903060419_23v3_반도체용_이온_주입_공정_가스_제조,94,1,미흡·없음,아니오,"키워드 3건 (5건 이하): 안전(1), 보건(1), MSDS(1)"
반도체재료,LM1903060419_23v3_반도체용_이온_주입_공정_가스_제조,95,2,형식적 언급,아니오,"안전 11건 [안전(4), 사고(2), 주의(2), 보건(1), 누출(1)], 구체적 조치 언급 없음"
반도체재료,LM1903060419_23v3_반도체용_이온_주입_공정_가스_제조,97,2,형식적 언급,아니오,"안전 19건 [안전(7), 누출(5), 사고(4), 위험(1), 유해(1)], 조치 3건 [예방(1), 대처(1), 차단(1)] (구체적 대책 미흡)"
반도체재료,LM1903060419_23v3_반도체용_이온_주입_공정_가스_제조,98,2,형식적 언급,아니오,"안전 13건 [안전(6), 위험(3), 주의(2), 사고(1), 폭발(1)], 조치 1건 [환기(1)] (구체적 대책 미흡)"
반도체재료,LM1903060419_23v3_반도체용_이온_주입_공정_가스_제조,99,3,구체적 대책,아니오,"안전 17건 [안전(6), 주의(4), 위험(2), 보건(1), 폭발(1)] + 조치 6건 [방지(5), 환기(1)]"
반도체재료,LM1903060419_23v3_반도체용_이온_주입_공정_가스_제조,100,1,미흡·없음,아니오,"키워드 4건 (5건 이하): 안전(2), 위험(1), 주의(1)"
반도체재료,LM1903060419_23v3_반도체용_이온_주입_공정_가스_제조,101,2,형식적 언급,아니오,"안전 18건 [안전(6), 위험(4), 누출(3), 보건(2), 화재(2)], 조치 2건 [차단(1), 대피(1)] (구체적 대책 미흡)"
반도체재료,LM1903060419_23v3_반도체용_이온_주입_공정_가스_제조,102,2,형식적 언급,아니오,"안전 12건 [안전(4), 위험(3), 누출(2), 사고(1), 보건(1)], 조치 1건 [착용(1)] (구체적 대책 미흡)"
반도체재료,LM1903060419_23v3_반도체용_이온_주입_공정_가스_제조,103,2,형식적 언급,아니오,"안전 11건 [사고(5), 안전(2), 위험(2), 질식(1), 유해(1)], 조치 1건 [보호복(1)] (구체적 대책 미흡)"
반도체재료,LM1903060419_23v3_반도체용_이온_주입_공정_가스_제조,104,2,형식적 언급,아니오,"안전 15건 [누출(6), 화재(3), 안전(2), 폭발(2), 보건(1)], 조치 4건 [대피(3), 차단(1)] (구체적 대책 미흡)"
반도체재료,LM1903060419_23v3_반도체용_이온_주입_공정_가스_제조,105,2,형식적 언급,아니오,"안전 8건 [안전(4), 보건(1), 유해(1), 폭발(1), 누출(1)], 구체적 조치 언급 없음"
반도체재료,LM1903060419_23v3_반도체용_이온_주입_공정_가스_제조,106,2,형식적 언급,아니오,"안전 13건 [안전(6), 보건(2), 유해(2), 누출(1), MSDS(1)], 구체적 조치 언급 없음"
반도체재료,LM1903060419_23v3_반도체용_이온_주입_공정_가스_제조,107,2,형식적 언급,아니오,"안전 12건 [안전(7), 누출(3), 보건(1), 유의 사항(1)], 구체적 조치 언급 없음"
반도체재료,LM1903060419_23v3_반도체용_이온_주입_공정_가스_제조,108,2,형식적 언급,아니오,"안전 7건 [안전(5), 보건(2)], 구체적 조치 언급 없음"
반도체재료,LM1903060419_23v3_반도체용_이온_주입_공정_가스_제조,109,2,형식적 언급,아니오,"안전 6건 [안전(2), 보건(2), 유해(1), MSDS(1)], 구체적 조치 언급 없음"
반도체재료,LM1903060419_23v3_반도체용_이온_주입_공정_가스_제조,110,2,형식적 언급,아니오,"안전 12건 [안전(7), 보건(3), 위험(1), 누출(1)], 구체적 조치 언급 없음"
반도체재료,LM1903060419_23v3_반도체용_이온_주입_공정_가스_제조,111,1,미흡·없음,아니오,"키워드 2건 (5건 이하): 질식(1), 안전(1)"
반도체재료,LM1903060420_23v3_반도체용_박막_공정_전구체_제조,19,1,미흡·없음,아니오,"키워드 4건 (5건 이하): 안전(3), 위험(1)"
반도체재료,LM1903060420_23v3_반도체용_박막_공정_전구체_제조,20,2,형식적 언급,아니오,"안전 8건 [안전(6), 위험(2)], 구체적 조치 언급 없음"
반도체재료,LM1903060420_23v3_반도체용_박막_공정_전구체_제조,22,1,미흡·없음,아니오,"키워드 3건 (5건 이하): 안전(1), MSDS(1), 유의 사항(1)"
반도체재료,LM1903060420_23v3_반도체용_박막_공정_전구체_제조,23,1,미흡·없음,아니오,키워드 3건 (5건 이하): 안전(3)
반도체재료,LM1903060420_23v3_반도체용_박막_공정_전구체_제조,24,2,형식적 언급,아니오,"안전 13건 [안전(9), 누출(3), 화재(1)], 조치 4건 [대처(2), 착용(1), 소화기(1)] (구체적 대책 미흡)"
반도체재료,LM1903060420_23v3_반도체용_박막_공정_전구체_제조,26,1,미흡·없음,아니오,키워드 1건 (5건 이하): 안전(1)
반도체재료,LM1903060420_23v3_반도체용_박막_공정_전구체_제조,27,1,미흡·없음,아니오,"키워드 4건 (5건 이하): 안전(2), 주의(2)"
반도체재료,LM1903060420_23v3_반도체용_박막_공정_전구체_제조,28,1,미흡·없음,아니오,"키워드 4건 (5건 이하): 안전(3), 위험(1)"
반도체재료,LM1903060420_23v3_반도체용_박막_공정_전구체_제조,29,1,미흡·없음,아니오,"키워드 5건 (5건 이하): 안전(2), 위험(1), 화재(1), 폭발(1)"
반도체재료,LM1903060420_23v3_반도체용_박막_공정_전구체_제조,30,2,형식적 언급,아니오,"안전 8건 [안전(3), 주의(2), 위험(1), 화재(1), 폭발(1)], 구체적 조치 언급 없음"
반도체재료,LM1903060420_23v3_반도체용_박막_공정_전구체_제조,32,1,미흡·없음,아니오,"키워드 5건 (5건 이하): 안전(4), 유해(1)"
반도체재료,LM1903060420_23v3_반도체용_박막_공정_전구체_제조,34,1,미흡·없음,아니오,키워드 1건 (5건 이하): 인화(1)
반도체재료,LM1903060420_23v3_반도체용_박막_공정_전구체_제조,35,2,형식적 언급,아니오,"안전 6건 [안전(6)], 조치 1건 [방지(1)] (구체적 대책 미흡)"
반도체재료,LM1903060420_23v3_반도체용_박막_공정_전구체_제조,36,3,구체적 대책,아니오,"안전 18건 [안전(7), 위험(5), 사고(3), 화재(2), 폭발(1)] + 조치 7건 [방지(2), 응급조치(2), 환기(1), 착용(1), 마스크(1)]"
반도체재료,LM1903060420_23v3_반도체용_박막_공정_전구체_제조,37,2,형식적 언급,아니오,"안전 10건 [안전(6), 위험(2), 누출(2)], 구체적 조치 언급 없음"
반도체재료,LM1903060420_23v3_반도체용_박막_공정_전구체_제조,38,2,형식적 언급,아니오,"안전 9건 [위험(6), 안전(2), 먼지(1)], 구체적 조치 언급 없음"
반도체재료,LM1903060420_23v3_반도체용_박막_공정_전구체_제조,39,1,미흡·없음,아니오,키워드 2건 (5건 이하): 안전(2)
반도체재료,LM1903060420_23v3_반도체용_박막_공정_전구체_제조,41,1,미흡·없음,아니오,"키워드 3건 (5건 이하): 안전(2), 주의(1)"
반도체재료,LM1903060420_23v3_반도체용_박막_공정_전구체_제조,44,1,미흡·없음,아니오,키워드 1건 (5건 이하): 위험(1)
반도체재료,LM1903060420_23v3_반도체용_박막_공정_전구체_제조,45,1,미흡·없음,아니오,"키워드 4건 (5건 이하): 유해(2), 안전(1), 위험(1)"
반도체재료,LM1903060420_23v3_반도체용_박막_공정_전구체_제조,46,2,형식적 언급,아니오,"안전 8건 [안전(4), 유해(4)], 구체적 조치 언급 없음"
반도체재료,LM1903060420_23v3_반도체용_박막_공정_전구체_제조,48,2,형식적 언급,아니오,"안전 21건 [안전(8), 누출(6), 유해(3), 위험(2), 사고(1)], 조치 2건 [예방(2)] (구체적 대책 미흡)"
반도체재료,LM1903060420_23v3_반도체용_박막_공정_전구체_제조,49,2,형식적 언급,아니오,"안전 8건 [안전(5), 누출(2), 위험(1)], 조치 1건 [대처(1)] (구체적 대책 미흡)"
반도체재료,LM1903060420_23v3_반도체용_박막_공정_전구체_제조,50,1,미흡·없음,아니오,키워드 1건 (5건 이하): 안전(1)
반도체재료,LM1903060420_23v3_반도체용_박막_공정_전구체_제조,56,1,미흡·없음,아니오,"키워드 2건 (5건 이하): 안전(1), 주의(1)"
반도체재료,LM1903060420_23v3_반도체용_박막_공정_전구체_제조,57,1,미흡·없음,아니오,"키워드 5건 (5건 이하): 안전(4), 주의(1)"
반도체재료,LM1903060420_23v3_반도체용_박막_공정_전구체_제조,61,2,형식적 언급,아니오,"안전 12건 [안전(4), MSDS(4), 위험(2), 보건(1), 유해(1)], 조치 4건 [응급조치(3), 대처(1)] (구체적 대책 미흡)"
반도체재료,LM1903060420_23v3_반도체용_박막_공정_전구체_제조,62,1,미흡·없음,아니오,"키워드 3건 (5건 이하): 안전(1), 유해(1), MSDS(1)"
반도체재료,LM1903060420_23v3_반도체용_박막_공정_전구체_제조,63,1,미흡·없음,아니오,"키워드 4건 (5건 이하): MSDS(2), 안전(1), 위험(1)"
반도체재료,LM1903060420_23v3_반도체용_박막_공정_전구체_제조,64,3,구체적 대책,아니오,"안전 16건 [안전(4), 유해(3), 위험(2), 주의(2), 화재(1)] + 조치 6건 [방지(2), 환기(1), 착용(1), 보호복(1), 마스크(1)]"
반도체재료,LM1903060420_23v3_반도체용_박막_공정_전구체_제조,65,1,미흡·없음,아니오,키워드 1건 (5건 이하): 안전(1)
반도체재료,LM1903060420_23v3_반도체용_박막_공정_전구체_제조,66,1,미흡·없음,아니오,키워드 1건 (5건 이하): 안전(1)
반도체재료,LM1903060420_23v3_반도체용_박막_공정_전구체_제조,67,1,미흡·없음,아니오,"키워드 4건 (5건 이하): 안전(3), 위험(1)"
반도체재료,LM1903060420_23v3_반도체용_박막_공정_전구체_제조,68,1,미흡·없음,아니오,키워드 4건 (5건 이하): 안전(4)
반도체재료,LM1903060420_23v3_반도체용_박막_공정_전구체_제조,69,2,형식적 언급,아니오,"안전 9건 [안전(7), 위험(1), 화재(1)], 조치 2건 [방지(1), 환기(1)] (구체적 대책 미흡)"
반도체재료,LM1903060420_23v3_반도체용_박막_공정_전구체_제조,71,2,형식적 언급,아니오,"안전 8건 [안전(5), 유해(1), 폭발(1)], 조치 2건 [방지(1), 차단(1)] (구체적 대책 미흡)"
반도체재료,LM1903060420_23v3_반도체용_박막_공정_전구체_제조,72,1,미흡·없음,아니오,키워드 2건 (5건 이하): 안전(2)
반도체재료,LM1903060420_23v3_반도체용_박막_공정_전구체_제조,73,2,형식적 언급,아니오,"안전 6건 [안전(4), 위험(1), 유해(1)], 조치 1건 [격리(1)] (구체적 대책 미흡)"
반도체재료,LM1903060420_23v3_반도체용_박막_공정_전구체_제조,75,1,미흡·없음,아니오,"키워드 5건 (5건 이하): 안전(3), 위험(1), 유해(1)"
반도체재료,LM1903060420_23v3_반도체용_박막_공정_전구체_제조,76,1,미흡·없음,아니오,키워드 1건 (5건 이하): 안전(1)
반도체재료,LM1903060420_23v3_반도체용_박막_공정_전구체_제조,78,1,미흡·없음,아니오,"키워드 5건 (5건 이하): 안전(4), 위험(1)"
반도체재료,LM1903060420_23v3_반도체용_박막_공정_전구체_제조,85,1,미흡·없음,아니오,"키워드 5건 (5건 이하): 안전(4), 폭발(1)"
반도체재료,LM1903060420_23v3_반도체용_박막_공정_전구체_제조,86,1,미흡·없음,아니오,"키워드 3건 (5건 이하): 소음(1), 진동(1), 먼지(1)"
반도체재료,LM1903060420_23v3_반도체용_박막_공정_전구체_제조,87,2,형식적 언급,아니오,"안전 9건 [안전(9)], 조치 4건 [예방(2), 안전장치(2)] (구체적 대책 미흡)"
반도체재료,LM1903060420_23v3_반도체용_박막_공정_전구체_제조,88,1,미흡·없음,아니오,키워드 4건 (5건 이하): 안전(4)
반도체재료,LM1903060420_23v3_반도체용_박막_공정_전구체_제조,95,1,미흡·없음,아니오,키워드 2건 (5건 이하): 안전(2)
반도체재료,LM1903060420_23v3_반도체용_박막_공정_전구체_제조,96,1,미흡·없음,아니오,키워드 4건 (5건 이하): 안전(4)
반도체재료,LM1903060420_23v3_반도체용_박막_공정_전구체_제조,99,1,미흡·없음,아니오,키워드 1건 (5건 이하): 안전(1)
반도체재료,LM1903060420_23v3_반도체용_박막_공정_전구체_제조,100,3,구체적 대책,아니오,"안전 23건 [안전(7), MSDS(4), 위험(3), 보건(2), 유해(2)] + 조치 14건 [착용(6), 환기(3), 소화기(2), 예방(1), 방지(1)]"
반도체재료,LM1903060420_23v3_반도체용_박막_공정_전구체_제조,101,3,구체적 대책,아니오,"안전 8건 [안전(6), 사고(1), 주의(1)] + 조치 10건 [대피(5), 응급조치(3), 예방(1), 착용(1)]"
반도체재료,LM1903060420_23v3_반도체용_박막_공정_전구체_제조,102,2,형식적 언급,아니오,"안전 11건 [안전(4), 위험(1), 유해(1), 화재(1), 폭발(1)], 조치 2건 [방지(1), 소화기(1)] (구체적 대책 미흡)"
반도체재료,LM1903060420_23v3_반도체용_박막_공정_전구체_제조,104,1,미흡·없음,아니오,키워드 3건 (5건 이하): 위험(3)
반도체재료,LM1903060420_23v3_반도체용_박막_공정_전구체_제조,105,1,미흡·없음,아니오,"키워드 2건 (5건 이하): 안전(1), 유해(1)"
반도체재료,LM1903060420_23v3_반도체용_박막_공정_전구체_제조,106,1,미흡·없음,아니오,키워드 3건 (5건 이하): 위험(3)
반도체재료,LM1903060420_23v3_반도체용_박막_공정_전구체_제조,107,2,형식적 언급,아니오,"안전 7건 [안전(4), 위험(2), 진동(1)], 조치 2건 [대처(1), 대피(1)] (구체적 대책 미흡)"
반도체재료,LM1903060420_23v3_반도체용_박막_공정_전구체_제조,108,1,미흡·없음,아니오,키워드 5건 (5건 이하): 안전(5)
반도체재료,LM1903060420_23v3_반도체용_박막_공정_전구체_제조,109,1,미흡·없음,아니오,키워드 4건 (5건 이하): 안전(4)
반도체재료,LM1903060420_23v3_반도체용_박막_공정_전구체_제조,110,1,미흡·없음,아니오,키워드 2건 (5건 이하): 안전(2)
반도체재료,LM1903060420_23v3_반도체용_박막_공정_전구체_제조,111,1,미흡·없음,아니오,키워드 1건 (5건 이하): 안전(1)
반도체재료,LM1903060420_23v3_반도체용_박막_공정_전구체_제조,112,2,형식적 언급,아니오,"안전 7건 [안전(6), 유해(1)], 조치 4건 [착용(2), 차단(1), 마스크(1)] (구체적 대책 미흡)"
반도체재료,LM1903060420_23v3_반도체용_박막_공정_전구체_제조,113,3,구체적 대책,아니오,"안전 6건 [안전(5), 위험(1)] + 조치 5건 [착용(3), 환기(1), 마스크(1)]"
반도체재료,LM1903060420_23v3_반도체용_박막_공정_전구체_제조,114,1,미흡·없음,아니오,"키워드 5건 (5건 이하): 안전(4), 주의(1)"
반도체재료,LM1903060420_23v3_반도체용_박막_공정_전구체_제조,115,1,미흡·없음,아니오,키워드 3건 (5건 이하): 안전(3)
반도체재료,LM1903060420_23v3_반도체용_박막_공정_전구체_제조,116,1,미흡·없음,아니오,키워드 1건 (5건 이하): 안전(1)
반도체재료,LM1903060420_23v3_반도체용_박막_공정_전구체_제조,118,2,형식적 언급,아니오,"안전 6건 [안전(5), 위험(1)], 조치 1건 [방지(1)] (구체적 대책 미흡)"
반도체재료,LM1903060420_23v3_반도체용_박막_공정_전구체_제조,119,1,미흡·없음,아니오,키워드 3건 (5건 이하): 안전(3)
반도체재료,LM1903060420_23v3_반도체용_박막_공정_전구체_제조,121,1,미흡·없음,아니오,키워드 1건 (5건 이하): 안전(1)
반도체재료,LM1903060420_23v3_반도체용_박막_공정_전구체_제조,122,1,미흡·없음,아니오,키워드 1건 (5건 이하): 안전(1)
반도체재료,LM1903060420_23v3_반도체용_박막_공정_전구체_제조,126,1,미흡·없음,아니오,"키워드 3건 (5건 이하): 안전(1), 보건(1), MSDS(1)"
반도체재료,LM1903060420_23v3_반도체용_박막_공정_전구체_제조,127,1,미흡·없음,아니오,키워드 1건 (5건 이하): 안전(1)
반도체재료,LM1903060421_23v3_반도체용_포토_공정_재료_제조,60,3,구체적 대책,아니오,"안전 27건 [주의(13), 안전(10), MSDS(2), 유의 사항(2)] + 조치 46건 [마스크(33), 대처(6), 방지(2), 안전관리(2), 안전화(2)]"
반도체재료,LM1903060421_23v3_반도체용_포토_공정_재료_제조,67,2,형식적 언급,아니오,"안전 13건 [사고(7), 유해(2), 폭발(1)], 구체적 조치 언급 없음"
반도체재료,LM1903060421_23v3_반도체용_포토_공정_재료_제조,68,2,형식적 언급,아니오,"안전 9건 [폭발(2), 질식(1), 중독(1), 안전(1), 보건(1)], 조치 1건 [환기(1)] (구체적 대책 미흡)"
반도체재료,LM1903060421_23v3_반도체용_포토_공정_재료_제조,69,1,미흡·없음,아니오,"키워드 2건 (5건 이하): 유해(1), MSDS(1)"
반도체재료,LM1903060421_23v3_반도체용_포토_공정_재료_제조,70,2,형식적 언급,아니오,"안전 9건 [폭발(1)], 구체적 조치 언급 없음"
반도체재료,LM1903060421_23v3_반도체용_포토_공정_재료_제조,71,1,미흡·없음,아니오,키워드 4건 (5건 이하): 폭발(4)
반도체재료,LM1903060421_23v3_반도체용_포토_공정_재료_제조,72,1,미흡·없음,아니오,키워드 1건 (5건 이하): MSDS(1)
반도체재료,LM1903060421_23v3_반도체용_포토_공정_재료_제조,73,1,미흡·없음,아니오,"키워드 5건 (5건 이하): 안전(4), 유의 사항(1)"
반도체재료,LM1903060421_23v3_반도체용_포토_공정_재료_제조,75,1,미흡·없음,아니오,키워드 2건 (5건 이하): MSDS(2)
반도체재료,LM1903060421_23v3_반도체용_포토_공정_재료_제조,76,1,미흡·없음,아니오,"키워드 3건 (5건 이하): 진동(2), 폭발(1)"
반도체재료,LM1903060421_23v3_반도체용_포토_공정_재료_제조,77,2,형식적 언급,아니오,"안전 7건 [], 구체적 조치 언급 없음"
반도체재료,LM1903060421_23v3_반도체용_포토_공정_재료_제조,78,1,미흡·없음,아니오,키워드 5건 (5건 이하): 폭발(5)
반도체재료,LM1903060421_23v3_반도체용_포토_공정_재료_제조,83,1,미흡·없음,아니오,키워드 1건 (5건 이하): 먼지(1)
반도체재료,LM1903060421_23v3_반도체용_포토_공정_재료_제조,87,1,미흡·없음,아니오,키워드 1건 (5건 이하): 안전(1)
반도체재료,LM1903060421_23v3_반도체용_포토_공정_재료_제조,88,2,형식적 언급,아니오,"안전 7건 [안전(2), 유해(2), 사고(1), MSDS(1), 주의(1)], 구체적 조치 언급 없음"
반도체재료,LM1903060422_23v3_반도체용_트랙_공정_재료_제조,18,1,미흡·없음,아니오,키워드 1건 (5건 이하): 먼지(1)
반도체재료,LM1903060422_23v3_반도체용_트랙_공정_재료_제조,21,1,미흡·없음,아니오,키워드 1건 (5건 이하): MSDS(1)
반도체재료,LM1903060422_23v3_반도체용_트랙_공정_재료_제조,23,3,구체적 대책,아니오,"안전 6건 [안전(4), 유의 사항(1), 주의(1)] + 조치 6건 [마스크(5), 안전화(1)]"
반도체재료,LM1903060422_23v3_반도체용_트랙_공정_재료_제조,25,1,미흡·없음,아니오,키워드 1건 (5건 이하): PSM(1)
반도체재료,LM1903060422_23v3_반도체용_트랙_공정_재료_제조,44,1,미흡·없음,아니오,키워드 2건 (5건 이하): 인화(2)
반도체재료,LM1903060422_23v3_반도체용_트랙_공정_재료_제조,47,2,형식적 언급,아니오,"안전 10건 [안전(5), 유의 사항(4), 보호구(1)], 구체적 조치 언급 없음"
반도체재료,LM1903060422_23v3_반도체용_트랙_공정_재료_제조,52,1,미흡·없음,아니오,키워드 1건 (5건 이하): MSDS(1)
반도체재료,LM1903060422_23v3_반도체용_트랙_공정_재료_제조,54,1,미흡·없음,아니오,"키워드 4건 (5건 이하): 안전(1), 위험(1), 화재(1), 주의(1)"
반도체재료,LM1903060422_23v3_반도체용_트랙_공정_재료_제조,55,1,미흡·없음,아니오,키워드 1건 (5건 이하): MSDS(1)
반도체재료,LM1903060422_23v3_반도체용_트랙_공정_재료_제조,64,1,미흡·없음,아니오,키워드 1건 (5건 이하): 안전(1)
반도체재료,LM1903060422_23v3_반도체용_트랙_공정_재료_제조,65,2,형식적 언급,아니오,"안전 6건 [유해(2), 주의(2), 안전(1), MSDS(1)], 구체적 조치 언급 없음"
반도체재료,LM1903060422_23v3_반도체용_트랙_공정_재료_제조,66,2,형식적 언급,아니오,"안전 8건 [주의(4), 안전(1), 유해(1), 폭발(1), MSDS(1)], 구체적 조치 언급 없음"
반도체재료,LM1903060422_23v3_반도체용_트랙_공정_재료_제조,70,1,미흡·없음,아니오,키워드 1건 (5건 이하): 인화(1)
반도체재료,LM1903060422_23v3_반도체용_트랙_공정_재료_제조,71,1,미흡·없음,아니오,"키워드 4건 (5건 이하): 주의(3), MSDS(1)"
반도체재료,LM1903060422_23v3_반도체용_트랙_공정_재료_제조,72,1,미흡·없음,아니오,키워드 3건 (5건 이하): 안전(3)
반도체재료,LM1903060422_23v3_반도체용_트랙_공정_재료_제조,73,1,미흡·없음,아니오,"키워드 4건 (5건 이하): 안전(1), 먼지(1), 유의 사항(1), 주의(1)"
반도체재료,LM1903060422_23v3_반도체용_트랙_공정_재료_제조,74,1,미흡·없음,아니오,"키워드 2건 (5건 이하): MSDS(1), 주의(1)"
반도체재료,LM1903060422_23v3_반도체용_트랙_공정_재료_제조,78,2,형식적 언급,아니오,"안전 17건 [사고(6), 유해(3), 폭발(2), 질식(1), 중독(1)], 조치 1건 [환기(1)] (구체적 대책 미흡)"
반도체재료,LM1903060422_23v3_반도체용_트랙_공정_재료_제조,79,1,미흡·없음,아니오,"키워드 2건 (5건 이하): 유해(1), 폭발(1)"
반도체재료,LM1903060422_23v3_반도체용_트랙_공정_재료_제조,80,1,미흡·없음,아니오,키워드 1건 (5건 이하): MSDS(1)
반도체재료,LM1903060422_23v3_반도체용_트랙_공정_재료_제조,81,2,형식적 언급,아니오,"안전 9건 [폭발(1)], 구체적 조치 언급 없음"
반도체재료,LM1903060422_23v3_반도체용_트랙_공정_재료_제조,82,1,미흡·없음,아니오,키워드 4건 (5건 이하): 폭발(4)
반도체재료,LM1903060422_23v3_반도체용_트랙_공정_재료_제조,90,2,형식적 언급,아니오,"안전 8건 [안전(3), 유해(2), 사고(1), MSDS(1), 주의(1)], 구체적 조치 언급 없음"
반도체재료,LM1903060423_23v3_반도체용_SOD_공정_재료_제조,16,2,형식적 언급,아니오,"안전 7건 [안전(4), 위험(3)], 구체적 조치 언급 없음"
반도체재료,LM1903060423_23v3_반도체용_SOD_공정_재료_제조,23,1,미흡·없음,아니오,키워드 1건 (5건 이하): 안전(1)
반도체재료,LM1903060423_23v3_반도체용_SOD_공정_재료_제조,24,2,형식적 언급,아니오,"안전 6건 [안전(3), 사고(1), MSDS(1), 유의 사항(1)], 조치 4건 [착용(2), 대처(1), 환기(1)] (구체적 대책 미흡)"
반도체재료,LM1903060423_23v3_반도체용_SOD_공정_재료_제조,26,2,형식적 언급,아니오,"안전 17건 [안전(10), 누출(2), MSDS(2), 위험(1), 유해(1)], 조치 3건 [방지(1), 환기(1), 착용(1)] (구체적 대책 미흡)"
반도체재료,LM1903060423_23v3_반도체용_SOD_공정_재료_제조,27,2,형식적 언급,아니오,"안전 9건 [안전(4), 유해(2), 사고(1), 위험(1), 주의(1)], 조치 3건 [방지(2), 예방(1)] (구체적 대책 미흡)"
반도체재료,LM1903060423_23v3_반도체용_SOD_공정_재료_제조,28,1,미흡·없음,아니오,키워드 2건 (5건 이하): 안전(2)
반도체재료,LM1903060423_23v3_반도체용_SOD_공정_재료_제조,33,2,형식적 언급,아니오,"안전 9건 [안전(7), 사고(1), 누출(1)], 구체적 조치 언급 없음"
반도체재료,LM1903060423_23v3_반도체용_SOD_공정_재료_제조,34,1,미흡·없음,아니오,키워드 3건 (5건 이하): 위험(3)
반도체재료,LM1903060423_23v3_반도체용_SOD_공정_재료_제조,35,1,미흡·없음,아니오,키워드 5건 (5건 이하): 안전(5)
반도체재료,LM1903060423_23v3_반도체용_SOD_공정_재료_제조,36,2,형식적 언급,아니오,"안전 7건 [안전(5), 사고(1), 누출(1)], 조치 2건 [대처(1), 착용(1)] (구체적 대책 미흡)"
반도체재료,LM1903060423_23v3_반도체용_SOD_공정_재료_제조,38,1,미흡·없음,아니오,키워드 2건 (5건 이하): 안전(2)
반도체재료,LM1903060423_23v3_반도체용_SOD_공정_재료_제조,43,2,형식적 언급,아니오,"안전 9건 [안전(5), 위험(2), 유해(1), 폭발(1)], 조치 3건 [환기(2), 착용(1)] (구체적 대책 미흡)"
반도체재료,LM1903060423_23v3_반도체용_SOD_공정_재료_제조,45,1,미흡·없음,아니오,"키워드 2건 (5건 이하): 안전(1), 위험(1)"
반도체재료,LM1903060423_23v3_반도체용_SOD_공정_재료_제조,46,2,형식적 언급,아니오,"안전 7건 [안전(4), 누출(2), 위험(1)], 조치 1건 [대처(1)] (구체적 대책 미흡)"
반도체재료,LM1903060423_23v3_반도체용_SOD_공정_재료_제조,51,2,형식적 언급,아니오,"안전 14건 [안전(4), 보건(3), MSDS(2), 주의(2), 사고(1)], 구체적 조치 언급 없음"
반도체재료,LM1903060423_23v3_반도체용_SOD_공정_재료_제조,59,1,미흡·없음,아니오,"키워드 2건 (5건 이하): 안전(1), MSDS(1)"
반도체재료,LM1903060423_23v3_반도체용_SOD_공정_재료_제조,60,1,미흡·없음,아니오,"키워드 5건 (5건 이하): 안전(4), 유의 사항(1)"
반도체재료,LM1903060423_23v3_반도체용_SOD_공정_재료_제조,63,2,형식적 언급,아니오,"안전 7건 [안전(3), 유해(2), 화재(1), 폭발(1)], 조치 1건 [방지(1)] (구체적 대책 미흡)"
반도체재료,LM1903060423_23v3_반도체용_SOD_공정_재료_제조,64,1,미흡·없음,아니오,키워드 3건 (5건 이하): 안전(3)
반도체재료,LM1903060423_23v3_반도체용_SOD_공정_재료_제조,65,2,형식적 언급,아니오,"안전 9건 [안전(7), 사고(1), 누출(1)], 조치 3건 [방지(1), 대처(1), 착용(1)] (구체적 대책 미흡)"
반도체재료,LM1903060423_23v3_반도체용_SOD_공정_재료_제조,68,1,미흡·없음,아니오,"키워드 3건 (5건 이하): 안전(2), 폭발(1)"
반도체재료,LM1903060423_23v3_반도체용_SOD_공정_재료_제조,69,1,미흡·없음,아니오,"키워드 5건 (5건 이하): 안전(3), 유해(2)"
반도체재료,LM1903060423_23v3_반도체용_SOD_공정_재료_제조,71,1,미흡·없음,아니오,"키워드 2건 (5건 이하): 안전(1), 위험(1)"
반도체재료,LM1903060423_23v3_반도체용_SOD_공정_재료_제조,73,1,미흡·없음,아니오,키워드 1건 (5건 이하): 위험(1)
반도체재료,LM1903060423_23v3_반도체용_SOD_공정_재료_제조,75,1,미흡·없음,아니오,키워드 1건 (5건 이하): 안전(1)
반도체재료,LM1903060423_23v3_반도체용_SOD_공정_재료_제조,79,1,미흡·없음,아니오,키워드 1건 (5건 이하): 폭발(1)
반도체재료,LM1903060423_23v3_반도체용_SOD_공정_재료_제조,80,1,미흡·없음,아니오,"키워드 3건 (5건 이하): 폭발(2), 주의(1)"
반도체재료,LM1903060423_23v3_반도체용_SOD_공정_재료_제조,82,1,미흡·없음,아니오,"키워드 2건 (5건 이하): 유해(1), 먼지(1)"
반도체재료,LM1903060423_23v3_반도체용_SOD_공정_재료_제조,84,1,미흡·없음,아니오,키워드 1건 (5건 이하): 진동(1)
반도체재료,LM1903060423_23v3_반도체용_SOD_공정_재료_제조,87,1,미흡·없음,아니오,키워드 1건 (5건 이하): 안전(1)
반도체재료,LM1903060423_23v3_반도체용_SOD_공정_재료_제조,90,1,미흡·없음,아니오,"키워드 5건 (5건 이하): 위험(1), 화재(1), 폭발(1), MSDS(1), 주의(1)"
반도체재료,LM1903060423_23v3_반도체용_SOD_공정_재료_제조,91,1,미흡·없음,아니오,"키워드 2건 (5건 이하): MSDS(1), 유의 사항(1)"
반도체재료,LM1903060423_23v3_반도체용_SOD_공정_재료_제조,93,1,미흡·없음,아니오,"키워드 3건 (5건 이하): MSDS(1), 먼지(1), 주의(1)"
반도체재료,LM1903060423_23v3_반도체용_SOD_공정_재료_제조,96,1,미흡·없음,아니오,"키워드 3건 (5건 이하): 안전(1), 폭발(1), 주의(1)"
반도체재료,LM1903060423_23v3_반도체용_SOD_공정_재료_제조,97,1,미흡·없음,아니오,"키워드 2건 (5건 이하): 안전(1), 유의 사항(1)"
반도체재료,LM1903060423_23v3_반도체용_SOD_공정_재료_제조,98,2,형식적 언급,아니오,"안전 8건 [안전(4), 유의 사항(3), 보호구(1)], 구체적 조치 언급 없음"
반도체재료,LM1903060423_23v3_반도체용_SOD_공정_재료_제조,105,2,형식적 언급,아니오,"안전 8건 [안전(6), 사고(1), 누출(1)], 조치 2건 [대처(1), 착용(1)] (구체적 대책 미흡)"
반도체재료,LM1903060423_23v3_반도체용_SOD_공정_재료_제조,106,1,미흡·없음,아니오,키워드 1건 (5건 이하): 안전(1)
반도체재료,LM1903060423_23v3_반도체용_SOD_공정_재료_제조,109,1,미흡·없음,아니오,"키워드 2건 (5건 이하): 안전(1), 폭발(1)"
반도체재료,LM1903060423_23v3_반도체용_SOD_공정_재료_제조,110,2,형식적 언급,아니오,"안전 6건 [안전(4), 유해(2)], 조치 1건 [예방(1)] (구체적 대책 미흡)"
반도체재료,LM1903060423_23v3_반도체용_SOD_공정_재료_제조,111,1,미흡·없음,아니오,키워드 1건 (5건 이하): 위험(1)
반도체재료,LM1903060423_23v3_반도체용_SOD_공정_재료_제조,112,1,미흡·없음,아니오,키워드 1건 (5건 이하): 안전(1)
반도체재료,LM1903060423_23v3_반도체용_SOD_공정_재료_제조,115,1,미흡·없음,아니오,키워드 1건 (5건 이하): 위험(1)
반도체재료,LM1903060423_23v3_반도체용_SOD_공정_재료_제조,117,2,형식적 언급,아니오,"안전 7건 [안전(4), 유해(2), 위험(1)], 조치 1건 [예방(1)] (구체적 대책 미흡)"
반도체재료,LM1903060423_23v3_반도체용_SOD_공정_재료_제조,122,2,형식적 언급,아니오,"안전 7건 [안전(3), 보건(2), 물질안전보건자료(1), 산업안전보건법(1)], 구체적 조치 언급 없음"
반도체재료,LM1903060423_23v3_반도체용_SOD_공정_재료_제조,124,1,미흡·없음,아니오,키워드 1건 (5건 이하): 안전(1)
반도체재료,LM1903060424_23v3_반도체용_박막_도금_공정_재료_제조,21,1,미흡·없음,아니오,키워드 1건 (5건 이하): 안전(1)
반도체재료,LM1903060424_23v3_반도체용_박막_도금_공정_재료_제조,22,1,미흡·없음,아니오,키워드 1건 (5건 이하): 안전(1)
반도체재료,LM1903060424_23v3_반도체용_박막_도금_공정_재료_제조,27,1,미흡·없음,아니오,키워드 1건 (5건 이하): MSDS(1)
반도체재료,LM1903060424_23v3_반도체용_박막_도금_공정_재료_제조,28,3,구체적 대책,아니오,"안전 27건 [안전(9), 위험(5), 유해(3), MSDS(3), 폭발(2)] + 조치 8건 [환기(2), 착용(2), 방지(1), 보호복(1), 마스크(1)]"
반도체재료,LM1903060424_23v3_반도체용_박막_도금_공정_재료_제조,30,2,형식적 언급,아니오,"안전 9건 [안전(7), 사고(1), 누출(1)], 조치 2건 [대처(1), 착용(1)] (구체적 대책 미흡)"
반도체재료,LM1903060424_23v3_반도체용_박막_도금_공정_재료_제조,33,2,형식적 언급,아니오,"안전 10건 [안전(8), 사고(1), 누출(1)], 조치 3건 [방지(1), 대처(1), 착용(1)] (구체적 대책 미흡)"
반도체재료,LM1903060424_23v3_반도체용_박막_도금_공정_재료_제조,34,1,미흡·없음,아니오,키워드 2건 (5건 이하): 안전(2)
반도체재료,LM1903060424_23v3_반도체용_박막_도금_공정_재료_제조,35,2,형식적 언급,아니오,"안전 6건 [안전(6)], 조치 2건 [대처(1), 착용(1)] (구체적 대책 미흡)"
반도체재료,LM1903060424_23v3_반도체용_박막_도금_공정_재료_제조,36,1,미흡·없음,아니오,키워드 2건 (5건 이하): 안전(2)
반도체재료,LM1903060424_23v3_반도체용_박막_도금_공정_재료_제조,37,1,미흡·없음,아니오,키워드 2건 (5건 이하): 안전(2)
반도체재료,LM1903060424_23v3_반도체용_박막_도금_공정_재료_제조,39,1,미흡·없음,아니오,"키워드 4건 (5건 이하): 위험(3), 안전(1)"
반도체재료,LM1903060424_23v3_반도체용_박막_도금_공정_재료_제조,43,1,미흡·없음,아니오,키워드 1건 (5건 이하): 안전(1)
반도체재료,LM1903060424_23v3_반도체용_박막_도금_공정_재료_제조,44,1,미흡·없음,아니오,키워드 1건 (5건 이하): 안전(1)
반도체재료,LM1903060424_23v3_반도체용_박막_도금_공정_재료_제조,47,1,미흡·없음,아니오,"키워드 2건 (5건 이하): 위험(1), 폭발(1)"
반도체재료,LM1903060424_23v3_반도체용_박막_도금_공정_재료_제조,48,1,미흡·없음,아니오,키워드 1건 (5건 이하): 인화(1)
반도체재료,LM1903060424_23v3_반도체용_박막_도금_공정_재료_제조,50,1,미흡·없음,아니오,"키워드 3건 (5건 이하): 진동(2), 주의(1)"
반도체재료,LM1903060424_23v3_반도체용_박막_도금_공정_재료_제조,54,3,구체적 대책,아니오,"안전 31건 [유해(18), 안전(9), 화학물질(2), 폭발(1), 누출(1)] + 조치 5건 [환기(2), 방지(1), 대처(1), 보안경(1)]"
반도체재료,LM1903060424_23v3_반도체용_박막_도금_공정_재료_제조,55,3,구체적 대책,아니오,"안전 30건 [유해(13), 사고(9), 안전(7), 위험(1)] + 조치 6건 [예방(3), 대처(2), 방지(1)]"
반도체재료,LM1903060424_23v3_반도체용_박막_도금_공정_재료_제조,56,2,형식적 언급,아니오,"안전 10건 [유해(5), 화학물질(3), 사고(1), 안전(1)], 조치 1건 [예방(1)] (구체적 대책 미흡)"
반도체재료,LM1903060424_23v3_반도체용_박막_도금_공정_재료_제조,57,2,형식적 언급,아니오,"안전 12건 [유해(5), 안전(4), 사고(1), 화학물질(1), MSDS(1)], 조치 2건 [예방(1), 방지(1)] (구체적 대책 미흡)"
반도체재료,LM1903060424_23v3_반도체용_박막_도금_공정_재료_제조,58,3,구체적 대책,아니오,"안전 18건 [안전(6), 위험(4), MSDS(3), 유해(2), 주의(2)] + 조치 8건 [방지(2), 환기(2), 착용(2), 보호복(1), 마스크(1)]"
반도체재료,LM1903060424_23v3_반도체용_박막_도금_공정_재료_제조,59,3,구체적 대책,아니오,"안전 14건 [안전(5), 누출(4), 위험(2), 화재(1), 폭발(1)] + 조치 5건 [대피(2), 방지(1), 대처(1), 소화기(1)]"
반도체재료,LM1903060424_23v3_반도체용_박막_도금_공정_재료_제조,60,1,미흡·없음,아니오,키워드 3건 (5건 이하): 안전(3)
반도체재료,LM1903060424_23v3_반도체용_박막_도금_공정_재료_제조,61,2,형식적 언급,아니오,"안전 9건 [안전(7), 위험(1), 누출(1)], 조치 1건 [방지(1)] (구체적 대책 미흡)"
반도체재료,LM1903060424_23v3_반도체용_박막_도금_공정_재료_제조,63,1,미흡·없음,아니오,"키워드 4건 (5건 이하): 안전(3), 유해(1)"
반도체재료,LM1903060424_23v3_반도체용_박막_도금_공정_재료_제조,65,1,미흡·없음,아니오,키워드 4건 (5건 이하): 안전(4)
반도체재료,LM1903060424_23v3_반도체용_박막_도금_공정_재료_제조,66,2,형식적 언급,아니오,"안전 9건 [안전(7), 사고(1), 누출(1)], 조치 3건 [방지(1), 대처(1), 착용(1)] (구체적 대책 미흡)"
반도체재료,LM1903060424_23v3_반도체용_박막_도금_공정_재료_제조,72,1,미흡·없음,아니오,키워드 3건 (5건 이하): 안전(3)
반도체재료,LM1903060424_23v3_반도체용_박막_도금_공정_재료_제조,73,1,미흡·없음,아니오,키워드 3건 (5건 이하): 안전(3)
반도체재료,LM1903060424_23v3_반도체용_박막_도금_공정_재료_제조,77,1,미흡·없음,아니오,키워드 1건 (5건 이하): 안전(1)
반도체재료,LM1903060424_23v3_반도체용_박막_도금_공정_재료_제조,79,2,형식적 언급,아니오,"안전 6건 [안전(4), 사고(1), 위험(1)], 조치 2건 [예방(2)] (구체적 대책 미흡)"
반도체재료,LM1903060424_23v3_반도체용_박막_도금_공정_재료_제조,80,1,미흡·없음,아니오,키워드 1건 (5건 이하): 안전(1)
반도체재료,LM1903060424_23v3_반도체용_박막_도금_공정_재료_제조,85,1,미흡·없음,아니오,키워드 2건 (5건 이하): 안전(2)
반도체재료,LM1903060424_23v3_반도체용_박막_도금_공정_재료_제조,88,1,미흡·없음,아니오,키워드 1건 (5건 이하): 안전(1)
반도체재료,LM1903060424_23v3_반도체용_박막_도금_공정_재료_제조,89,3,구체적 대책,아니오,"안전 20건 [화재(6), 안전(4), 위험(3), 유해(2), 폭발(2)] + 조치 6건 [방지(2), 소화기(2), 안전장치(1), 착용(1)]"
반도체재료,LM1903060424_23v3_반도체용_박막_도금_공정_재료_제조,91,2,형식적 언급,아니오,"안전 8건 [안전(6), 사고(1), 누출(1)], 조치 3건 [방지(1), 대처(1), 착용(1)] (구체적 대책 미흡)"
반도체재료,LM1903060424_23v3_반도체용_박막_도금_공정_재료_제조,92,1,미흡·없음,아니오,키워드 1건 (5건 이하): 안전(1)
반도체재료,LM1903060424_23v3_반도체용_박막_도금_공정_재료_제조,94,1,미흡·없음,아니오,키워드 1건 (5건 이하): 안전(1)
반도체재료,LM1903060424_23v3_반도체용_박막_도금_공정_재료_제조,95,1,미흡·없음,아니오,키워드 5건 (5건 이하): 안전(5)
반도체재료,LM1903060424_23v3_반도체용_박막_도금_공정_재료_제조,96,1,미흡·없음,아니오,키워드 1건 (5건 이하): 안전(1)
반도체재료,LM1903060424_23v3_반도체용_박막_도금_공정_재료_제조,97,1,미흡·없음,아니오,키워드 2건 (5건 이하): 안전(2)
반도체재료,LM1903060424_23v3_반도체용_박막_도금_공정_재료_제조,99,1,미흡·없음,아니오,키워드 2건 (5건 이하): 안전(2)
반도체재료,LM1903060424_23v3_반도체용_박막_도금_공정_재료_제조,100,1,미흡·없음,아니오,키워드 1건 (5건 이하): 먼지(1)
반도체재료,LM1903060424_23v3_반도체용_박막_도금_공정_재료_제조,104,2,형식적 언급,아니오,"안전 9건 [안전(7), 사고(1), 위험(1)], 조치 3건 [예방(1), 방지(1), 환기(1)] (구체적 대책 미흡)"
반도체재료,LM1903060424_23v3_반도체용_박막_도금_공정_재료_제조,109,2,형식적 언급,아니오,"안전 7건 [누출(3), 사고(2), 안전(2)], 조치 3건 [방지(2), 차단(1)] (구체적 대책 미흡)"
반도체재료,LM1903060424_23v3_반도체용_박막_도금_공정_재료_제조,110,2,형식적 언급,아니오,"안전 20건 [안전(9), 유해(2), 폭발(2), MSDS(2), 사고(1)], 조치 1건 [예방(1)] (구체적 대책 미흡)"
반도체재료,LM1903060424_23v3_반도체용_박막_도금_공정_재료_제조,114,1,미흡·없음,아니오,키워드 2건 (5건 이하): 안전(2)
반도체재료,LM1903060424_23v3_반도체용_박막_도금_공정_재료_제조,116,1,미흡·없음,아니오,"키워드 5건 (5건 이하): 안전(2), 유해(2), MSDS(1)"
반도체재료,LM1903060424_23v3_반도체용_박막_도금_공정_재료_제조,118,1,미흡·없음,아니오,키워드 1건 (5건 이하): 안전(1)
반도체재료,LM1903060425_23v3_반도체용_세정_공정_재료_제조,15,1,미흡·없음,아니오,키워드 1건 (5건 이하): 먼지(1)
반도체재료,LM1903060425_23v3_반도체용_세정_공정_재료_제조,20,1,미흡·없음,아니오,"키워드 2건 (5건 이하): 안전(1), MSDS(1)"
반도체재료,LM1903060425_23v3_반도체용_세정_공정_재료_제조,22,1,미흡·없음,아니오,키워드 1건 (5건 이하): 먼지(1)
반도체재료,LM1903060425_23v3_반도체용_세정_공정_재료_제조,25,2,형식적 언급,아니오,"안전 14건 [안전(4), 주의(4), MSDS(3), 위험(1), 유해(1)], 조치 1건 [안전장치(1)] (구체적 대책 미흡)"
반도체재료,LM1903060425_23v3_반도체용_세정_공정_재료_제조,26,2,형식적 언급,아니오,"안전 6건 [MSDS(3), 주의(2), 안전(1)], 구체적 조치 언급 없음"
반도체재료,LM1903060425_23v3_반도체용_세정_공정_재료_제조,27,1,미흡·없음,아니오,"키워드 5건 (5건 이하): 위험(2), MSDS(2), 화재(1)"
반도체재료,LM1903060425_23v3_반도체용_세정_공정_재료_제조,28,1,미흡·없음,아니오,"키워드 4건 (5건 이하): 유해(2), MSDS(1), 주의(1)"
반도체재료,LM1903060425_23v3_반도체용_세정_공정_재료_제조,29,1,미흡·없음,아니오,"키워드 2건 (5건 이하): 안전(1), MSDS(1)"
반도체재료,LM1903060425_23v3_반도체용_세정_공정_재료_제조,30,1,미흡·없음,아니오,"키워드 3건 (5건 이하): 안전(1), 유의 사항(1), 주의(1)"
반도체재료,LM1903060425_23v3_반도체용_세정_공정_재료_제조,34,1,미흡·없음,아니오,키워드 1건 (5건 이하): MSDS(1)
반도체재료,LM1903060425_23v3_반도체용_세정_공정_재료_제조,35,1,미흡·없음,아니오,키워드 1건 (5건 이하): 먼지(1)
반도체재료,LM1903060425_23v3_반도체용_세정_공정_재료_제조,39,1,미흡·없음,아니오,키워드 1건 (5건 이하): 먼지(1)
반도체재료,LM1903060425_23v3_반도체용_세정_공정_재료_제조,42,1,미흡·없음,아니오,"키워드 3건 (5건 이하): 위험(2), 안전(1)"
반도체재료,LM1903060425_23v3_반도체용_세정_공정_재료_제조,43,2,형식적 언급,아니오,"안전 19건 [안전(7), MSDS(7), 보건(2), 위험(2), 유해(1)], 조치 1건 [예방(1)] (구체적 대책 미흡)"
반도체재료,LM1903060425_23v3_반도체용_세정_공정_재료_제조,44,2,형식적 언급,아니오,"안전 16건 [안전(4), 보건(3), 위험(3), MSDS(2), 유해(1)], 조치 2건 [대처(1), 응급조치(1)] (구체적 대책 미흡)"
반도체재료,LM1903060425_23v3_반도체용_세정_공정_재료_제조,45,2,형식적 언급,아니오,"안전 29건 [MSDS(9), 안전(5), 위험(5), 주의(2), 사고(1)], 조치 4건 [대처(2), 방지(1), 응급조치(1)] (구체적 대책 미흡)"
반도체재료,LM1903060425_23v3_반도체용_세정_공정_재료_제조,46,2,형식적 언급,아니오,"안전 37건 [MSDS(13), 화학물질(6), 안전(6), 보건(6), 위험(2)], 조치 1건 [예방(1)] (구체적 대책 미흡)"
반도체재료,LM1903060425_23v3_반도체용_세정_공정_재료_제조,47,2,형식적 언급,아니오,"안전 12건 [안전(4), 보건(3), MSDS(3), 위험(1), 화재(1)], 구체적 조치 언급 없음"
반도체재료,LM1903060425_23v3_반도체용_세정_공정_재료_제조,49,1,미흡·없음,아니오,키워드 1건 (5건 이하): MSDS(1)
반도체재료,LM1903060425_23v3_반도체용_세정_공정_재료_제조,50,1,미흡·없음,아니오,"키워드 3건 (5건 이하): 안전(2), MSDS(1)"
반도체재료,LM1903060425_23v3_반도체용_세정_공정_재료_제조,51,1,미흡·없음,아니오,"키워드 4건 (5건 이하): 위험(2), MSDS(2)"
반도체재료,LM1903060425_23v3_반도체용_세정_공정_재료_제조,52,1,미흡·없음,아니오,"키워드 2건 (5건 이하): 위험(1), MSDS(1)"
반도체재료,LM1903060425_23v3_반도체용_세정_공정_재료_제조,54,2,형식적 언급,아니오,"안전 11건 [안전(3), 보건(3), MSDS(3), 사고(1), 화학물질(1)], 구체적 조치 언급 없음"
반도체재료,LM1903060425_23v3_반도체용_세정_공정_재료_제조,61,1,미흡·없음,아니오,키워드 1건 (5건 이하): MSDS(1)
반도체재료,LM1903060425_23v3_반도체용_세정_공정_재료_제조,62,2,형식적 언급,아니오,"안전 17건 [안전(11), 폭발(2), 유의 사항(2), 보호구(1), MSDS(1)], 조치 4건 [착용(3), 안전대책(1)] (구체적 대책 미흡)"
반도체재료,LM1903060425_23v3_반도체용_세정_공정_재료_제조,66,1,미흡·없음,아니오,"키워드 5건 (5건 이하): MSDS(2), 안전(1), 먼지(1), 주의(1)"
반도체재료,LM1903060425_23v3_반도체용_세정_공정_재료_제조,67,2,형식적 언급,아니오,"안전 7건 [안전(2), 유의 사항(2), 주의(2), MSDS(1)], 구체적 조치 언급 없음"
반도체재료,LM1903060425_23v3_반도체용_세정_공정_재료_제조,72,1,미흡·없음,아니오,키워드 1건 (5건 이하): 안전(1)
반도체재료,LM1903060425_23v3_반도체용_세정_공정_재료_제조,73,1,미흡·없음,아니오,"키워드 4건 (5건 이하): 안전(3), 주의(1)"
반도체재료,LM1903060425_23v3_반도체용_세정_공정_재료_제조,75,1,미흡·없음,아니오,키워드 2건 (5건 이하): 진동(2)
반도체재료,LM1903060425_23v3_반도체용_세정_공정_재료_제조,77,1,미흡·없음,아니오,"키워드 2건 (5건 이하): 위험(1), 화재(1)"
반도체재료,LM1903060425_23v3_반도체용_세정_공정_재료_제조,78,1,미흡·없음,아니오,키워드 1건 (5건 이하): 안전(1)
반도체재료,LM1903060425_23v3_반도체용_세정_공정_재료_제조,79,2,형식적 언급,아니오,"안전 6건 [폭발(3), 유해(2)], 구체적 조치 언급 없음"
반도체재료,LM1903060425_23v3_반도체용_세정_공정_재료_제조,80,1,미흡·없음,아니오,"키워드 2건 (5건 이하): 폭발(1), MSDS(1)"
반도체재료,LM1903060425_23v3_반도체용_세정_공정_재료_제조,85,2,형식적 언급,아니오,"안전 10건 [안전(5), 유의 사항(4), 보호구(1)], 구체적 조치 언급 없음"
반도체재료,LM1903060425_23v3_반도체용_세정_공정_재료_제조,88,1,미흡·없음,아니오,"키워드 2건 (5건 이하): 안전(1), 폭발(1)"
반도체재료,LM1903060425_23v3_반도체용_세정_공정_재료_제조,89,2,형식적 언급,아니오,"안전 8건 [안전(4), 위험(1), 보호구(1), 폭발(1), 유의 사항(1)], 조치 1건 [착용(1)] (구체적 대책 미흡)"
반도체재료,LM1903060425_23v3_반도체용_세정_공정_재료_제조,90,2,형식적 언급,아니오,"안전 6건 [폭발(4), 위험(1), 주의(1)], 구체적 조치 언급 없음"
반도체재료,LM1903060425_23v3_반도체용_세정_공정_재료_제조,91,2,형식적 언급,아니오,"안전 8건 [폭발(7), 위험(1)], 구체적 조치 언급 없음"
반도체재료,LM1903060425_23v3_반도체용_세정_공정_재료_제조,92,1,미흡·없음,아니오,키워드 1건 (5건 이하): 위험(1)
반도체재료,LM1903060425_23v3_반도체용_세정_공정_재료_제조,93,1,미흡·없음,아니오,키워드 1건 (5건 이하): 안전(1)
반도체재료,LM1903060425_23v3_반도체용_세정_공정_재료_제조,94,2,형식적 언급,아니오,"안전 8건 [안전(4), 유의 사항(2), 위험(1), MSDS(1)], 조치 3건 [예방(2), 착용(1)] (구체적 대책 미흡)"
반도체재료,LM1903060425_23v3_반도체용_세정_공정_재료_제조,100,1,미흡·없음,아니오,키워드 1건 (5건 이하): 진동(1)
반도체재료,LM1903060425_23v3_반도체용_세정_공정_재료_제조,103,1,미흡·없음,아니오,"키워드 2건 (5건 이하): 사고(1), 안전(1)"
반도체재료,LM1903060425_23v3_반도체용_세정_공정_재료_제조,104,1,미흡·없음,아니오,키워드 1건 (5건 이하): 안전(1)
반도체재료,LM1903060425_23v3_반도체용_세정_공정_재료_제조,106,1,미흡·없음,아니오,"키워드 2건 (5건 이하): 안전(1), MSDS(1)"
반도체재료,LM1903060425_23v3_반도체용_세정_공정_재료_제조,107,1,미흡·없음,아니오,키워드 1건 (5건 이하): MSDS(1)
반도체재료,LM1903060425_23v3_반도체용_세정_공정_재료_제조,108,2,형식적 언급,아니오,"안전 13건 [위험(4), 유해(4), MSDS(2), 화재(1), 폭발(1)], 조치 2건 [대처(1), 응급조치(1)] (구체적 대책 미흡)"
반도체재료,LM1903060425_23v3_반도체용_세정_공정_재료_제조,109,2,형식적 언급,아니오,"안전 17건 [유해(4), 보호구(4), 안전(3), 주의(2), 사고(1)], 조치 4건 [예방(1), 방지(1), 대처(1), 착용(1)] (구체적 대책 미흡)"
반도체재료,LM1903060425_23v3_반도체용_세정_공정_재료_제조,110,2,형식적 언급,아니오,"안전 9건 [안전(3), 위험(2), 화학물질(1), 보건(1), 유해(1)], 조치 1건 [안전관리(1)] (구체적 대책 미흡)"
반도체재료,LM1903060425_23v3_반도체용_세정_공정_재료_제조,111,2,형식적 언급,아니오,"안전 7건 [안전(4), 보건(2), 위험(1)], 구체적 조치 언급 없음"
반도체재료,LM1903060425_23v3_반도체용_세정_공정_재료_제조,112,1,미흡·없음,아니오,"키워드 3건 (5건 이하): 유해(1), 폭발(1), 분진(1)"
반도체재료,LM1903060425_23v3_반도체용_세정_공정_재료_제조,113,1,미흡·없음,아니오,"키워드 2건 (5건 이하): 안전(1), MSDS(1)"
반도체재료,LM1903060426_23v3_반도체용_CMP_슬러리_재료_제조,65,3,구체적 대책,아니오,"안전 32건 [안전(20), MSDS(3), 유의 사항(3), 주의(3), 감전(2)] + 조치 34건 [방지(7), 마스크(6), 대처(4), 안전장치(3), 환기(3)]"
반도체재료,LM1903060426_23v3_반도체용_CMP_슬러리_재료_제조,66,1,미흡·없음,아니오,"키워드 2건 (5건 이하): 안전(1), 위험(1)"
