영역,교재,페이지,등급,등급명,사고사례,등급사유,상태,출처,md자수,pdf자수,구라벨
반도체개발,LM1903060101_23v6_반도체_제품_기획,18,1,미흡·없음,아니오,"안전 1건 [부상(1)], 구체적 조치 언급 없음",resolved,text,694,695,19
반도체개발,LM1903060101_23v6_반도체_제품_기획,19,1,미흡·없음,아니오,"안전 1건 [부상(1)], 구체적 조치 언급 없음",resolved,text,716,697,20
반도체개발,LM1903060101_23v6_반도체_제품_기획,22,1,미흡·없음,아니오,"안전 2건 [위험(2)], 조치 1건 [마스크(1)]",resolved,text,1013,873,22
반도체개발,LM1903060101_23v6_반도체_제품_기획,25,1,미흡·없음,아니오,"안전 1건 [안전(1)], 구체적 조치 언급 없음",resolved,text,1140,1134,25
반도체개발,LM1903060101_23v6_반도체_제품_기획,27,1,미흡·없음,아니오,"안전 2건 [안전(1), 유의 사항(1)], 구체적 조치 언급 없음",resolved,text,521,607,143
반도체개발,LM1903060101_23v6_반도체_제품_기획,28,1,미흡·없음,아니오,"안전 0건 [], 구체적 조치 언급 없음",resolved,text,934,936,28
반도체개발,LM1903060101_23v6_반도체_제품_기획,40,1,미흡·없음,아니오,"안전 1건 [위험(1)], 구체적 조치 언급 없음",resolved,text,711,639,40
반도체개발,LM1903060101_23v6_반도체_제품_기획,61,1,미흡·없음,아니오,"안전 2건 [안전(1), 유의 사항(1)], 구체적 조치 언급 없음",resolved,text,806,808,61
반도체개발,LM1903060101_23v6_반도체_제품_기획,69,1,미흡·없음,아니오,"안전 2건 [안전(1), 소음(1)], 구체적 조치 언급 없음",resolved,text,1065,976,70
반도체개발,LM1903060101_23v6_반도체_제품_기획,72,1,미흡·없음,아니오,"안전 2건 [안전(1), 유의 사항(1)], 구체적 조치 언급 없음",resolved,text-fallback,834,836,72
반도체개발,LM1903060101_23v6_반도체_제품_기획,77,1,미흡·없음,아니오,"안전 1건 [위험(1)], 구체적 조치 언급 없음",resolved,text,363,355,77
반도체개발,LM1903060101_23v6_반도체_제품_기획,86,1,미흡·없음,아니오,"안전 2건 [안전(1), 유의 사항(1)], 구체적 조치 언급 없음",resolved,text,536,538,86
반도체개발,LM1903060101_23v6_반도체_제품_기획,93,1,미흡·없음,아니오,"안전 2건 [안전(1), 유의 사항(1)], 구체적 조치 언급 없음",resolved,text,463,448,93
반도체개발,LM1903060101_23v6_반도체_제품_기획,104,1,미흡·없음,아니오,"안전 3건 [안전(1), 주의(1), 유의 사항(1)], 구체적 조치 언급 없음",resolved,text,602,604,105
반도체개발,LM1903060101_23v6_반도체_제품_기획,108,1,미흡·없음,아니오,"안전 1건 [보건(1)], 구체적 조치 언급 없음",resolved,text,726,684,108
반도체개발,LM1903060101_23v6_반도체_제품_기획,110,1,미흡·없음,아니오,"안전 1건 [위험(1)], 구체적 조치 언급 없음",resolved,text,936,938,111
반도체개발,LM1903060101_23v6_반도체_제품_기획,112,1,미흡·없음,아니오,"안전 2건 [안전(1), 유의 사항(1)], 구체적 조치 언급 없음",resolved,text,600,617,112
반도체개발,LM1903060101_23v6_반도체_제품_기획,119,1,미흡·없음,아니오,"안전 2건 [안전(1), 유의 사항(1)], 구체적 조치 언급 없음",resolved,text,444,438,119
반도체개발,LM1903060101_23v6_반도체_제품_기획,127,1,미흡·없음,아니오,"안전 2건 [위험(2)], 구체적 조치 언급 없음",resolved,text,537,604,128
반도체개발,LM1903060101_23v6_반도체_제품_기획,131,1,미흡·없음,아니오,"안전 1건 [위험(1)], 구체적 조치 언급 없음",resolved,text,994,997,131
반도체개발,LM1903060101_23v6_반도체_제품_기획,134,1,미흡·없음,아니오,"안전 2건 [안전(1), 유의 사항(1)], 구체적 조치 언급 없음",resolved,text,546,516,134
반도체개발,LM1903060101_23v6_반도체_제품_기획,146,1,미흡·없음,아니오,"안전 2건 [안전(1), 보건(1)], 구체적 조치 언급 없음",resolved,text,428,415,147
반도체개발,LM1903060101_23v6_반도체_제품_기획,152,1,미흡·없음,아니오,"안전 3건 [안전(1), 유의사항(1), 사고(1)], 구체적 조치 언급 없음",resolved,text,589,605,153
반도체개발,LM1903060101_23v6_반도체_제품_기획,153,1,미흡·없음,아니오,"안전 1건 [위험(1)], 구체적 조치 언급 없음",resolved,text,943,944,154
반도체개발,LM1903060101_23v6_반도체_제품_기획,154,1,미흡·없음,아니오,"안전 1건 [위험(1)], 구체적 조치 언급 없음",resolved,text,854,857,154
반도체개발,LM1903060101_23v6_반도체_제품_기획,162,1,미흡·없음,아니오,"안전 4건 [위험(2), 주의(2)], 구체적 조치 언급 없음",resolved,text,1085,985,162;163
반도체개발,LM1903060101_23v6_반도체_제품_기획,168,1,미흡·없음,아니오,"안전 1건 [안전(1)], 구체적 조치 언급 없음",resolved,text,608,563,169
반도체개발,LM1903060102_23v5_반도체_아키텍처_설계,22,1,미흡·없음,아니오,"안전 2건 [안전(1), 유의사항(1)], 구체적 조치 언급 없음",resolved,text,561,572,22;49;79
반도체개발,LM1903060102_23v5_반도체_아키텍처_설계,30,1,미흡·없음,아니오,"안전 1건 [위험(1)], 구체적 조치 언급 없음",resolved,text,449,534,31
반도체개발,LM1903060102_23v5_반도체_아키텍처_설계,34,1,미흡·없음,아니오,"안전 2건 [안전(1), 유의사항(1)], 구체적 조치 언급 없음",resolved,text,445,457,35;84
반도체개발,LM1903060102_23v5_반도체_아키텍처_설계,45,1,미흡·없음,아니오,"안전 1건 [위험(1)], 구체적 조치 언급 없음",resolved,text,555,590,45
반도체개발,LM1903060102_23v5_반도체_아키텍처_설계,47,1,미흡·없음,아니오,"안전 5건 [위험(5)], 구체적 조치 언급 없음",resolved,text,886,820,48
반도체개발,LM1903060102_23v5_반도체_아키텍처_설계,48,2,형식적 언급,아니오,"안전 11건 [위험(11)], 구체적 조치 언급 없음",resolved,text,709,779,48;49
반도체개발,LM1903060102_23v5_반도체_아키텍처_설계,49,1,미흡·없음,아니오,"안전 2건 [안전(1), 유의사항(1)], 구체적 조치 언급 없음",resolved,text,502,516,90
반도체개발,LM1903060102_23v5_반도체_아키텍처_설계,53,1,미흡·없음,아니오,"안전 5건 [위험(5)], 구체적 조치 언급 없음",resolved,text,637,639,53
반도체개발,LM1903060102_23v5_반도체_아키텍처_설계,54,1,미흡·없음,아니오,"안전 1건 [위험(1)], 구체적 조치 언급 없음",resolved,text,409,414,55
반도체개발,LM1903060102_23v5_반도체_아키텍처_설계,56,1,미흡·없음,아니오,"안전 2건 [안전(1), 유의사항(1)], 구체적 조치 언급 없음",resolved,text,455,467,57
반도체개발,LM1903060102_23v5_반도체_아키텍처_설계,59,1,미흡·없음,아니오,"안전 5건 [위험(5)], 구체적 조치 언급 없음",resolved,text,610,615,59;60
반도체개발,LM1903060102_23v5_반도체_아키텍처_설계,60,1,미흡·없음,아니오,"안전 2건 [위험(2)], 구체적 조치 언급 없음",resolved,text,359,328,60;61
반도체개발,LM1903060102_23v5_반도체_아키텍처_설계,61,1,미흡·없음,아니오,"안전 2건 [위험(2)], 구체적 조치 언급 없음",resolved,text,314,278,61
반도체개발,LM1903060102_23v5_반도체_아키텍처_설계,65,1,미흡·없음,아니오,"안전 2건 [안전(1), 유의사항(1)], 구체적 조치 언급 없음",resolved,text,422,419,65
반도체개발,LM1903060102_23v5_반도체_아키텍처_설계,75,1,미흡·없음,아니오,"안전 1건 [위험(1)], 구체적 조치 언급 없음",resolved,text,276,245,75
반도체개발,LM1903060103_아날로그_회로_설계,18,1,미흡·없음,아니오,"안전 2건 [위험(1), 주의(1)], 구체적 조치 언급 없음",resolved,text,959,951,30
반도체개발,LM1903060103_아날로그_회로_설계,20,1,미흡·없음,아니오,"안전 2건 [안전(1), 유의사항(1)], 구체적 조치 언급 없음",resolved,text,463,480,30
반도체개발,LM1903060103_아날로그_회로_설계,25,1,미흡·없음,아니오,"안전 2건 [안전(1), 유의사항(1)], 구체적 조치 언급 없음",resolved,text,405,424,39
반도체개발,LM1903060103_아날로그_회로_설계,33,1,미흡·없음,아니오,"안전 2건 [안전(1), 유의사항(1)], 구체적 조치 언급 없음",resolved,text,310,335,34;51
반도체개발,LM1903060103_아날로그_회로_설계,38,1,미흡·없음,아니오,"안전 2건 [안전(1), 유의사항(1)], 구체적 조치 언급 없음",resolved,text,403,424,62
반도체개발,LM1903060103_아날로그_회로_설계,46,1,미흡·없음,아니오,"안전 1건 [위험(1)], 구체적 조치 언급 없음",resolved,text,586,595,46
반도체개발,LM1903060103_아날로그_회로_설계,47,1,미흡·없음,아니오,"안전 2건 [안전(1), 유의사항(1)], 구체적 조치 언급 없음",resolved,text,763,766,47;66
반도체개발,LM1903060103_아날로그_회로_설계,48,1,미흡·없음,아니오,"안전 1건 [위험(1)], 구체적 조치 언급 없음",resolved,text,731,732,49
반도체개발,LM1903060103_아날로그_회로_설계,51,1,미흡·없음,아니오,"안전 2건 [안전(1), 유의사항(1)], 구체적 조치 언급 없음",resolved,text,480,495,80
반도체개발,LM1903060103_아날로그_회로_설계,62,1,미흡·없음,아니오,"안전 1건 [안전(1)], 조치 1건 [예방(1)]",resolved,text,780,790,62
반도체개발,LM1903060103_아날로그_회로_설계,73,1,미흡·없음,아니오,"안전 2건 [안전(1), 유의사항(1)], 구체적 조치 언급 없음",resolved,text,411,443,73
반도체개발,LM1903060103_아날로그_회로_설계,86,1,미흡·없음,아니오,"안전 2건 [위험(1), 주의(1)], 조치 1건 [대처(1)]",resolved,text,755,592,87
반도체개발,LM1903060104_23v5_디지털_회로_설계_수정요청,20,1,미흡·없음,아니오,"안전 2건 [안전(1), 유의 사항(1)], 구체적 조치 언급 없음",resolved,text,427,438,20;32;78
반도체개발,LM1903060104_23v5_디지털_회로_설계_수정요청,31,1,미흡·없음,아니오,"안전 2건 [안전(1), 유의 사항(1)], 구체적 조치 언급 없음",resolved,text,316,327,46;68
반도체개발,LM1903060104_23v5_디지털_회로_설계_수정요청,45,1,미흡·없음,아니오,"안전 2건 [안전(1), 유의 사항(1)], 구체적 조치 언급 없음",resolved,text,499,533,53
반도체개발,LM1903060104_23v5_디지털_회로_설계_수정요청,52,1,미흡·없음,아니오,"안전 2건 [안전(1), 유의 사항(1)], 구체적 조치 언급 없음",resolved,text,389,401,58
반도체개발,LM1903060104_23v5_디지털_회로_설계_수정요청,57,1,미흡·없음,아니오,"안전 2건 [안전(1), 유의 사항(1)], 구체적 조치 언급 없음",resolved,text,428,401,61
반도체개발,LM1903060104_23v5_디지털_회로_설계_수정요청,60,1,미흡·없음,아니오,"안전 2건 [안전(1), 유의 사항(1)], 구체적 조치 언급 없음",resolved,text,417,389,69
반도체개발,LM1903060104_23v5_디지털_회로_설계_수정요청,66,1,미흡·없음,아니오,"안전 2건 [안전(1), 유의 사항(1)], 구체적 조치 언급 없음",resolved,text,497,469,74
반도체개발,LM1903060106_반도체_제조_공정_개발,13,1,미흡·없음,아니오,"안전 1건 [안전(1)], 조치 1건 [안전관리(1)]",resolved,text,644,627,107
반도체개발,LM1903060106_반도체_제조_공정_개발,19,1,미흡·없음,아니오,"안전 1건 [진동(1)], 조치 2건 [방지(1), 차단(1)]",resolved,text,1033,935,110
반도체개발,LM1903060106_반도체_제조_공정_개발,20,1,미흡·없음,아니오,"안전 2건 [안전(1), 유의 사항(1)], 구체적 조치 언급 없음",resolved,text,616,626,110
반도체개발,LM1903060106_반도체_제조_공정_개발,27,1,미흡·없음,아니오,"안전 4건 [주의(2), 안전(1), 유의 사항(1)], 구체적 조치 언급 없음",resolved,text,217,211,110
반도체개발,LM1903060106_반도체_제조_공정_개발,62,1,미흡·없음,아니오,"안전 4건 [안전(2), 유의 사항(1), 사고(1)], 조치 1건 [방지(1)]",resolved,text,408,426,110
반도체개발,LM1903060106_반도체_제조_공정_개발,65,1,미흡·없음,아니오,"안전 4건 [안전(2), 유의 사항(1), 사고(1)], 조치 2건 [방지(2)]",resolved,text,478,496,110
반도체개발,LM1903060106_반도체_제조_공정_개발,78,1,미흡·없음,아니오,"안전 3건 [폭발(2), 주의(1)], 조치 2건 [착용(2)]",resolved,text,983,847,110
반도체개발,LM1903060106_반도체_제조_공정_개발,79,1,미흡·없음,아니오,"안전 1건 [폭발(1)], 구체적 조치 언급 없음",resolved,text,427,437,110
반도체개발,LM1903060106_반도체_제조_공정_개발,81,1,미흡·없음,아니오,"안전 2건 [유해(1), 먼지(1)], 구체적 조치 언급 없음",resolved,text,654,656,110
반도체개발,LM1903060106_반도체_제조_공정_개발,83,1,미흡·없음,아니오,"안전 1건 [진동(1)], 구체적 조치 언급 없음",resolved,text,634,768,110
반도체개발,LM1903060106_반도체_제조_공정_개발,86,1,미흡·없음,아니오,"안전 1건 [안전(1)], 구체적 조치 언급 없음",resolved,text,731,641,110
반도체개발,LM1903060106_반도체_제조_공정_개발,88,1,미흡·없음,아니오,"안전 2건 [위험(1), 화재(1)], 구체적 조치 언급 없음",resolved,text,652,631,110
반도체개발,LM1903060106_반도체_제조_공정_개발,89,2,형식적 언급,아니오,"안전 6건 [MSDS(2), 주의(1), 폭발(1), 화학물질(1), 인화(1)], 구체적 조치 언급 없음",resolved,text,829,828,110
반도체개발,LM1903060106_반도체_제조_공정_개발,91,1,미흡·없음,아니오,"안전 3건 [안전(1), 유의 사항(1), MSDS(1)], 구체적 조치 언급 없음",resolved,text,270,290,110
반도체개발,LM1903060106_반도체_제조_공정_개발,96,1,미흡·없음,아니오,"안전 2건 [MSDS(1), 화학물질(1)], 구체적 조치 언급 없음",resolved,text,671,684,110
반도체개발,LM1903060106_반도체_제조_공정_개발,103,1,미흡·없음,아니오,"안전 4건 [주의(2), 안전(1), 유의 사항(1)], 구체적 조치 언급 없음",resolved,text,345,361,110
반도체개발,LM1903060106_반도체_제조_공정_개발,110,1,미흡·없음,아니오,"안전 0건 [], 구체적 조치 언급 없음",resolved,text-fallback,409,383,110
반도체개발,LM1903060106_반도체_제조_공정_개발,119,1,미흡·없음,아니오,"안전 5건 [안전(2), 위험(1), MSDS(1), 보건(1)], 구체적 조치 언급 없음",resolved,text,837,841,119;120
반도체개발,LM1903060106_반도체_제조_공정_개발,120,3,구체적 대책,아니오,"안전 39건 [안전(8), 보건(6), 유해(4), 보호구(4), 위험(3)], 조치 7건 [예방(2), 대처(2), 방지(1), 착용(1), 응급조치(1)]",resolved,text,763,757,120;121
반도체개발,LM1903060106_반도체_제조_공정_개발,121,2,형식적 언급,아니오,"안전 13건 [안전(6), MSDS(2), 화학물질(2), 주의(1), 유의 사항(1)], 조치 2건 [마스크(1), 안전장치(1)]",resolved,text,464,480,121
반도체개발,LM1903060106_반도체_제조_공정_개발,134,1,미흡·없음,아니오,"안전 1건 [안전(1)], 구체적 조치 언급 없음",resolved,text,1053,979,135
반도체개발,LM1903060106_반도체_제조_공정_개발,135,1,미흡·없음,아니오,"안전 1건 [진동(1)], 구체적 조치 언급 없음",resolved,text,745,729,135
반도체개발,LM1903060106_반도체_제조_공정_개발,141,2,형식적 언급,아니오,"안전 11건 [안전(3), 화학물질(3), MSDS(2), 주의(1), 유의 사항(1)], 조치 2건 [방지(1), 마스크(1)]",resolved,text,705,720,141;142
반도체개발,LM1903060106_반도체_제조_공정_개발,142,1,미흡·없음,아니오,"안전 1건 [화학물질(1)], 구체적 조치 언급 없음",resolved,text,930,762,142
반도체개발,LM1903060106_반도체_제조_공정_개발,154,1,미흡·없음,아니오,"안전 1건 [안전(1)], 구체적 조치 언급 없음",resolved,text,99,93,154
반도체개발,LM1903060106_반도체_제조_공정_개발,161,1,미흡·없음,아니오,"안전 4건 [안전(3), 유의 사항(1)], 조치 2건 [대처(1), 안전장치(1)]",resolved,text,448,458,161
반도체개발,LM1903060106_반도체_제조_공정_개발,163,1,미흡·없음,아니오,"안전 1건 [진동(1)], 구체적 조치 언급 없음",resolved,text,530,542,163
반도체개발,LM1903060106_반도체_제조_공정_개발,167,1,미흡·없음,아니오,"안전 4건 [안전(3), 유의 사항(1)], 조치 2건 [대처(1), 안전장치(1)]",resolved,text,481,499,161;167
반도체개발,LM1903060106_반도체_제조_공정_개발,170,1,미흡·없음,아니오,"안전 1건 [안전(1)], 구체적 조치 언급 없음",resolved,text,213,207,171
반도체개발,LM1903060106_반도체_제조_공정_개발,177,1,미흡·없음,아니오,"안전 4건 [안전(3), 유의 사항(1)], 조치 2건 [대처(1), 안전장치(1)]",resolved,text,505,517,167;177
반도체개발,LM1903060106_반도체_제조_공정_개발,182,1,미흡·없음,아니오,"안전 4건 [안전(3), 유의 사항(1)], 조치 2건 [대처(1), 안전장치(1)]",resolved,text,471,488,167;182
반도체개발,LM1903060106_반도체_제조_공정_개발,189,1,미흡·없음,아니오,"안전 4건 [안전(3), 유의 사항(1)], 조치 2건 [대처(1), 안전장치(1)]",resolved,text,443,460,177;182;189
반도체개발,LM1903060106_반도체_제조_공정_개발,192,1,미흡·없음,아니오,"안전 1건 [안전(1)], 구체적 조치 언급 없음",resolved,text,114,108,192
반도체개발,LM1903060107_패키지_제품설계,17,1,미흡·없음,아니오,"안전 2건 [안전(1), 유의사항(1)], 구체적 조치 언급 없음",resolved,text,460,465,54;55
반도체개발,LM1903060107_패키지_제품설계,21,1,미흡·없음,아니오,"안전 2건 [안전(1), 유의사항(1)], 구체적 조치 언급 없음",resolved,text,667,574,54
반도체개발,LM1903060107_패키지_제품설계,24,1,미흡·없음,아니오,"안전 2건 [안전(1), 유의사항(1)], 구체적 조치 언급 없음",resolved,text,493,510,54
반도체개발,LM1903060107_패키지_제품설계,27,1,미흡·없음,아니오,"안전 2건 [안전(1), 유의사항(1)], 구체적 조치 언급 없음",resolved,text,652,610,54;55
반도체개발,LM1903060107_패키지_제품설계,33,1,미흡·없음,아니오,"안전 2건 [안전(1), 유의사항(1)], 구체적 조치 언급 없음",resolved,text,434,446,54;60
반도체개발,LM1903060107_패키지_제품설계,37,1,미흡·없음,아니오,"안전 2건 [안전(1), 유의사항(1)], 구체적 조치 언급 없음",resolved,text,658,484,55;64
반도체개발,LM1903060107_패키지_제품설계,42,1,미흡·없음,아니오,"안전 2건 [안전(1), 유의사항(1)], 구체적 조치 언급 없음",resolved,text,612,612,71
반도체개발,LM1903060107_패키지_제품설계,54,1,미흡·없음,아니오,"안전 1건 [안전(1)], 구체적 조치 언급 없음",resolved,text,696,587,55
반도체개발,LM1903060107_패키지_제품설계,60,1,미흡·없음,아니오,"안전 3건 [안전(2), 유의사항(1)], 구체적 조치 언급 없음",resolved,text,450,463,61
반도체개발,LM1903060107_패키지_제품설계,63,1,미흡·없음,아니오,"안전 1건 [위험(1)], 구체적 조치 언급 없음",resolved,text,886,771,63
반도체개발,LM1903060107_패키지_제품설계,65,1,미흡·없음,아니오,"안전 1건 [위험(1)], 구체적 조치 언급 없음",resolved,text,357,364,65
반도체개발,LM1903060107_패키지_제품설계,68,1,미흡·없음,아니오,"안전 2건 [안전(1), 유의사항(1)], 구체적 조치 언급 없음",resolved,text,375,381,69
반도체개발,LM1903060107_패키지_제품설계,74,1,미흡·없음,아니오,"안전 2건 [안전(1), 유의사항(1)], 구체적 조치 언급 없음",resolved,text,539,553,75
반도체개발,LM1903060108_23v4_패키지_조립_공정_개발,21,1,미흡·없음,아니오,"안전 2건 [안전(1), 유의사항(1)], 구체적 조치 언급 없음",resolved,text-fallback,659,674,21
반도체개발,LM1903060108_23v4_패키지_조립_공정_개발,26,1,미흡·없음,아니오,"안전 1건 [안전(1)], 조치 2건 [방지(1), 안전모(1)]",resolved,text,740,725,26
반도체개발,LM1903060108_23v4_패키지_조립_공정_개발,28,1,미흡·없음,아니오,"안전 2건 [안전(1), 주의(1)], 구체적 조치 언급 없음",resolved,text,1067,1066,28
반도체개발,LM1903060108_23v4_패키지_조립_공정_개발,31,1,미흡·없음,아니오,"안전 1건 [진동(1)], 조치 1건 [방지(1)]",resolved,text,1169,1171,31
반도체개발,LM1903060108_23v4_패키지_조립_공정_개발,44,1,미흡·없음,아니오,"안전 1건 [안전(1)], 조치 1건 [안전모(1)]",resolved,text,864,881,26;44
반도체개발,LM1903060108_23v4_패키지_조립_공정_개발,57,1,미흡·없음,아니오,"안전 1건 [먼지(1)], 구체적 조치 언급 없음",resolved,text,608,567,58
반도체개발,LM1903060108_23v4_패키지_조립_공정_개발,70,1,미흡·없음,아니오,"안전 2건 [주의(1), 먼지(1)], 조치 4건 [마스크(4)]",resolved,text,970,980,70
반도체개발,LM1903060108_23v4_패키지_조립_공정_개발,72,1,미흡·없음,아니오,"안전 2건 [안전(1), 유의사항(1)], 조치 1건 [환기(1)]",resolved,text,605,591,72
반도체개발,LM1903060108_23v4_패키지_조립_공정_개발,75,1,미흡·없음,아니오,"안전 2건 [주의(1), 진동(1)], 조치 1건 [방지(1)]",resolved,text,1000,1002,76
반도체개발,LM1903060108_23v4_패키지_조립_공정_개발,76,1,미흡·없음,아니오,"안전 3건 [주의(2), 먼지(1)], 구체적 조치 언급 없음",resolved,text,724,730,77
반도체개발,LM1903060108_23v4_패키지_조립_공정_개발,81,1,미흡·없음,아니오,"안전 2건 [주의(1), 진동(1)], 구체적 조치 언급 없음",resolved,text,719,721,82
반도체개발,LM1903060108_23v4_패키지_조립_공정_개발,84,1,미흡·없음,아니오,"안전 1건 [진동(1)], 구체적 조치 언급 없음",resolved,text,714,703,84
반도체개발,LM1903060109_23v4_반도체_제품_기능성능_검증,25,1,미흡·없음,아니오,"안전 2건 [안전(1), 유의사항(1)], 조치 1건 [방지(1)]",resolved,text,442,454,44;60
반도체개발,LM1903060109_23v4_반도체_제품_기능성능_검증,27,1,미흡·없음,아니오,"안전 1건 [안전(1)], 구체적 조치 언급 없음",resolved,text,402,406,44
반도체개발,LM1903060109_23v4_반도체_제품_기능성능_검증,34,1,미흡·없음,아니오,"안전 1건 [방사선(1)], 구체적 조치 언급 없음",resolved,text,398,383,44
반도체개발,LM1903060109_23v4_반도체_제품_기능성능_검증,35,1,미흡·없음,아니오,"안전 2건 [안전(1), 유의사항(1)], 구체적 조치 언급 없음",resolved,text,149,220,44
반도체개발,LM1903060109_23v4_반도체_제품_기능성능_검증,37,1,미흡·없음,아니오,"안전 1건 [방사선(1)], 조치 1건 [방지(1)]",resolved,text,277,282,45
반도체개발,LM1903060109_23v4_반도체_제품_기능성능_검증,40,1,미흡·없음,아니오,"안전 2건 [안전(1), 유의사항(1)], 구체적 조치 언급 없음",resolved,text,526,536,45
반도체개발,LM1903060109_23v4_반도체_제품_기능성능_검증,56,1,미흡·없음,아니오,"안전 1건 [안전(1)], 조치 1건 [안전장치(1)]",resolved,text,1139,1141,56
반도체개발,LM1903060109_23v4_반도체_제품_기능성능_검증,65,1,미흡·없음,아니오,"안전 1건 [안전(1)], 구체적 조치 언급 없음",resolved,text,787,897,66
반도체개발,LM1903060109_23v4_반도체_제품_기능성능_검증,76,1,미흡·없음,아니오,"안전 1건 [진동(1)], 구체적 조치 언급 없음",resolved,text,777,699,76
반도체개발,LM1903060109_23v4_반도체_제품_기능성능_검증,79,1,미흡·없음,아니오,"안전 3건 [안전(2), 유의사항(1)], 구체적 조치 언급 없음",resolved,text,471,483,79
반도체개발,LM1903060109_23v4_반도체_제품_기능성능_검증,82,1,미흡·없음,아니오,"안전 1건 [진동(1)], 구체적 조치 언급 없음",resolved,text,419,403,83
반도체개발,LM1903060109_23v4_반도체_제품_기능성능_검증,84,1,미흡·없음,아니오,"안전 0건 [], 구체적 조치 언급 없음",resolved,text,367,357,84
반도체개발,LM1903060109_23v4_반도체_제품_기능성능_검증,89,1,미흡·없음,아니오,"안전 2건 [안전(1), 유의사항(1)], 구체적 조치 언급 없음",resolved,text,377,387,89
반도체개발,LM1903060109_23v4_반도체_제품_기능성능_검증,94,1,미흡·없음,아니오,"안전 2건 [안전(1), 유의사항(1)], 구체적 조치 언급 없음",resolved,text,455,465,94
반도체개발,LM1903060109_23v4_반도체_제품_기능성능_검증,97,1,미흡·없음,아니오,"안전 3건 [방사선(2), 주의(1)], 구체적 조치 언급 없음",resolved,text,965,958,97
반도체개발,LM1903060109_23v4_반도체_제품_기능성능_검증,100,1,미흡·없음,아니오,"안전 2건 [안전(1), 유의사항(1)], 구체적 조치 언급 없음",resolved,text,513,525,100
반도체개발,LM1903060110_반도체신뢰성평가,20,1,미흡·없음,아니오,"안전 3건 [안전(1), 주의(1), 유의사항(1)], 조치 2건 [착용(1), 방독면(1)]",resolved,text,402,440,35
반도체개발,LM1903060110_반도체신뢰성평가,25,1,미흡·없음,아니오,"안전 1건 [방사선(1)], 구체적 조치 언급 없음",resolved,text,243,249,36
반도체개발,LM1903060110_반도체신뢰성평가,26,1,미흡·없음,아니오,"안전 2건 [안전(1), 유해(1)], 구체적 조치 언급 없음",resolved,text,376,360,36
반도체개발,LM1903060110_반도체신뢰성평가,36,1,미흡·없음,아니오,"안전 0건 [], 구체적 조치 언급 없음",resolved,text-fallback,475,443,36
반도체개발,LM1903060110_반도체신뢰성평가,45,1,미흡·없음,아니오,"안전 2건 [안전(1), 유의사항(1)], 구체적 조치 언급 없음",resolved,text,681,627,45
반도체개발,LM1903060110_반도체신뢰성평가,65,1,미흡·없음,아니오,"안전 3건 [안전(2), 유의사항(1)], 조치 3건 [예방(1), 착용(1), 환기(1)]",resolved,text,636,657,66
반도체개발,LM1903060110_반도체신뢰성평가,79,1,미흡·없음,아니오,"안전 1건 [안전(1)], 구체적 조치 언급 없음",resolved,text,953,938,80
반도체개발,LM1903060110_반도체신뢰성평가,85,1,미흡·없음,아니오,"안전 2건 [안전(1), 유의사항(1)], 구체적 조치 언급 없음",resolved,text,491,502,85
반도체개발,LM1903060110_반도체신뢰성평가,89,1,미흡·없음,아니오,"안전 1건 [안전(1)], 조치 1건 [안전장치(1)]",resolved,text,1066,916,89
반도체개발,LM1903060112_23v5_자동_배치_배선_레이아웃_설계,27,1,미흡·없음,아니오,"안전 4건 [안전(2), 유의 사항(2)], 구체적 조치 언급 없음",resolved,text,629,635,27
반도체개발,LM1903060112_23v5_자동_배치_배선_레이아웃_설계,28,1,미흡·없음,아니오,"안전 4건 [안전(3), 유의 사항(1)], 구체적 조치 언급 없음",resolved,text,556,558,28
반도체개발,LM1903060112_23v5_자동_배치_배선_레이아웃_설계,29,1,미흡·없음,아니오,"안전 3건 [안전(2), 유의 사항(1)], 구체적 조치 언급 없음",resolved,text,353,467,30
반도체개발,LM1903060112_23v5_자동_배치_배선_레이아웃_설계,35,1,미흡·없음,아니오,"안전 4건 [유의 사항(3), 안전(1)], 구체적 조치 언급 없음",resolved,text,693,695,36
반도체개발,LM1903060112_23v5_자동_배치_배선_레이아웃_설계,59,1,미흡·없음,아니오,"안전 3건 [안전(2), 유의 사항(1)], 구체적 조치 언급 없음",resolved,text,676,686,59
반도체개발,LM1903060112_23v5_자동_배치_배선_레이아웃_설계,99,1,미흡·없음,아니오,"안전 3건 [안전(2), 유의 사항(1)], 구체적 조치 언급 없음",resolved,text,627,637,99
반도체개발,LM1903060112_23v5_자동_배치_배선_레이아웃_설계,100,1,미흡·없음,아니오,"안전 0건 [], 구체적 조치 언급 없음",resolved,text,598,580,99
반도체개발,LM1903060112_23v5_자동_배치_배선_레이아웃_설계,126,1,미흡·없음,아니오,"안전 1건 [안전(1)], 구체적 조치 언급 없음",resolved,text,407,395,126
반도체개발,LM1903060113_23v2_반도체_설계_검증,25,2,형식적 언급,아니오,"안전 6건 [안전(4), 유의 사항(2)], 조치 2건 [방지(1), 환기(1)]",resolved,text,581,597,25
반도체개발,LM1903060113_23v2_반도체_설계_검증,59,1,미흡·없음,아니오,"안전 1건 [안전(1)], 구체적 조치 언급 없음",resolved,text,495,499,59
반도체개발,LM1903060113_23v2_반도체_설계_검증,91,1,미흡·없음,아니오,"안전 5건 [위험(5)], 구체적 조치 언급 없음",resolved,text,608,612,91;92
반도체개발,LM1903060113_23v2_반도체_설계_검증,102,1,미흡·없음,아니오,"안전 3건 [안전(2), 유의 사항(1)], 구체적 조치 언급 없음",resolved,text,551,553,102
반도체개발,LM1903060113_23v2_반도체_설계_검증,144,1,미흡·없음,아니오,"안전 1건 [안전(1)], 구체적 조치 언급 없음",resolved,text,377,390,144
반도체개발,LM1903060114_23v2_반도체_펌웨어_개발,23,1,미흡·없음,아니오,"안전 5건 [안전(4), 유의 사항(1)], 조치 1건 [방지(1)]",resolved,text,487,512,24;145
반도체개발,LM1903060114_23v2_반도체_펌웨어_개발,24,1,미흡·없음,아니오,"안전 1건 [안전(1)], 구체적 조치 언급 없음",resolved,text,669,673,24
반도체개발,LM1903060114_23v2_반도체_펌웨어_개발,47,2,형식적 언급,아니오,"안전 6건 [안전(5), 유의 사항(1)], 구체적 조치 언급 없음",resolved,text,473,503,48;145
반도체개발,LM1903060114_23v2_반도체_펌웨어_개발,70,2,형식적 언급,아니오,"안전 6건 [안전(5), 유의 사항(1)], 구체적 조치 언급 없음",resolved,text,434,460,71
반도체개발,LM1903060114_23v2_반도체_펌웨어_개발,94,2,형식적 언급,아니오,"안전 6건 [안전(5), 유의 사항(1)], 구체적 조치 언급 없음",resolved,text,431,461,95
반도체개발,LM1903060114_23v2_반도체_펌웨어_개발,124,2,형식적 언급,아니오,"안전 6건 [안전(5), 유의 사항(1)], 구체적 조치 언급 없음",resolved,text,472,497,125
반도체개발,LM1903060114_23v2_반도체_펌웨어_개발,144,1,미흡·없음,아니오,"안전 2건 [안전(2)], 구체적 조치 언급 없음",resolved,text,618,622,145
반도체개발,LM1903060114_23v2_반도체_펌웨어_개발,145,2,형식적 언급,아니오,"안전 6건 [안전(5), 유의 사항(1)], 구체적 조치 언급 없음",resolved,text,328,387,125;145
반도체개발,LM1903060114_23v2_반도체_펌웨어_개발,164,1,미흡·없음,아니오,"안전 1건 [안전(1)], 구체적 조치 언급 없음",resolved,text,403,391,164
반도체개발,LM1903060115_23v7_메모리_반도체_제조_공정_개발,20,1,미흡·없음,아니오,"안전 1건 [진동(1)], 조치 1건 [방지(1)]",resolved,text,936,937,21
반도체개발,LM1903060115_23v7_메모리_반도체_제조_공정_개발,28,1,미흡·없음,아니오,"안전 2건 [주의(2)], 구체적 조치 언급 없음",resolved,text,642,641,28;55
반도체개발,LM1903060115_23v7_메모리_반도체_제조_공정_개발,54,1,미흡·없음,아니오,"안전 5건 [안전(2), 유의 사항(1), 사고(1), MSDS(1)], 조치 1건 [방지(1)]",resolved,text,348,386,54;55
반도체개발,LM1903060115_23v7_메모리_반도체_제조_공정_개발,59,1,미흡·없음,아니오,"안전 1건 [진동(1)], 구체적 조치 언급 없음",resolved,text,694,696,59
반도체개발,LM1903060115_23v7_메모리_반도체_제조_공정_개발,80,1,미흡·없음,아니오,"안전 3건 [폭발(2), 주의(1)], 조치 2건 [착용(2)]",resolved,text,816,813,80;81
반도체개발,LM1903060115_23v7_메모리_반도체_제조_공정_개발,81,1,미흡·없음,아니오,"안전 1건 [폭발(1)], 구체적 조치 언급 없음",resolved,text,584,586,81
반도체개발,LM1903060115_23v7_메모리_반도체_제조_공정_개발,83,1,미흡·없음,아니오,"안전 1건 [유해(1)], 구체적 조치 언급 없음",resolved,text,890,821,83
반도체개발,LM1903060115_23v7_메모리_반도체_제조_공정_개발,84,1,미흡·없음,아니오,"안전 1건 [진동(1)], 구체적 조치 언급 없음",resolved,text,795,802,85
반도체개발,LM1903060115_23v7_메모리_반도체_제조_공정_개발,87,1,미흡·없음,아니오,"안전 1건 [안전(1)], 구체적 조치 언급 없음",resolved,text,382,439,87
반도체개발,LM1903060115_23v7_메모리_반도체_제조_공정_개발,90,2,형식적 언급,아니오,"안전 6건 [위험(1), 주의(1), MSDS(1), 폭발(1), 화재(1)], 구체적 조치 언급 없음",resolved,text,859,858,90;91
반도체개발,LM1903060115_23v7_메모리_반도체_제조_공정_개발,91,1,미흡·없음,아니오,"안전 2건 [유의 사항(1), MSDS(1)], 구체적 조치 언급 없음",resolved,text,896,891,93
반도체개발,LM1903060115_23v7_메모리_반도체_제조_공정_개발,92,1,미흡·없음,아니오,"안전 4건 [주의(1), MSDS(1), 폭발(1), 인화(1)], 구체적 조치 언급 없음",resolved,text,743,826,93
반도체개발,LM1903060115_23v7_메모리_반도체_제조_공정_개발,93,1,미흡·없음,아니오,"안전 2건 [유의 사항(1), MSDS(1)], 구체적 조치 언급 없음",resolved,text,963,892,93
반도체개발,LM1903060115_23v7_메모리_반도체_제조_공정_개발,95,2,형식적 언급,아니오,"안전 12건 [안전(7), MSDS(2), 주의(1), 유의 사항(1), 보건(1)], 조치 2건 [마스크(1), 안전장치(1)]",resolved,text,509,539,95;96
반도체개발,LM1903060115_23v7_메모리_반도체_제조_공정_개발,126,1,미흡·없음,아니오,"안전 1건 [안전(1)], 구체적 조치 언급 없음",resolved,text,407,395,126
반도체개발,LM1903060116_23v7_시스템_반도체_제조_공정_개발,71,1,미흡·없음,아니오,"안전 4건 [안전(2), 유의 사항(1), 사고(1)], 조치 1건 [방지(1)]",resolved,text,493,532,71
반도체개발,LM1903060116_23v7_시스템_반도체_제조_공정_개발,114,1,미흡·없음,아니오,"안전 4건 [안전(2), 유의 사항(1), 사고(1)], 조치 1건 [방지(1)]",resolved,text,459,473,115
반도체개발,LM1903060116_23v7_시스템_반도체_제조_공정_개발,128,1,미흡·없음,아니오,"안전 1건 [안전(1)], 구체적 조치 언급 없음",resolved,text,407,395,128
반도체개발,LM1903060117_23v7_반도체_제조_단위_공정_공정_개발,25,1,미흡·없음,아니오,"안전 4건 [안전(3), 유의 사항(1)], 조치 2건 [대처(1), 안전장치(1)]",resolved,text,459,473,25
반도체개발,LM1903060117_23v7_반도체_제조_단위_공정_공정_개발,46,1,미흡·없음,아니오,"안전 1건 [위험(1)], 구체적 조치 언급 없음",resolved,text,678,680,47
반도체개발,LM1903060117_23v7_반도체_제조_단위_공정_공정_개발,59,1,미흡·없음,아니오,"안전 1건 [안전(1)], 구체적 조치 언급 없음",resolved,text,612,618,60
반도체개발,LM1903060117_23v7_반도체_제조_단위_공정_공정_개발,72,1,미흡·없음,아니오,"안전 3건 [안전(1), MSDS(1), 보건(1)], 조치 1건 [마스크(1)]",resolved,text,870,815,73
반도체개발,LM1903060117_23v7_반도체_제조_단위_공정_공정_개발,73,2,형식적 언급,아니오,"안전 7건 [안전(3), 보건(2), 위험(1), MSDS(1)], 조치 1건 [안전장치(1)]",resolved,text,754,768,74
반도체개발,LM1903060117_23v7_반도체_제조_단위_공정_공정_개발,74,3,구체적 대책,아니오,"안전 34건 [안전(6), 유해(4), 보건(4), 보호구(4), 위험(3)], 조치 7건 [예방(2), 대처(2), 방지(1), 착용(1), 응급조치(1)]",resolved,text,919,921,74;75
반도체개발,LM1903060117_23v7_반도체_제조_단위_공정_공정_개발,76,1,미흡·없음,아니오,"안전 1건 [안전(1)], 구체적 조치 언급 없음",resolved,text,701,676,76
반도체개발,LM1903060117_23v7_반도체_제조_단위_공정_공정_개발,77,1,미흡·없음,아니오,"안전 1건 [진동(1)], 구체적 조치 언급 없음",resolved,text,715,682,77
반도체개발,LM1903060117_23v7_반도체_제조_단위_공정_공정_개발,83,2,형식적 언급,아니오,"안전 11건 [안전(6), MSDS(2), 주의(1), 유의 사항(1), 보건(1)], 조치 2건 [마스크(1), 안전장치(1)]",resolved,text,540,560,83;84
반도체개발,LM1903060117_23v7_반도체_제조_단위_공정_공정_개발,84,1,미흡·없음,아니오,"안전 3건 [안전(3)], 조치 3건 [착용(3)]",resolved,text,490,474,84
반도체개발,LM1903060117_23v7_반도체_제조_단위_공정_공정_개발,85,1,미흡·없음,아니오,"안전 2건 [안전(2)], 조치 2건 [착용(2)]",resolved,text,296,417,85
반도체개발,LM1903060117_23v7_반도체_제조_단위_공정_공정_개발,86,1,미흡·없음,아니오,"안전 2건 [안전(2)], 구체적 조치 언급 없음",resolved,text,797,748,86;87
반도체개발,LM1903060117_23v7_반도체_제조_단위_공정_공정_개발,87,1,미흡·없음,아니오,"안전 1건 [안전(1)], 구체적 조치 언급 없음",resolved,text,559,561,87
반도체개발,LM1903060117_23v7_반도체_제조_단위_공정_공정_개발,88,1,미흡·없음,아니오,"안전 2건 [안전(2)], 조치 1건 [착용(1)]",resolved,text,678,680,88
반도체개발,LM1903060117_23v7_반도체_제조_단위_공정_공정_개발,89,1,미흡·없음,아니오,"안전 2건 [누출(2)], 구체적 조치 언급 없음",resolved,text,553,542,89;90
반도체개발,LM1903060117_23v7_반도체_제조_단위_공정_공정_개발,90,1,미흡·없음,아니오,"안전 2건 [누출(2)], 조치 5건 [방지(4), 예방(1)]",resolved,text,438,456,90
반도체개발,LM1903060117_23v7_반도체_제조_단위_공정_공정_개발,92,1,미흡·없음,아니오,"안전 3건 [누출(3)], 구체적 조치 언급 없음",resolved,text,546,548,92
반도체개발,LM1903060117_23v7_반도체_제조_단위_공정_공정_개발,93,1,미흡·없음,아니오,"안전 1건 [누출(1)], 구체적 조치 언급 없음",resolved,text,615,602,94
반도체개발,LM1903060117_23v7_반도체_제조_단위_공정_공정_개발,95,1,미흡·없음,아니오,"안전 1건 [안전(1)], 구체적 조치 언급 없음",resolved,text,544,550,96
반도체개발,LM1903060117_23v7_반도체_제조_단위_공정_공정_개발,103,1,미흡·없음,아니오,"안전 4건 [안전(3), 유의 사항(1)], 조치 2건 [대처(1), 안전장치(1)]",resolved,text,494,508,103
반도체개발,LM1903060117_23v7_반도체_제조_단위_공정_공정_개발,104,1,미흡·없음,아니오,"안전 1건 [안전(1)], 구체적 조치 언급 없음",resolved,text,464,459,104
반도체개발,LM1903060117_23v7_반도체_제조_단위_공정_공정_개발,106,1,미흡·없음,아니오,"안전 3건 [주의(2), 안전(1)], 조치 2건 [착용(2)]",resolved,text,654,656,106
반도체개발,LM1903060117_23v7_반도체_제조_단위_공정_공정_개발,107,1,미흡·없음,아니오,"안전 1건 [안전(1)], 구체적 조치 언급 없음",resolved,text,529,531,107
반도체개발,LM1903060117_23v7_반도체_제조_단위_공정_공정_개발,122,1,미흡·없음,아니오,"안전 1건 [안전(1)], 구체적 조치 언급 없음",resolved,text,406,394,122
반도체개발,LM1903060118_23v5_아날로그_회로_아키텍처_설계,20,1,미흡·없음,아니오,"안전 1건 [위험(1)], 구체적 조치 언급 없음",resolved,text,609,593,21
반도체개발,LM1903060118_23v5_아날로그_회로_아키텍처_설계,26,1,미흡·없음,아니오,"안전 1건 [안전(1)], 구체적 조치 언급 없음",resolved,text,808,800,26
반도체개발,LM1903060118_23v5_아날로그_회로_아키텍처_설계,61,1,미흡·없음,아니오,"안전 3건 [위험(3)], 구체적 조치 언급 없음",resolved,text,833,835,61;62
반도체개발,LM1903060118_23v5_아날로그_회로_아키텍처_설계,62,2,형식적 언급,아니오,"안전 12건 [위험(12)], 구체적 조치 언급 없음",resolved,text,748,750,62;63
반도체개발,LM1903060118_23v5_아날로그_회로_아키텍처_설계,63,1,미흡·없음,아니오,"안전 2건 [위험(2)], 구체적 조치 언급 없음",resolved,text,802,804,63
반도체개발,LM1903060118_23v5_아날로그_회로_아키텍처_설계,68,1,미흡·없음,아니오,"안전 3건 [안전(1), 주의(1), 유의 사항(1)], 조치 4건 [방지(4)]",resolved,text,706,708,69
반도체개발,LM1903060118_23v5_아날로그_회로_아키텍처_설계,69,1,미흡·없음,아니오,"안전 2건 [진동(2)], 조치 1건 [방지(1)]",resolved,text,567,549,69
반도체개발,LM1903060118_23v5_아날로그_회로_아키텍처_설계,94,1,미흡·없음,아니오,"안전 1건 [진동(1)], 조치 2건 [방지(2)]",resolved,text,947,949,95
반도체개발,LM1903060118_23v5_아날로그_회로_아키텍처_설계,95,1,미흡·없음,아니오,"안전 2건 [유해(1), 방사선(1)], 조치 2건 [방지(1), 예방(1)]",resolved,text,798,800,95
반도체개발,LM1903060118_23v5_아날로그_회로_아키텍처_설계,98,1,미흡·없음,아니오,"안전 3건 [안전(2), 유의 사항(1)], 조치 1건 [방지(1)]",resolved,text,375,461,99
반도체개발,LM1903060118_23v5_아날로그_회로_아키텍처_설계,99,1,미흡·없음,아니오,"안전 2건 [안전(2)], 조치 4건 [방지(2), 대처(2)]",resolved,text,703,703,99
반도체개발,LM1903060118_23v5_아날로그_회로_아키텍처_설계,119,1,미흡·없음,아니오,"안전 1건 [안전(1)], 구체적 조치 언급 없음",resolved,text,562,569,120
반도체개발,LM1903060118_23v5_아날로그_회로_아키텍처_설계,125,1,미흡·없음,아니오,"안전 1건 [안전(1)], 구체적 조치 언급 없음",resolved,text,407,395,125
반도체개발,LM1903060119_23v5_아날로그_회로_소자_레벨_설계,26,1,미흡·없음,아니오,"안전 2건 [안전(1), 유의 사항(1)], 구체적 조치 언급 없음",resolved,text,418,420,64
반도체개발,LM1903060119_23v5_아날로그_회로_소자_레벨_설계,44,1,미흡·없음,아니오,"안전 2건 [안전(1), 유의 사항(1)], 구체적 조치 언급 없음",resolved,text,395,411,65
반도체개발,LM1903060119_23v5_아날로그_회로_소자_레벨_설계,70,1,미흡·없음,아니오,"안전 2건 [안전(1), 유의 사항(1)], 구체적 조치 언급 없음",resolved,text,443,411,70
반도체개발,LM1903060119_23v5_아날로그_회로_소자_레벨_설계,84,1,미흡·없음,아니오,"안전 1건 [안전(1)], 구체적 조치 언급 없음",resolved,text,408,397,84
반도체개발,LM1903060120_23v5_아날로그_회로_시스템_설계,22,1,미흡·없음,아니오,"안전 4건 [안전(2), 주의(1), 유의 사항(1)], 구체적 조치 언급 없음",resolved,text,333,341,23
반도체개발,LM1903060120_23v5_아날로그_회로_시스템_설계,33,1,미흡·없음,아니오,"안전 1건 [안전(1)], 조치 1건 [방지(1)]",resolved,text,565,578,33
반도체개발,LM1903060120_23v5_아날로그_회로_시스템_설계,38,1,미흡·없음,아니오,"안전 4건 [안전(3), 유의 사항(1)], 조치 1건 [방지(1)]",resolved,text,384,386,38
반도체개발,LM1903060120_23v5_아날로그_회로_시스템_설계,39,1,미흡·없음,아니오,"안전 2건 [안전(2)], 구체적 조치 언급 없음",resolved,text,683,672,39
반도체개발,LM1903060120_23v5_아날로그_회로_시스템_설계,45,1,미흡·없음,아니오,"안전 1건 [누출(1)], 구체적 조치 언급 없음",resolved,text,850,743,45
반도체개발,LM1903060120_23v5_아날로그_회로_시스템_설계,49,1,미흡·없음,아니오,"안전 1건 [안전(1)], 구체적 조치 언급 없음",resolved,text,183,177,50
반도체개발,LM1903060120_23v5_아날로그_회로_시스템_설계,50,1,미흡·없음,아니오,"안전 3건 [안전(2), 사고(1)], 구체적 조치 언급 없음",resolved,text,558,564,51
반도체개발,LM1903060120_23v5_아날로그_회로_시스템_설계,64,1,미흡·없음,아니오,"안전 2건 [안전(1), 유의 사항(1)], 구체적 조치 언급 없음",resolved,text,461,460,64
반도체개발,LM1903060120_23v5_아날로그_회로_시스템_설계,83,1,미흡·없음,아니오,"안전 1건 [안전(1)], 구체적 조치 언급 없음",resolved,text,694,696,83
반도체개발,LM1903060120_23v5_아날로그_회로_시스템_설계,89,1,미흡·없음,아니오,"안전 3건 [안전(2), 유의 사항(1)], 조치 1건 [방지(1)]",resolved,text,302,303,90
반도체개발,LM1903060120_23v5_아날로그_회로_시스템_설계,94,1,미흡·없음,아니오,"안전 2건 [안전(2)], 조치 8건 [방지(4), 예방(4)]",resolved,text,852,854,95
반도체개발,LM1903060120_23v5_아날로그_회로_시스템_설계,95,1,미흡·없음,아니오,"안전 1건 [안전(1)], 조치 2건 [방지(2)]",resolved,text,845,847,95
반도체개발,LM1903060120_23v5_아날로그_회로_시스템_설계,104,1,미흡·없음,아니오,"안전 1건 [위험(1)], 조치 4건 [방지(3), 예방(1)]",resolved,text,713,718,104
반도체개발,LM1903060120_23v5_아날로그_회로_시스템_설계,111,1,미흡·없음,아니오,"안전 1건 [안전(1)], 구체적 조치 언급 없음",resolved,text,408,396,111
반도체개발,LM1903060121_23v4_와이어_본딩_패키지_개발,22,1,미흡·없음,아니오,"안전 2건 [안전(1), 유의 사항(1)], 구체적 조치 언급 없음",resolved,text,570,572,22;36
반도체개발,LM1903060121_23v4_와이어_본딩_패키지_개발,27,1,미흡·없음,아니오,"안전 1건 [진동(1)], 구체적 조치 언급 없음",resolved,text,873,875,28
반도체개발,LM1903060121_23v4_와이어_본딩_패키지_개발,36,1,미흡·없음,아니오,"안전 2건 [안전(1), 유의 사항(1)], 구체적 조치 언급 없음",resolved,text,704,706,47
반도체개발,LM1903060121_23v4_와이어_본딩_패키지_개발,46,1,미흡·없음,아니오,"안전 2건 [안전(1), 유의 사항(1)], 구체적 조치 언급 없음",resolved,text,520,522,81
반도체개발,LM1903060121_23v4_와이어_본딩_패키지_개발,57,2,형식적 언급,아니오,"안전 6건 [안전(3), 사고(1), 유해(1), 방사선(1)], 조치 1건 [예방(1)]",resolved,text,768,770,57;58
반도체개발,LM1903060121_23v4_와이어_본딩_패키지_개발,58,1,미흡·없음,아니오,"안전 1건 [안전(1)], 조치 1건 [방지(1)]",resolved,text,746,829,58
반도체개발,LM1903060121_23v4_와이어_본딩_패키지_개발,60,1,미흡·없음,아니오,"안전 1건 [진동(1)], 구체적 조치 언급 없음",resolved,text,723,705,61
반도체개발,LM1903060121_23v4_와이어_본딩_패키지_개발,62,1,미흡·없음,아니오,"안전 1건 [안전(1)], 구체적 조치 언급 없음",resolved,text,800,723,62
반도체개발,LM1903060121_23v4_와이어_본딩_패키지_개발,64,1,미흡·없음,아니오,"안전 2건 [안전(1), 유의 사항(1)], 구체적 조치 언급 없음",resolved,text,517,519,64
반도체개발,LM1903060121_23v4_와이어_본딩_패키지_개발,86,1,미흡·없음,아니오,"안전 1건 [진동(1)], 구체적 조치 언급 없음",resolved,text,855,857,86
반도체개발,LM1903060121_23v4_와이어_본딩_패키지_개발,94,1,미흡·없음,아니오,"안전 1건 [안전(1)], 구체적 조치 언급 없음",resolved,text,406,395,94
반도체개발,LM1903060122_23v4_플립_패키지_개발,20,1,미흡·없음,아니오,"안전 1건 [폭발(1)], 구체적 조치 언급 없음",resolved,text,928,819,20
반도체개발,LM1903060122_23v4_플립_패키지_개발,24,1,미흡·없음,아니오,"안전 3건 [안전(2), 유의 사항(1)], 구체적 조치 언급 없음",resolved,text,326,320,24;87
반도체개발,LM1903060122_23v4_플립_패키지_개발,31,1,미흡·없음,아니오,"안전 0건 [], 구체적 조치 언급 없음",resolved,text,361,346,101
반도체개발,LM1903060122_23v4_플립_패키지_개발,41,1,미흡·없음,아니오,"안전 3건 [소음(2), 진동(1)], 구체적 조치 언급 없음",resolved,text,1079,1005,41;42
반도체개발,LM1903060122_23v4_플립_패키지_개발,45,1,미흡·없음,아니오,"안전 2건 [안전(2)], 조치 1건 [착용(1)]",resolved,text,384,463,45;46
반도체개발,LM1903060122_23v4_플립_패키지_개발,64,1,미흡·없음,아니오,"안전 2건 [안전(2)], 조치 1건 [방지(1)]",resolved,text,569,554,64
반도체개발,LM1903060122_23v4_플립_패키지_개발,81,1,미흡·없음,아니오,"안전 1건 [진동(1)], 구체적 조치 언급 없음",resolved,text,614,616,81
반도체개발,LM1903060122_23v4_플립_패키지_개발,83,1,미흡·없음,아니오,"안전 1건 [방사선(1)], 조치 1건 [방지(1)]",resolved,text,745,750,83
반도체개발,LM1903060122_23v4_플립_패키지_개발,86,1,미흡·없음,아니오,"안전 3건 [안전(2), 유의 사항(1)], 조치 6건 [착용(3), 방지(2), 환기(1)]",resolved,text,239,340,87
반도체개발,LM1903060122_23v4_플립_패키지_개발,88,1,미흡·없음,아니오,"안전 1건 [진동(1)], 구체적 조치 언급 없음",resolved,text,762,745,88
반도체개발,LM1903060122_23v4_플립_패키지_개발,89,1,미흡·없음,아니오,"안전 1건 [진동(1)], 구체적 조치 언급 없음",resolved,text,457,461,90
반도체개발,LM1903060122_23v4_플립_패키지_개발,91,1,미흡·없음,아니오,"안전 2건 [안전(1), 진동(1)], 구체적 조치 언급 없음",resolved,text,557,542,91
반도체개발,LM1903060122_23v4_플립_패키지_개발,95,1,미흡·없음,아니오,"안전 1건 [위험(1)], 구체적 조치 언급 없음",resolved,text,593,559,95
반도체개발,LM1903060122_23v4_플립_패키지_개발,101,1,미흡·없음,아니오,"안전 1건 [진동(1)], 구체적 조치 언급 없음",resolved,text,341,307,101
반도체개발,LM1903060122_23v4_플립_패키지_개발,102,1,미흡·없음,아니오,"안전 1건 [안전(1)], 구체적 조치 언급 없음",resolved,text,466,411,102
반도체개발,LM1903060122_23v4_플립_패키지_개발,110,1,미흡·없음,아니오,"안전 1건 [안전(1)], 구체적 조치 언급 없음",resolved,text-fallback,408,393,110
반도체개발,LM1903060123_23v4_웨이퍼_레벨_패키지_개발,28,1,미흡·없음,아니오,"안전 5건 [안전(2), 먼지(2), 유의 사항(1)], 조치 8건 [마스크(4), 착용(2), 방지(1), 보호복(1)]",resolved,text,478,480,29
반도체개발,LM1903060123_23v4_웨이퍼_레벨_패키지_개발,29,1,미흡·없음,아니오,"안전 1건 [안전(1)], 조치 1건 [방지(1)]",resolved,text,844,844,29
반도체개발,LM1903060123_23v4_웨이퍼_레벨_패키지_개발,30,1,미흡·없음,아니오,"안전 1건 [안전(1)], 조치 1건 [방지(1)]",resolved,text,556,523,31
반도체개발,LM1903060123_23v4_웨이퍼_레벨_패키지_개발,43,1,미흡·없음,아니오,"안전 1건 [먼지(1)], 구체적 조치 언급 없음",resolved,text,597,545,43
반도체개발,LM1903060123_23v4_웨이퍼_레벨_패키지_개발,60,1,미흡·없음,아니오,"안전 5건 [안전(1), 주의(1), 유의 사항(1), 누출(1), 보호구(1)], 조치 6건 [착용(2), 방지(1), 환기(1), 대처(1), 마스크(1)]",resolved,text,370,372,61
반도체개발,LM1903060123_23v4_웨이퍼_레벨_패키지_개발,61,1,미흡·없음,아니오,"안전 4건 [안전(2), 주의(1), 분진(1)], 조치 1건 [마스크(1)]",resolved,text,760,743,61
반도체개발,LM1903060123_23v4_웨이퍼_레벨_패키지_개발,64,1,미흡·없음,아니오,"안전 2건 [안전(1), 주의(1)], 구체적 조치 언급 없음",resolved,text,776,759,65
반도체개발,LM1903060123_23v4_웨이퍼_레벨_패키지_개발,85,3,구체적 대책,아니오,"안전 9건 [안전(3), 위험(2), 주의(1), 유의 사항(1), 폭발(1)], 조치 6건 [착용(2), 환기(1), 차단(1), 마스크(1), 보호복(1)]",resolved,text,470,455,85
반도체개발,LM1903060123_23v4_웨이퍼_레벨_패키지_개발,89,1,미흡·없음,아니오,"안전 1건 [안전(1)], 구체적 조치 언급 없음",resolved,text,327,293,89
반도체개발,LM1903060123_23v4_웨이퍼_레벨_패키지_개발,91,1,미흡·없음,아니오,"안전 1건 [안전(1)], 구체적 조치 언급 없음",resolved,text,369,327,91
반도체개발,LM1903060123_23v4_웨이퍼_레벨_패키지_개발,105,1,미흡·없음,아니오,"안전 1건 [안전(1)], 구체적 조치 언급 없음",resolved,text,407,395,105
반도체개발,LM1903060124_23v4_어드밴스드_팬_아웃_패키지_개발,20,1,미흡·없음,아니오,"안전 0건 [], 구체적 조치 언급 없음",resolved,text,662,645,42
반도체개발,LM1903060124_23v4_어드밴스드_팬_아웃_패키지_개발,24,1,미흡·없음,아니오,"안전 2건 [위험(1), 주의(1)], 구체적 조치 언급 없음",resolved,text,786,808,25
반도체개발,LM1903060124_23v4_어드밴스드_팬_아웃_패키지_개발,27,1,미흡·없음,아니오,"안전 5건 [안전(3), 유의 사항(1), 먼지(1)], 조치 3건 [착용(2), 안전장치(1)]",resolved,text,463,461,28
반도체개발,LM1903060124_23v4_어드밴스드_팬_아웃_패키지_개발,28,1,미흡·없음,아니오,"안전 2건 [안전(1), 주의(1)], 조치 2건 [방지(2)]",resolved,text,706,701,29
반도체개발,LM1903060124_23v4_어드밴스드_팬_아웃_패키지_개발,34,1,미흡·없음,아니오,"안전 2건 [안전(2)], 조치 1건 [마스크(1)]",resolved,text,632,561,34
반도체개발,LM1903060124_23v4_어드밴스드_팬_아웃_패키지_개발,41,1,미흡·없음,아니오,"안전 2건 [먼지(2)], 구체적 조치 언급 없음",resolved,text,504,470,42
반도체개발,LM1903060124_23v4_어드밴스드_팬_아웃_패키지_개발,45,1,미흡·없음,아니오,"안전 2건 [위험(1), 주의(1)], 구체적 조치 언급 없음",resolved,text,828,834,45
반도체개발,LM1903060124_23v4_어드밴스드_팬_아웃_패키지_개발,46,1,미흡·없음,아니오,"안전 1건 [위험(1)], 구체적 조치 언급 없음",resolved,text,391,393,47
반도체개발,LM1903060124_23v4_어드밴스드_팬_아웃_패키지_개발,53,1,미흡·없음,아니오,"안전 3건 [안전(1), 주의(1), 유의 사항(1)], 조치 2건 [방지(1), 착용(1)]",resolved,text,295,276,54
반도체개발,LM1903060124_23v4_어드밴스드_팬_아웃_패키지_개발,63,1,미흡·없음,아니오,"안전 1건 [진동(1)], 구체적 조치 언급 없음",resolved,text,897,230,63
반도체개발,LM1903060124_23v4_어드밴스드_팬_아웃_패키지_개발,64,1,미흡·없음,아니오,"안전 1건 [먼지(1)], 구체적 조치 언급 없음",resolved,text,790,803,64
반도체개발,LM1903060124_23v4_어드밴스드_팬_아웃_패키지_개발,76,3,구체적 대책,아니오,"안전 15건 [주의(4), 안전(3), 소음(2), 유의 사항(1), 유해(1)], 조치 8건 [착용(4), 방지(2), 예방(1), 차단(1)]",resolved,text,490,506,76;77
반도체개발,LM1903060124_23v4_어드밴스드_팬_아웃_패키지_개발,91,1,미흡·없음,아니오,"안전 1건 [안전(1)], 구체적 조치 언급 없음",resolved,text-fallback,409,398,91
반도체개발,LM1903060125_23v4_이종_접합_패키지_개발,21,1,미흡·없음,아니오,"안전 5건 [안전(3), 유의 사항(1), 보건(1)], 구체적 조치 언급 없음",resolved,text,320,321,21;22
반도체개발,LM1903060125_23v4_이종_접합_패키지_개발,29,2,형식적 언급,아니오,"안전 9건 [안전(5), 주의(2), 사고(2)], 조치 4건 [방지(2), 예방(2)]",resolved,text,405,411,30
반도체개발,LM1903060125_23v4_이종_접합_패키지_개발,35,1,미흡·없음,아니오,"안전 5건 [안전(3), 유의 사항(1), 보건(1)], 구체적 조치 언급 없음",resolved,text,348,341,36
반도체개발,LM1903060125_23v4_이종_접합_패키지_개발,45,2,형식적 언급,아니오,"안전 9건 [안전(5), 주의(2), 사고(2)], 조치 2건 [예방(2)]",resolved,text,381,387,46
반도체개발,LM1903060125_23v4_이종_접합_패키지_개발,57,2,형식적 언급,아니오,"안전 7건 [안전(3), 위험(1), 유의 사항(1), MSDS(1), 보건(1)], 구체적 조치 언급 없음",resolved,text,585,547,58
반도체개발,LM1903060125_23v4_이종_접합_패키지_개발,60,2,형식적 언급,아니오,"안전 11건 [안전(5), MSDS(2), 보건(2), 위험(1), 유의 사항(1)], 조치 1건 [안전장치(1)]",resolved,text,421,419,61
반도체개발,LM1903060125_23v4_이종_접합_패키지_개발,73,1,미흡·없음,아니오,"안전 1건 [안전(1)], 구체적 조치 언급 없음",resolved,text,380,394,73
반도체개발,LM1903060126_23v4_어드밴스드_언더필_패키지_개발,15,1,미흡·없음,아니오,"안전 3건 [진동(2), 먼지(1)], 조치 3건 [방지(3)]",resolved,text,509,509,15;16
반도체개발,LM1903060126_23v4_어드밴스드_언더필_패키지_개발,16,1,미흡·없음,아니오,"안전 1건 [진동(1)], 조치 1건 [방지(1)]",resolved,text,637,621,16
반도체개발,LM1903060126_23v4_어드밴스드_언더필_패키지_개발,20,1,미흡·없음,아니오,"안전 2건 [안전(1), 유의 사항(1)], 조치 1건 [방지(1)]",resolved,text,511,509,20;57;71
반도체개발,LM1903060126_23v4_어드밴스드_언더필_패키지_개발,23,1,미흡·없음,아니오,"안전 1건 [진동(1)], 조치 3건 [방지(2), 차단(1)]",resolved,text,875,875,23
반도체개발,LM1903060126_23v4_어드밴스드_언더필_패키지_개발,29,1,미흡·없음,아니오,"안전 2건 [안전(1), 유의 사항(1)], 구체적 조치 언급 없음",resolved,text,610,612,29
반도체개발,LM1903060126_23v4_어드밴스드_언더필_패키지_개발,39,1,미흡·없음,아니오,"안전 2건 [안전(1), 유의 사항(1)], 구체적 조치 언급 없음",resolved,text,723,723,39
반도체개발,LM1903060126_23v4_어드밴스드_언더필_패키지_개발,40,1,미흡·없음,아니오,"안전 2건 [진동(2)], 조치 5건 [방지(5)]",resolved,text,932,934,40;41
반도체개발,LM1903060126_23v4_어드밴스드_언더필_패키지_개발,46,1,미흡·없음,아니오,"안전 2건 [안전(1), 유의 사항(1)], 조치 2건 [방지(2)]",resolved,text,544,546,46
반도체개발,LM1903060126_23v4_어드밴스드_언더필_패키지_개발,53,1,미흡·없음,아니오,"안전 1건 [부상(1)], 구체적 조치 언급 없음",resolved,text,852,836,53
반도체개발,LM1903060126_23v4_어드밴스드_언더필_패키지_개발,57,1,미흡·없음,아니오,"안전 1건 [부상(1)], 조치 1건 [방지(1)]",resolved,text,826,826,57
반도체개발,LM1903060126_23v4_어드밴스드_언더필_패키지_개발,79,1,미흡·없음,아니오,"안전 1건 [안전(1)], 조치 1건 [마스크(1)]",resolved,text,639,605,79
반도체개발,LM1903060126_23v4_어드밴스드_언더필_패키지_개발,91,1,미흡·없음,아니오,"안전 1건 [안전(1)], 구체적 조치 언급 없음",resolved,text,409,398,91
반도체개발,LM1903060127_23v4_반도체_환경_시험,15,1,미흡·없음,아니오,"안전 1건 [진동(1)], 구체적 조치 언급 없음",resolved,text,528,528,16
반도체개발,LM1903060127_23v4_반도체_환경_시험,24,2,형식적 언급,아니오,"안전 11건 [진동(11)], 구체적 조치 언급 없음",resolved,text,769,771,24;25
반도체개발,LM1903060127_23v4_반도체_환경_시험,25,1,미흡·없음,아니오,"안전 1건 [먼지(1)], 구체적 조치 언급 없음",resolved,text,659,652,26
반도체개발,LM1903060127_23v4_반도체_환경_시험,28,3,구체적 대책,아니오,"안전 11건 [안전(6), 주의(2), 위험(1), 사고(1), 보호구(1)], 조치 8건 [방지(3), 착용(3), 예방(1), 방독면(1)]",resolved,text,621,656,28
반도체개발,LM1903060127_23v4_반도체_환경_시험,29,1,미흡·없음,아니오,"안전 1건 [위험(1)], 조치 1건 [예방(1)]",resolved,text,793,795,30
반도체개발,LM1903060127_23v4_반도체_환경_시험,34,1,미흡·없음,아니오,"안전 4건 [진동(4)], 구체적 조치 언급 없음",resolved,text,429,429,34
반도체개발,LM1903060127_23v4_반도체_환경_시험,48,2,형식적 언급,아니오,"안전 7건 [진동(7)], 구체적 조치 언급 없음",resolved,text,274,317,49
반도체개발,LM1903060127_23v4_반도체_환경_시험,49,2,형식적 언급,아니오,"안전 10건 [진동(10)], 구체적 조치 언급 없음",resolved,text,346,357,49
반도체개발,LM1903060127_23v4_반도체_환경_시험,50,2,형식적 언급,아니오,"안전 10건 [진동(10)], 구체적 조치 언급 없음",resolved,text,290,301,50;51
반도체개발,LM1903060127_23v4_반도체_환경_시험,51,1,미흡·없음,아니오,"안전 4건 [진동(4)], 구체적 조치 언급 없음",resolved,text,405,422,51
반도체개발,LM1903060127_23v4_반도체_환경_시험,66,1,미흡·없음,아니오,"안전 5건 [먼지(5)], 구체적 조치 언급 없음",resolved,text,524,508,66;67
반도체개발,LM1903060127_23v4_반도체_환경_시험,67,1,미흡·없음,아니오,"안전 4건 [먼지(4)], 구체적 조치 언급 없음",resolved,text,292,294,67;68
반도체개발,LM1903060127_23v4_반도체_환경_시험,68,1,미흡·없음,아니오,"안전 2건 [안전(1), 진동(1)], 구체적 조치 언급 없음",resolved,text,736,738,68;69
반도체개발,LM1903060127_23v4_반도체_환경_시험,69,1,미흡·없음,아니오,"안전 2건 [안전(1), 진동(1)], 조치 1건 [방지(1)]",resolved,text,757,742,69
반도체개발,LM1903060127_23v4_반도체_환경_시험,71,1,미흡·없음,아니오,"안전 2건 [진동(2)], 구체적 조치 언급 없음",resolved,text,681,685,71;72
반도체개발,LM1903060127_23v4_반도체_환경_시험,75,1,미흡·없음,아니오,"안전 1건 [진동(1)], 구체적 조치 언급 없음",resolved,text,395,427,76
반도체개발,LM1903060127_23v4_반도체_환경_시험,76,2,형식적 언급,아니오,"안전 6건 [먼지(3), 누출(2), 진동(1)], 구체적 조치 언급 없음",resolved,text,759,680,76
반도체개발,LM1903060127_23v4_반도체_환경_시험,83,3,구체적 대책,아니오,"안전 10건 [안전(4), 주의(2), 위험(1), 유의 사항(1), 사고(1)], 조치 5건 [착용(2), 방지(1), 예방(1), 방독면(1)]",resolved,text,362,415,28;83
반도체개발,LM1903060127_23v4_반도체_환경_시험,84,1,미흡·없음,아니오,"안전 5건 [안전(3), 진동(2)], 조치 3건 [방지(2), 착용(1)]",resolved,text,622,636,84;85
반도체개발,LM1903060127_23v4_반도체_환경_시험,87,2,형식적 언급,아니오,"안전 7건 [진동(4), 먼지(3)], 구체적 조치 언급 없음",resolved,text,469,471,87;88
반도체개발,LM1903060127_23v4_반도체_환경_시험,88,1,미흡·없음,아니오,"안전 1건 [먼지(1)], 구체적 조치 언급 없음",resolved,text,587,571,88
반도체개발,LM1903060127_23v4_반도체_환경_시험,90,1,미흡·없음,아니오,"안전 1건 [방사선(1)], 구체적 조치 언급 없음",resolved,text,412,401,91
반도체개발,LM1903060127_23v4_반도체_환경_시험,91,1,미흡·없음,아니오,"안전 3건 [안전(2), 방사선(1)], 구체적 조치 언급 없음",resolved,text,539,504,91
반도체개발,LM1903060127_23v4_반도체_환경_시험,109,1,미흡·없음,아니오,"안전 2건 [진동(2)], 구체적 조치 언급 없음",resolved,text,537,528,109
반도체개발,LM1903060127_23v4_반도체_환경_시험,110,1,미흡·없음,아니오,"안전 1건 [안전(1)], 구체적 조치 언급 없음",resolved,text,404,392,110
반도체개발,LM1903060128_23v4_반도체_수명_시험,24,2,형식적 언급,아니오,"안전 9건 [안전(4), 위험(1), 주의(1), 유의 사항(1), 사고(1)], 조치 4건 [방지(2), 예방(1), 착용(1)]",resolved,text,344,382,25
반도체개발,LM1903060128_23v4_반도체_수명_시험,25,1,미흡·없음,아니오,"안전 3건 [안전(3)], 조치 4건 [방지(2), 예방(1), 착용(1)]",resolved,text,700,714,25
반도체개발,LM1903060128_23v4_반도체_수명_시험,27,1,미흡·없음,아니오,"안전 2건 [진동(1), 먼지(1)], 구체적 조치 언급 없음",resolved,text,535,523,28
반도체개발,LM1903060128_23v4_반도체_수명_시험,30,2,형식적 언급,아니오,"안전 7건 [위험(5), 진동(2)], 구체적 조치 언급 없음",resolved,text,800,802,30;31
반도체개발,LM1903060128_23v4_반도체_수명_시험,36,1,미흡·없음,아니오,"안전 1건 [진동(1)], 구체적 조치 언급 없음",resolved,text,557,559,37
반도체개발,LM1903060128_23v4_반도체_수명_시험,42,1,미흡·없음,아니오,"안전 1건 [진동(1)], 구체적 조치 언급 없음",resolved,text,622,628,42
반도체개발,LM1903060128_23v4_반도체_수명_시험,48,1,미흡·없음,아니오,"안전 1건 [위험(1)], 구체적 조치 언급 없음",resolved,text,543,553,49
반도체개발,LM1903060128_23v4_반도체_수명_시험,51,1,미흡·없음,아니오,"안전 5건 [진동(2), 방사선(2), 먼지(1)], 구체적 조치 언급 없음",resolved,text,964,906,52
반도체개발,LM1903060128_23v4_반도체_수명_시험,52,1,미흡·없음,아니오,"안전 1건 [방사선(1)], 조치 2건 [방지(1), 예방(1)]",resolved,text,1019,919,52
반도체개발,LM1903060128_23v4_반도체_수명_시험,55,1,미흡·없음,아니오,"안전 5건 [안전(3), 유의 사항(1), 보호구(1)], 조치 1건 [착용(1)]",resolved,text,412,414,56
반도체개발,LM1903060128_23v4_반도체_수명_시험,56,3,구체적 대책,아니오,"안전 12건 [안전(7), 사고(2), 위험(1), 주의(1), 보호구(1)], 조치 6건 [방지(3), 착용(2), 예방(1)]",resolved,text,682,684,56;57
반도체개발,LM1903060128_23v4_반도체_수명_시험,59,2,형식적 언급,아니오,"안전 16건 [위험(16)], 구체적 조치 언급 없음",resolved,text,787,812,59;60
반도체개발,LM1903060128_23v4_반도체_수명_시험,60,2,형식적 언급,아니오,"안전 7건 [위험(7)], 구체적 조치 언급 없음",resolved,text,725,732,60
반도체개발,LM1903060128_23v4_반도체_수명_시험,61,1,미흡·없음,아니오,"안전 5건 [진동(2), 방사선(2), 먼지(1)], 조치 1건 [차단(1)]",resolved,text,843,845,61
반도체개발,LM1903060128_23v4_반도체_수명_시험,74,1,미흡·없음,아니오,"안전 3건 [안전(1), 주의(1), 방사선(1)], 구체적 조치 언급 없음",resolved,text,674,657,74
반도체개발,LM1903060128_23v4_반도체_수명_시험,85,1,미흡·없음,아니오,"안전 1건 [진동(1)], 구체적 조치 언급 없음",resolved,text,751,753,85
반도체개발,LM1903060128_23v4_반도체_수명_시험,86,1,미흡·없음,아니오,"안전 2건 [진동(1), 먼지(1)], 구체적 조치 언급 없음",resolved,text,770,772,87
반도체개발,LM1903060128_23v4_반도체_수명_시험,87,1,미흡·없음,아니오,"안전 3건 [먼지(2), 진동(1)], 조치 1건 [방지(1)]",resolved,text,700,694,87
반도체개발,LM1903060128_23v4_반도체_수명_시험,90,1,미흡·없음,아니오,"안전 1건 [안전(1)], 구체적 조치 언급 없음",resolved,text,634,636,90
반도체개발,LM1903060128_23v4_반도체_수명_시험,100,1,미흡·없음,아니오,"안전 2건 [진동(2)], 구체적 조치 언급 없음",resolved,text,537,528,100
반도체개발,LM1903060128_23v4_반도체_수명_시험,101,1,미흡·없음,아니오,"안전 1건 [안전(1)], 구체적 조치 언급 없음",resolved,text,404,392,101
반도체개발,LM1903060129_23v4_반도체_내성_시험,15,1,미흡·없음,아니오,"안전 2건 [안전(2)], 구체적 조치 언급 없음",resolved,text,576,435,16
반도체개발,LM1903060129_23v4_반도체_내성_시험,17,1,미흡·없음,아니오,"안전 1건 [안전(1)], 구체적 조치 언급 없음",resolved,text,586,574,17
반도체개발,LM1903060129_23v4_반도체_내성_시험,19,1,미흡·없음,아니오,"안전 1건 [위험(1)], 구체적 조치 언급 없음",resolved,text,311,280,19
반도체개발,LM1903060129_23v4_반도체_내성_시험,24,1,미흡·없음,아니오,"안전 5건 [주의(2), 안전(1), 위험(1), 유의 사항(1)], 조치 2건 [방지(1), 착용(1)]",resolved,text,444,446,24;25;51
반도체개발,LM1903060129_23v4_반도체_내성_시험,26,1,미흡·없음,아니오,"안전 1건 [안전(1)], 구체적 조치 언급 없음",resolved,text,716,718,26
반도체개발,LM1903060129_23v4_반도체_내성_시험,33,1,미흡·없음,아니오,"안전 3건 [안전(2), 위험(1)], 조치 1건 [예방(1)]",resolved,text,643,634,34
반도체개발,LM1903060129_23v4_반도체_내성_시험,38,2,형식적 언급,아니오,"안전 6건 [안전(4), 위험(1), 먼지(1)], 조치 2건 [방지(1), 착용(1)]",resolved,text,458,447,38;39
반도체개발,LM1903060129_23v4_반도체_내성_시험,43,1,미흡·없음,아니오,"안전 1건 [안전(1)], 구체적 조치 언급 없음",resolved,text,698,730,44
반도체개발,LM1903060129_23v4_반도체_내성_시험,50,1,미흡·없음,아니오,"안전 5건 [안전(4), 유의 사항(1)], 구체적 조치 언급 없음",resolved,text,287,326,51
반도체개발,LM1903060129_23v4_반도체_내성_시험,53,1,미흡·없음,아니오,"안전 1건 [안전(1)], 구체적 조치 언급 없음",resolved,text,916,917,54
반도체개발,LM1903060129_23v4_반도체_내성_시험,67,1,미흡·없음,아니오,"안전 3건 [안전(3)], 구체적 조치 언급 없음",resolved,text,567,561,67
반도체개발,LM1903060129_23v4_반도체_내성_시험,73,1,미흡·없음,아니오,"안전 1건 [안전(1)], 구체적 조치 언급 없음",resolved,text,403,392,73
반도체개발,LM1903060130_23v5_커스텀_레이아웃_적용_공정_분석,18,1,미흡·없음,아니오,"안전 1건 [안전(1)], 구체적 조치 언급 없음",resolved,text,771,773,19
반도체개발,LM1903060130_23v5_커스텀_레이아웃_적용_공정_분석,26,1,미흡·없음,아니오,"안전 2건 [안전(1), 유의 사항(1)], 구체적 조치 언급 없음",resolved,text,718,726,26
반도체개발,LM1903060130_23v5_커스텀_레이아웃_적용_공정_분석,39,1,미흡·없음,아니오,"안전 3건 [방사선(3)], 구체적 조치 언급 없음",resolved,text,678,663,40
반도체개발,LM1903060130_23v5_커스텀_레이아웃_적용_공정_분석,41,1,미흡·없음,아니오,"안전 1건 [안전(1)], 구체적 조치 언급 없음",resolved,text,856,780,41
반도체개발,LM1903060130_23v5_커스텀_레이아웃_적용_공정_분석,44,1,미흡·없음,아니오,"안전 2건 [방사선(2)], 조치 1건 [환기(1)]",resolved,text,700,702,44
반도체개발,LM1903060130_23v5_커스텀_레이아웃_적용_공정_분석,46,1,미흡·없음,아니오,"안전 2건 [위험(2)], 구체적 조치 언급 없음",resolved,text,657,664,46
반도체개발,LM1903060130_23v5_커스텀_레이아웃_적용_공정_분석,47,1,미흡·없음,아니오,"안전 5건 [방사선(5)], 구체적 조치 언급 없음",resolved,text,650,652,47
반도체개발,LM1903060130_23v5_커스텀_레이아웃_적용_공정_분석,48,1,미흡·없음,아니오,"안전 1건 [방사선(1)], 구체적 조치 언급 없음",resolved,text,466,455,48
반도체개발,LM1903060130_23v5_커스텀_레이아웃_적용_공정_분석,52,1,미흡·없음,아니오,"안전 2건 [안전(1), 보건(1)], 조치 1건 [마스크(1)]",resolved,text,430,583,52
반도체개발,LM1903060130_23v5_커스텀_레이아웃_적용_공정_분석,54,1,미흡·없음,아니오,"안전 1건 [방사선(1)], 조치 1건 [마스크(1)]",resolved,text,846,848,54
반도체개발,LM1903060130_23v5_커스텀_레이아웃_적용_공정_분석,68,1,미흡·없음,아니오,"안전 2건 [안전(1), 유의 사항(1)], 구체적 조치 언급 없음",resolved,text,485,596,69
반도체개발,LM1903060130_23v5_커스텀_레이아웃_적용_공정_분석,79,1,미흡·없음,아니오,"안전 1건 [먼지(1)], 조치 1건 [방지(1)]",resolved,text,804,804,80
반도체개발,LM1903060130_23v5_커스텀_레이아웃_적용_공정_분석,81,1,미흡·없음,아니오,"안전 1건 [먼지(1)], 조치 1건 [차단(1)]",resolved,text,825,827,81
반도체개발,LM1903060130_23v5_커스텀_레이아웃_적용_공정_분석,92,1,미흡·없음,아니오,"안전 1건 [안전(1)], 구체적 조치 언급 없음",resolved,text,801,803,92
반도체개발,LM1903060130_23v5_커스텀_레이아웃_적용_공정_분석,127,1,미흡·없음,아니오,"안전 1건 [안전(1)], 구체적 조치 언급 없음",resolved,text,408,396,127
반도체개발,LM1903060131_23v5_커스텀_레이아웃_설계,22,1,미흡·없음,아니오,"안전 2건 [안전(1), 유의 사항(1)], 구체적 조치 언급 없음",resolved,text,572,564,71;117
반도체개발,LM1903060131_23v5_커스텀_레이아웃_설계,23,1,미흡·없음,아니오,"안전 0건 [], 구체적 조치 언급 없음",resolved,text,671,683,22
반도체개발,LM1903060131_23v5_커스텀_레이아웃_설계,40,1,미흡·없음,아니오,"안전 1건 [진동(1)], 구체적 조치 언급 없음",resolved,text,679,692,40
반도체개발,LM1903060131_23v5_커스텀_레이아웃_설계,71,1,미흡·없음,아니오,"안전 2건 [안전(1), 유의 사항(1)], 구체적 조치 언급 없음",resolved,text,580,593,136
반도체개발,LM1903060131_23v5_커스텀_레이아웃_설계,103,1,미흡·없음,아니오,"안전 2건 [안전(1), 주의(1)], 구체적 조치 언급 없음",resolved,text,734,736,104
반도체개발,LM1903060131_23v5_커스텀_레이아웃_설계,104,1,미흡·없음,아니오,"안전 2건 [안전(2)], 구체적 조치 언급 없음",resolved,text,745,747,104
반도체개발,LM1903060131_23v5_커스텀_레이아웃_설계,147,1,미흡·없음,아니오,"안전 3건 [소음(3)], 구체적 조치 언급 없음",resolved,text,802,805,148
반도체개발,LM1903060131_23v5_커스텀_레이아웃_설계,148,1,미흡·없음,아니오,"안전 1건 [안전(1)], 조치 1건 [방지(1)]",resolved,text,723,704,148;149
반도체개발,LM1903060131_23v5_커스텀_레이아웃_설계,162,1,미흡·없음,아니오,"안전 1건 [안전(1)], 구체적 조치 언급 없음",resolved,text,404,392,162
반도체개발,LM1903060132_23v5_커스텀_레이아웃_검증,30,1,미흡·없음,아니오,"안전 2건 [안전(1), 유의 사항(1)], 구체적 조치 언급 없음",resolved,text,455,477,30
반도체개발,LM1903060132_23v5_커스텀_레이아웃_검증,43,1,미흡·없음,아니오,"안전 2건 [위험(2)], 구체적 조치 언급 없음",resolved,text,822,829,43;44
반도체개발,LM1903060132_23v5_커스텀_레이아웃_검증,72,1,미흡·없음,아니오,"안전 2건 [안전(1), 유의 사항(1)], 구체적 조치 언급 없음",resolved,text,247,281,73
반도체개발,LM1903060132_23v5_커스텀_레이아웃_검증,100,1,미흡·없음,아니오,"안전 0건 [], 구체적 조치 언급 없음",resolved,text,424,507,99
반도체개발,LM1903060132_23v5_커스텀_레이아웃_검증,124,1,미흡·없음,아니오,"안전 1건 [안전(1)], 구체적 조치 언급 없음",resolved,text,404,392,124
반도체제조,LM1903060201_14v3_Photo_장비운영,19,1,미흡·없음,아니오,"안전 1건 [진동(1)], 조치 4건 [방지(3), 차단(1)]",resolved,text,859,770,20
반도체제조,LM1903060201_14v3_Photo_장비운영,20,2,형식적 언급,아니오,"안전 9건 [안전(4), 유의 사항(1), 사고(1), 유해(1), 진동(1)], 조치 1건 [차단(1)]",resolved,text,637,716,20;21
반도체제조,LM1903060201_14v3_Photo_장비운영,25,1,미흡·없음,아니오,"안전 1건 [진동(1)], 구체적 조치 언급 없음",resolved,text,523,462,25
반도체제조,LM1903060201_14v3_Photo_장비운영,26,2,형식적 언급,아니오,"안전 8건 [안전(2), 위험(2), 주의(2), 유의 사항(1), 유해(1)], 구체적 조치 언급 없음",resolved,text,562,620,26
반도체제조,LM1903060201_14v3_Photo_장비운영,27,1,미흡·없음,아니오,"안전 2건 [안전(1), 사고(1)], 조치 2건 [방지(1), 마스크(1)]",resolved,text,701,704,27
반도체제조,LM1903060201_14v3_Photo_장비운영,35,1,미흡·없음,아니오,"안전 1건 [먼지(1)], 조치 1건 [방지(1)]",resolved,text,873,876,35
반도체제조,LM1903060201_14v3_Photo_장비운영,37,2,형식적 언급,아니오,"안전 11건 [안전(4), 위험(2), 주의(2), 사고(2), 유의 사항(1)], 조치 2건 [방지(1), 안전관리(1)]",resolved,text,586,608,37;38;65
반도체제조,LM1903060201_14v3_Photo_장비운영,45,1,미흡·없음,아니오,"안전 1건 [먼지(1)], 조치 1건 [방지(1)]",resolved,text,1002,1004,52
반도체제조,LM1903060201_14v3_Photo_장비운영,49,2,형식적 언급,아니오,"안전 7건 [안전(3), 유의 사항(1), 사고(1), 유해(1), 감전(1)], 조치 2건 [방지(1), 차단(1)]",resolved,text,663,747,52
반도체제조,LM1903060201_14v3_Photo_장비운영,54,1,미흡·없음,아니오,"안전 5건 [위험(3), 안전(1), 유의 사항(1)], 구체적 조치 언급 없음",resolved,text,711,704,55
반도체제조,LM1903060201_14v3_Photo_장비운영,55,2,형식적 언급,아니오,"안전 6건 [안전(3), 사고(2), 주의(1)], 조치 3건 [방지(2), 안전관리(1)]",resolved,text,748,751,38;55
반도체제조,LM1903060201_14v3_Photo_장비운영,65,1,미흡·없음,아니오,"안전 4건 [안전(2), 유의 사항(1), 보호구(1)], 조치 2건 [방지(1), 착용(1)]",resolved,text,681,708,66
반도체제조,LM1903060202_14v3_Etch_장비_운영,16,1,미흡·없음,아니오,"안전 2건 [안전(2)], 구체적 조치 언급 없음",resolved,text,744,727,16
반도체제조,LM1903060202_14v3_Etch_장비_운영,17,1,미흡·없음,아니오,"안전 4건 [위험(2), 안전(1), 감전(1)], 구체적 조치 언급 없음",resolved,text,702,678,17
반도체제조,LM1903060202_14v3_Etch_장비_운영,18,2,형식적 언급,아니오,"안전 14건 [안전(7), 위험(2), 주의(2), 사고(2), 유의 사항(1)], 조치 1건 [안전관리(1)]",resolved,text,566,587,18;19
반도체제조,LM1903060202_14v3_Etch_장비_운영,20,1,미흡·없음,아니오,"안전 4건 [주의(3), 분진(1)], 구체적 조치 언급 없음",resolved,text,787,764,21
반도체제조,LM1903060202_14v3_Etch_장비_운영,21,1,미흡·없음,아니오,"안전 3건 [위험(1), 주의(1), 폭발(1)], 구체적 조치 언급 없음",resolved,text,557,540,21
반도체제조,LM1903060202_14v3_Etch_장비_운영,22,3,구체적 대책,아니오,"안전 7건 [주의(4), 사고(2), 위험(1)], 조치 5건 [차단(5)]",resolved,text,728,735,23
반도체제조,LM1903060202_14v3_Etch_장비_운영,25,1,미흡·없음,아니오,"안전 1건 [안전(1)], 구체적 조치 언급 없음",resolved,text,211,218,25
반도체제조,LM1903060202_14v3_Etch_장비_운영,26,1,미흡·없음,아니오,"안전 2건 [안전(1), 사고(1)], 구체적 조치 언급 없음",resolved,text,878,881,27
반도체제조,LM1903060202_14v3_Etch_장비_운영,28,1,미흡·없음,아니오,"안전 1건 [부상(1)], 구체적 조치 언급 없음",resolved,text,704,946,28
반도체제조,LM1903060202_14v3_Etch_장비_운영,30,2,형식적 언급,아니오,"안전 7건 [안전(4), 위험(2), 유의 사항(1)], 구체적 조치 언급 없음",resolved,text,589,613,30;31
반도체제조,LM1903060202_14v3_Etch_장비_운영,33,1,미흡·없음,아니오,"안전 3건 [안전(3)], 구체적 조치 언급 없음",resolved,text,916,919,34
반도체제조,LM1903060202_14v3_Etch_장비_운영,36,2,형식적 언급,아니오,"안전 8건 [안전(4), 위험(2), 유의 사항(1), 보호구(1)], 구체적 조치 언급 없음",resolved,text,557,575,37
반도체제조,LM1903060202_14v3_Etch_장비_운영,37,2,형식적 언급,아니오,"안전 7건 [주의(4), 안전(2), 위험(1)], 구체적 조치 언급 없음",resolved,text,632,635,37
반도체제조,LM1903060202_14v3_Etch_장비_운영,40,1,미흡·없음,아니오,"안전 2건 [안전(1), 사고(1)], 구체적 조치 언급 없음",resolved,text,559,694,40
반도체제조,LM1903060202_14v3_Etch_장비_운영,51,1,미흡·없음,아니오,"안전 5건 [안전(2), 주의(1), 유의 사항(1), 보호구(1)], 조치 1건 [착용(1)]",resolved,text,519,522,51
반도체제조,LM1903060202_14v3_Etch_장비_운영,52,1,미흡·없음,아니오,"안전 0건 [], 구체적 조치 언급 없음",resolved,text,827,558,51
반도체제조,LM1903060202_14v3_Etch_장비_운영,55,1,미흡·없음,아니오,"안전 1건 [부상(1)], 조치 1건 [방지(1)]",resolved,text,922,985,55
반도체제조,LM1903060202_14v3_Etch_장비_운영,56,1,미흡·없음,아니오,"안전 2건 [폭발(1), 부상(1)], 구체적 조치 언급 없음",resolved,text,933,935,57
반도체제조,LM1903060202_14v3_Etch_장비_운영,59,2,형식적 언급,아니오,"안전 14건 [안전(7), 위험(2), 주의(2), 사고(2), 유의 사항(1)], 조치 1건 [안전관리(1)]",resolved,text,549,573,19;59;60
반도체제조,LM1903060202_14v3_Etch_장비_운영,60,1,미흡·없음,아니오,"안전 2건 [주의(1), 소음(1)], 구체적 조치 언급 없음",resolved,text,583,586,61
반도체제조,LM1903060202_14v3_Etch_장비_운영,61,1,미흡·없음,아니오,"안전 3건 [소음(3)], 구체적 조치 언급 없음",resolved,text,809,573,61
반도체제조,LM1903060202_14v3_Etch_장비_운영,63,1,미흡·없음,아니오,"안전 1건 [안전(1)], 조치 1건 [예방(1)]",resolved,text,678,648,63
반도체제조,LM1903060202_14v3_Etch_장비_운영,66,2,형식적 언급,아니오,"안전 12건 [안전(4), 주의(3), 위험(2), 사고(2), 유의 사항(1)], 구체적 조치 언급 없음",resolved,text,548,566,60;66;67
반도체제조,LM1903060202_14v3_Etch_장비_운영,67,1,미흡·없음,아니오,"안전 2건 [안전(1), 주의(1)], 조치 1건 [안전관리(1)]",resolved,text,498,502,60
반도체제조,LM1903060202_14v3_Etch_장비_운영,72,1,미흡·없음,아니오,"안전 3건 [안전(3)], 조치 2건 [차단(2)]",resolved,text,715,733,73
반도체제조,LM1903060202_14v3_Etch_장비_운영,73,1,미흡·없음,아니오,"안전 3건 [주의(2), 누출(1)], 조치 1건 [차단(1)]",resolved,text,758,761,73
반도체제조,LM1903060202_14v3_Etch_장비_운영,75,2,형식적 언급,아니오,"안전 16건 [안전(7), 주의(4), 위험(2), 사고(2), 유의 사항(1)], 조치 1건 [안전관리(1)]",resolved,text,1051,581,67;75;76
반도체제조,LM1903060202_14v3_Etch_장비_운영,81,2,형식적 언급,아니오,"안전 10건 [유해(6), 안전(3), 유의 사항(1)], 구체적 조치 언급 없음",resolved,text,557,559,82
반도체제조,LM1903060202_14v3_Etch_장비_운영,82,2,형식적 언급,아니오,"안전 10건 [안전(4), 위험(2), 주의(2), 사고(2)], 조치 1건 [안전관리(1)]",resolved,text,656,659,76;82
반도체제조,LM1903060202_14v3_Etch_장비_운영,84,1,미흡·없음,아니오,"안전 2건 [안전(1), MSDS(1)], 구체적 조치 언급 없음",resolved,text,563,551,85
반도체제조,LM1903060202_14v3_Etch_장비_운영,94,2,형식적 언급,아니오,"안전 12건 [안전(6), 위험(2), 사고(2), 주의(1), 유의 사항(1)], 구체적 조치 언급 없음",resolved,text,601,603,82;94;95
반도체제조,LM1903060202_14v3_Etch_장비_운영,95,1,미흡·없음,아니오,"안전 3건 [안전(1), 주의(1), 소음(1)], 조치 1건 [안전관리(1)]",resolved,text,627,579,76;82;95;96
반도체제조,LM1903060202_14v3_Etch_장비_운영,102,1,미흡·없음,아니오,"안전 1건 [안전(1)], 구체적 조치 언급 없음",resolved,text,397,393,103
반도체제조,LM1903060203_14v3_박막확산_장비운영,16,1,미흡·없음,아니오,"안전 5건 [위험(2), 주의(1), 유해(1), 폭발(1)], 구체적 조치 언급 없음",resolved,text,987,623,17
반도체제조,LM1903060203_14v3_박막확산_장비운영,19,1,미흡·없음,아니오,"안전 4건 [안전(2), 유의 사항(1), MSDS(1)], 조치 2건 [차단(2)]",resolved,text,761,762,20
반도체제조,LM1903060203_14v3_박막확산_장비운영,20,1,미흡·없음,아니오,"안전 1건 [주의(1)], 조치 1건 [방지(1)]",resolved,text,743,746,20
반도체제조,LM1903060203_14v3_박막확산_장비운영,23,1,미흡·없음,아니오,"안전 1건 [화재(1)], 구체적 조치 언급 없음",resolved,text,999,979,23
반도체제조,LM1903060203_14v3_박막확산_장비운영,24,1,미흡·없음,아니오,"안전 4건 [주의(3), 진동(1)], 구체적 조치 언급 없음",resolved,text,754,757,24
반도체제조,LM1903060203_14v3_박막확산_장비운영,25,2,형식적 언급,아니오,"안전 12건 [주의(6), 안전(1), 위험(1), 폭발(1), 화재(1)], 조치 1건 [방지(1)]",resolved,text,888,898,25;26
반도체제조,LM1903060203_14v3_박막확산_장비운영,26,2,형식적 언급,아니오,"안전 7건 [주의(3), 안전(1), 위험(1), 사고(1), 감전(1)], 구체적 조치 언급 없음",resolved,text,689,665,27
반도체제조,LM1903060203_14v3_박막확산_장비운영,27,1,미흡·없음,아니오,"안전 3건 [안전(1), 주의(1), 유의 사항(1)], 구체적 조치 언급 없음",resolved,text,671,697,27
반도체제조,LM1903060203_14v3_박막확산_장비운영,37,1,미흡·없음,아니오,"안전 2건 [안전(1), 유의 사항(1)], 조치 1건 [마스크(1)]",resolved,text,310,313,38
반도체제조,LM1903060203_14v3_박막확산_장비운영,39,1,미흡·없음,아니오,"안전 2건 [안전(1), 소음(1)], 조치 2건 [차단(2)]",resolved,text,1651,608,39;40
반도체제조,LM1903060203_14v3_박막확산_장비운영,43,1,미흡·없음,아니오,"안전 2건 [안전(1), 유의 사항(1)], 조치 2건 [방지(1), 차단(1)]",resolved,text,419,427,43
반도체제조,LM1903060203_14v3_박막확산_장비운영,44,1,미흡·없음,아니오,"안전 1건 [안전(1)], 조치 3건 [차단(3)]",resolved,text,428,432,45
반도체제조,LM1903060203_14v3_박막확산_장비운영,56,2,형식적 언급,아니오,"안전 7건 [안전(2), 주의(2), 위험(1), 유의 사항(1), MSDS(1)], 조치 1건 [방지(1)]",resolved,text,1523,752,56;57
반도체제조,LM1903060203_14v3_박막확산_장비운영,59,1,미흡·없음,아니오,"안전 3건 [안전(1), 주의(1), 유의 사항(1)], 구체적 조치 언급 없음",resolved,text,1392,457,60
반도체제조,LM1903060203_14v3_박막확산_장비운영,69,1,미흡·없음,아니오,"안전 2건 [안전(1), 유의 사항(1)], 구체적 조치 언급 없음",resolved,text,472,502,69
반도체제조,LM1903060203_14v3_박막확산_장비운영,70,1,미흡·없음,아니오,"안전 2건 [위험(1), 감전(1)], 조치 3건 [차단(2), 방지(1)]",resolved,text,1199,742,71
반도체제조,LM1903060203_14v3_박막확산_장비운영,73,2,형식적 언급,아니오,"안전 6건 [위험(3), 안전(1), 주의(1), 유의 사항(1)], 구체적 조치 언급 없음",resolved,text,558,582,74
반도체제조,LM1903060203_14v3_박막확산_장비운영,74,1,미흡·없음,아니오,"안전 0건 [], 구체적 조치 언급 없음",resolved,text,598,580,74
반도체제조,LM1903060203_14v3_박막확산_장비운영,88,1,미흡·없음,아니오,"안전 3건 [주의(3)], 조치 1건 [방지(1)]",resolved,text,1169,953,88
반도체제조,LM1903060203_14v3_박막확산_장비운영,91,1,미흡·없음,아니오,"안전 3건 [안전(2), 유의 사항(1)], 구체적 조치 언급 없음",resolved,text,827,853,91
반도체제조,LM1903060203_14v3_박막확산_장비운영,92,1,미흡·없음,아니오,"안전 1건 [주의(1)], 구체적 조치 언급 없음",resolved,text,946,948,91
반도체제조,LM1903060203_14v3_박막확산_장비운영,101,2,형식적 언급,아니오,"안전 7건 [안전(2), 감전(2), 위험(1), 유의 사항(1), 사고(1)], 조치 1건 [차단(1)]",resolved,text,551,535,101
반도체제조,LM1903060203_14v3_박막확산_장비운영,107,1,미흡·없음,아니오,"안전 1건 [위험(1)], 구체적 조치 언급 없음",resolved,text,715,735,107
반도체제조,LM1903060204_14v3_C_C_장비_운영,12,1,미흡·없음,아니오,"안전 1건 [안전(1)], 조치 1건 [예방(1)]",resolved,text,335,120,67
반도체제조,LM1903060204_14v3_C_C_장비_운영,17,1,미흡·없음,아니오,"안전 4건 [안전(2), 진동(1), 화재(1)], 조치 1건 [안전관리(1)]",resolved,text,748,733,67
반도체제조,LM1903060204_14v3_C_C_장비_운영,18,1,미흡·없음,아니오,"안전 4건 [안전(1), 유의 사항(1), 사고(1), 화재(1)], 조치 3건 [방지(2), 차단(1)]",resolved,text,518,515,67
반도체제조,LM1903060204_14v3_C_C_장비_운영,19,1,미흡·없음,아니오,"안전 2건 [위험(1), 주의(1)], 조치 1건 [방지(1)]",resolved,text,485,397,67
반도체제조,LM1903060204_14v3_C_C_장비_운영,20,2,형식적 언급,아니오,"안전 9건 [안전(6), 위험(1), 사고(1), 진동(1)], 조치 2건 [방지(1), 안전관리(1)]",resolved,text,2194,890,67;77
반도체제조,LM1903060204_14v3_C_C_장비_운영,23,2,형식적 언급,아니오,"안전 13건 [안전(4), 사고(2), 화재(2), 주의(1), 유의 사항(1)], 조치 2건 [예방(1), 차단(1)]",resolved,text,8543,529,67
반도체제조,LM1903060204_14v3_C_C_장비_운영,28,1,미흡·없음,아니오,"안전 4건 [안전(1), 주의(1), 유의 사항(1), 누출(1)], 구체적 조치 언급 없음",resolved,text,488,749,67
반도체제조,LM1903060204_14v3_C_C_장비_운영,38,2,형식적 언급,아니오,"안전 6건 [안전(4), 유의 사항(1), MSDS(1)], 구체적 조치 언급 없음",resolved,text,1917,672,67
반도체제조,LM1903060204_14v3_C_C_장비_운영,43,1,미흡·없음,아니오,"안전 3건 [안전(2), 위험(1)], 조치 4건 [예방(4)]",resolved,text,725,700,67
반도체제조,LM1903060204_14v3_C_C_장비_운영,44,1,미흡·없음,아니오,"안전 5건 [안전(2), 주의(1), 유의 사항(1), 사고(1)], 조치 2건 [예방(2)]",resolved,text,538,541,67
반도체제조,LM1903060204_14v3_C_C_장비_운영,45,1,미흡·없음,아니오,"안전 2건 [안전(1), 주의(1)], 조치 3건 [예방(1), 차단(1), 안전관리(1)]",resolved,text,1258,876,67
반도체제조,LM1903060204_14v3_C_C_장비_운영,46,1,미흡·없음,아니오,"안전 2건 [안전(1), 주의(1)], 조치 1건 [안전관리(1)]",resolved,text,442,829,67
반도체제조,LM1903060204_14v3_C_C_장비_운영,49,1,미흡·없음,아니오,"안전 1건 [소음(1)], 조치 2건 [예방(2)]",resolved,text,617,535,67
반도체제조,LM1903060204_14v3_C_C_장비_운영,52,1,미흡·없음,아니오,"안전 5건 [안전(2), 사고(2), 유의 사항(1)], 조치 2건 [방지(1), 차단(1)]",resolved,text,632,664,67
반도체제조,LM1903060204_14v3_C_C_장비_운영,54,1,미흡·없음,아니오,"안전 3건 [안전(1), 사고(1), 누출(1)], 조치 1건 [차단(1)]",resolved,text,212,214,67
반도체제조,LM1903060204_14v3_C_C_장비_운영,55,1,미흡·없음,아니오,"안전 4건 [진동(2), 폭발(1), 인화(1)], 조치 1건 [방지(1)]",resolved,text,658,661,67
반도체제조,LM1903060204_14v3_C_C_장비_운영,56,1,미흡·없음,아니오,"안전 2건 [안전(1), 유의 사항(1)], 조치 1건 [방지(1)]",resolved,text,660,663,67
반도체제조,LM1903060204_14v3_C_C_장비_운영,59,2,형식적 언급,아니오,"안전 7건 [진동(7)], 구체적 조치 언급 없음",resolved,text,550,552,67
반도체제조,LM1903060204_14v3_C_C_장비_운영,60,1,미흡·없음,아니오,"안전 1건 [안전(1)], 조치 1건 [예방(1)]",resolved,text,579,577,67
반도체제조,LM1903060204_14v3_C_C_장비_운영,61,1,미흡·없음,아니오,"안전 3건 [안전(1), 주의(1), 유의 사항(1)], 조치 1건 [착용(1)]",resolved,text,566,600,67
반도체제조,LM1903060204_14v3_C_C_장비_운영,63,1,미흡·없음,아니오,"안전 2건 [안전(2)], 조치 3건 [예방(3)]",resolved,text,588,595,67
반도체제조,LM1903060204_14v3_C_C_장비_운영,70,1,미흡·없음,아니오,"안전 1건 [진동(1)], 조치 1건 [방지(1)]",resolved,text,711,696,71
반도체제조,LM1903060204_14v3_C_C_장비_운영,74,1,미흡·없음,아니오,"안전 1건 [위험(1)], 구체적 조치 언급 없음",resolved,text,1026,1233,74
반도체제조,LM1903060204_14v3_C_C_장비_운영,75,1,미흡·없음,아니오,"안전 3건 [안전(1), 유의 사항(1), 사고(1)], 조치 3건 [방지(2), 차단(1)]",resolved,text,582,607,75
반도체제조,LM1903060204_14v3_C_C_장비_운영,76,2,형식적 언급,아니오,"안전 10건 [안전(4), 진동(4), 위험(1), 사고(1)], 조치 3건 [방지(3)]",resolved,text,875,877,76;77
반도체제조,LM1903060204_14v3_C_C_장비_운영,77,1,미흡·없음,아니오,"안전 3건 [안전(2), 위험(1)], 구체적 조치 언급 없음",resolved,text,570,559,77;78
반도체제조,LM1903060204_14v3_C_C_장비_운영,81,1,미흡·없음,아니오,"안전 1건 [위험(1)], 조치 2건 [방지(2)]",resolved,text,1095,1092,82
반도체제조,LM1903060204_14v3_C_C_장비_운영,82,2,형식적 언급,아니오,"안전 9건 [안전(3), 사고(2), 주의(1), 유의 사항(1), 누출(1)], 조치 2건 [방지(1), 차단(1)]",resolved,text,805,830,67;83
반도체제조,LM1903060204_14v3_C_C_장비_운영,91,2,형식적 언급,아니오,"안전 6건 [안전(2), 주의(1), 유의 사항(1), 사고(1), 누출(1)], 조치 1건 [방지(1)]",resolved,text,772,638,92
반도체제조,LM1903060204_14v3_C_C_장비_운영,96,2,형식적 언급,아니오,"안전 7건 [안전(3), 사고(2), 유의 사항(1), MSDS(1)], 조치 2건 [방지(1), 차단(1)]",resolved,text,754,582,67;97
반도체제조,LM1903060204_14v3_C_C_장비_운영,99,1,미흡·없음,아니오,"안전 2건 [안전(2)], 구체적 조치 언급 없음",resolved,text,636,643,99
반도체제조,LM1903060204_14v3_C_C_장비_운영,102,1,미흡·없음,아니오,"안전 3건 [안전(2), 위험(1)], 조치 3건 [예방(3)]",resolved,text,730,724,102;103
반도체제조,LM1903060204_14v3_C_C_장비_운영,104,1,미흡·없음,아니오,"안전 5건 [안전(4), 유의 사항(1)], 조치 6건 [예방(5), 방지(1)]",resolved,text,894,698,104;105
반도체제조,LM1903060204_14v3_C_C_장비_운영,109,1,미흡·없음,아니오,"안전 2건 [안전(1), 유의 사항(1)], 구체적 조치 언급 없음",resolved,text,700,727,109
반도체제조,LM1903060204_14v3_C_C_장비_운영,110,1,미흡·없음,아니오,"안전 3건 [안전(1), 사고(1), 누출(1)], 조치 2건 [방지(1), 차단(1)]",resolved,text,1211,819,111
반도체제조,LM1903060204_14v3_C_C_장비_운영,114,1,미흡·없음,아니오,"안전 3건 [안전(2), 위험(1)], 구체적 조치 언급 없음",resolved,text,609,729,114
반도체제조,LM1903060204_14v3_C_C_장비_운영,116,1,미흡·없음,아니오,"안전 1건 [안전(1)], 조치 1건 [예방(1)]",resolved,text,548,547,117
반도체제조,LM1903060204_14v3_C_C_장비_운영,117,1,미흡·없음,아니오,"안전 4건 [안전(2), 위험(1), 유의 사항(1)], 조치 1건 [차단(1)]",resolved,text,1329,535,118
반도체제조,LM1903060204_14v3_C_C_장비_운영,119,1,미흡·없음,아니오,"안전 2건 [안전(2)], 조치 3건 [예방(3)]",resolved,text,549,557,119;120
반도체제조,LM1903060205_14v3_MI_장비_운영,17,1,미흡·없음,아니오,"안전 3건 [진동(3)], 구체적 조치 언급 없음",resolved,text,704,513,40
반도체제조,LM1903060205_14v3_MI_장비_운영,19,1,미흡·없음,아니오,"안전 2건 [안전(1), 유의 사항(1)], 구체적 조치 언급 없음",resolved,text,473,475,40
반도체제조,LM1903060205_14v3_MI_장비_운영,24,1,미흡·없음,아니오,"안전 1건 [진동(1)], 조치 1건 [차단(1)]",resolved,text,968,970,40
반도체제조,LM1903060205_14v3_MI_장비_운영,25,1,미흡·없음,아니오,"안전 1건 [안전(1)], 조치 1건 [차단(1)]",resolved,text,1056,1032,40
반도체제조,LM1903060205_14v3_MI_장비_운영,29,1,미흡·없음,아니오,"안전 5건 [안전(3), 유의 사항(1), 사고(1)], 조치 1건 [마스크(1)]",resolved,text,497,521,40
반도체제조,LM1903060205_14v3_MI_장비_운영,32,1,미흡·없음,아니오,"안전 2건 [안전(1), 사고(1)], 구체적 조치 언급 없음",resolved,text,1755,749,41
반도체제조,LM1903060205_14v3_MI_장비_운영,33,1,미흡·없음,아니오,"안전 1건 [위험(1)], 구체적 조치 언급 없음",resolved,text,217,201,41
반도체제조,LM1903060205_14v3_MI_장비_운영,36,1,미흡·없음,아니오,"안전 1건 [진동(1)], 구체적 조치 언급 없음",resolved,text,444,433,41
반도체제조,LM1903060205_14v3_MI_장비_운영,40,1,미흡·없음,아니오,"안전 4건 [진동(4)], 구체적 조치 언급 없음",resolved,text,610,657,41
반도체제조,LM1903060205_14v3_MI_장비_운영,41,1,미흡·없음,아니오,"안전 2건 [진동(2)], 구체적 조치 언급 없음",resolved,text,604,580,42
반도체제조,LM1903060205_14v3_MI_장비_운영,42,1,미흡·없음,아니오,"안전 1건 [먼지(1)], 구체적 조치 언급 없음",resolved,text,1215,789,42
반도체제조,LM1903060205_14v3_MI_장비_운영,45,1,미흡·없음,아니오,"안전 2건 [안전(1), 유의 사항(1)], 구체적 조치 언급 없음",resolved,text,424,427,45
반도체제조,LM1903060205_14v3_MI_장비_운영,51,2,형식적 언급,아니오,"안전 9건 [안전(3), 사고(3), 주의(1), 유의 사항(1), 감전(1)], 조치 2건 [마스크(1), 안전수칙(1)]",resolved,text,2128,562,51;52
반도체제조,LM1903060205_14v3_MI_장비_운영,67,1,미흡·없음,아니오,"안전 2건 [안전(1), 유의 사항(1)], 조치 15건 [예방(14), 마스크(1)]",resolved,text,465,437,67
반도체제조,LM1903060205_14v3_MI_장비_운영,71,1,미흡·없음,아니오,"안전 1건 [방사선(1)], 조치 2건 [예방(2)]",resolved,text,665,667,72
반도체제조,LM1903060205_14v3_MI_장비_운영,75,1,미흡·없음,아니오,"안전 1건 [소음(1)], 구체적 조치 언급 없음",resolved,text,338,322,75
반도체제조,LM1903060205_14v3_MI_장비_운영,76,1,미흡·없음,아니오,"안전 2건 [안전(1), 위험(1)], 조치 1건 [안전장치(1)]",resolved,text,600,603,76
반도체제조,LM1903060205_14v3_MI_장비_운영,77,1,미흡·없음,아니오,"안전 2건 [안전(2)], 조치 2건 [차단(2)]",resolved,text,665,644,78
반도체제조,LM1903060205_14v3_MI_장비_운영,79,1,미흡·없음,아니오,"안전 5건 [안전(3), 위험(1), 소음(1)], 조치 3건 [착용(1), 안전장치(1), 안전화(1)]",resolved,text,688,692,79
반도체제조,LM1903060209_14v3_반도체_품질관리,17,1,미흡·없음,아니오,"안전 1건 [방사선(1)], 구체적 조치 언급 없음",resolved,text,1072,1074,17
반도체제조,LM1903060209_14v3_반도체_품질관리,18,1,미흡·없음,아니오,"안전 1건 [소음(1)], 조치 2건 [마스크(2)]",resolved,text,706,689,19
반도체제조,LM1903060209_14v3_반도체_품질관리,19,1,미흡·없음,아니오,"안전 1건 [소음(1)], 구체적 조치 언급 없음",resolved,text,299,770,19
반도체제조,LM1903060209_14v3_반도체_품질관리,20,1,미흡·없음,아니오,"안전 1건 [소음(1)], 구체적 조치 언급 없음",resolved,text,1235,766,20
반도체제조,LM1903060209_14v3_반도체_품질관리,27,2,형식적 언급,아니오,"안전 7건 [유해(3), 안전(2), 보건(2)], 조치 1건 [예방(1)]",resolved,text,1000,1003,27
반도체제조,LM1903060209_14v3_반도체_품질관리,28,1,미흡·없음,아니오,"안전 3건 [안전(1), 위험(1), 화학물질(1)], 구체적 조치 언급 없음",resolved,text,458,460,28;29
반도체제조,LM1903060209_14v3_반도체_품질관리,30,1,미흡·없음,아니오,"안전 2건 [안전(1), 유의 사항(1)], 구체적 조치 언급 없음",resolved,text,461,464,31
반도체제조,LM1903060209_14v3_반도체_품질관리,34,1,미흡·없음,아니오,"안전 4건 [유해(3), 안전(1)], 조치 1건 [예방(1)]",resolved,text,445,373,35
반도체제조,LM1903060209_14v3_반도체_품질관리,35,1,미흡·없음,아니오,"안전 4건 [유해(4)], 조치 2건 [예방(2)]",resolved,text,470,460,52
반도체제조,LM1903060209_14v3_반도체_품질관리,39,1,미흡·없음,아니오,"안전 4건 [위험(2), 주의(1), 사고(1)], 구체적 조치 언급 없음",resolved,text,1051,1054,39
반도체제조,LM1903060209_14v3_반도체_품질관리,44,1,미흡·없음,아니오,"안전 2건 [안전(1), 유의 사항(1)], 구체적 조치 언급 없음",resolved,text,734,363,44
반도체제조,LM1903060209_14v3_반도체_품질관리,47,1,미흡·없음,아니오,"안전 2건 [안전(1), 사고(1)], 구체적 조치 언급 없음",resolved,text,1129,677,48
반도체제조,LM1903060209_14v3_반도체_품질관리,51,1,미흡·없음,아니오,"안전 2건 [안전(1), 유해(1)], 구체적 조치 언급 없음",resolved,text,463,453,52
반도체제조,LM1903060209_14v3_반도체_품질관리,53,1,미흡·없음,아니오,"안전 1건 [인화(1)], 조치 1건 [마스크(1)]",resolved,text,448,748,54
반도체제조,LM1903060209_14v3_반도체_품질관리,58,1,미흡·없음,아니오,"안전 1건 [위험(1)], 구체적 조치 언급 없음",resolved,text,856,858,59
반도체제조,LM1903060209_14v3_반도체_품질관리,65,1,미흡·없음,아니오,"안전 3건 [안전(1), 유의 사항(1), 작업환경(1)], 구체적 조치 언급 없음",resolved,text,1438,453,66
반도체제조,LM1903060209_14v3_반도체_품질관리,68,1,미흡·없음,아니오,"안전 4건 [안전(2), 유해(2)], 조치 2건 [착용(1), 격리(1)]",resolved,text,649,638,68
반도체제조,LM1903060209_14v3_반도체_품질관리,71,1,미흡·없음,아니오,"안전 2건 [안전(1), 사고(1)], 조치 1건 [예방(1)]",resolved,text,389,383,71
반도체제조,LM1903060210_14v3_반도체_생산성_향상,19,1,미흡·없음,아니오,"안전 2건 [안전(1), 유의 사항(1)], 조치 1건 [마스크(1)]",resolved,text,576,600,70
반도체제조,LM1903060210_14v3_반도체_생산성_향상,25,1,미흡·없음,아니오,"안전 2건 [안전(1), 유의 사항(1)], 구체적 조치 언급 없음",resolved,text,363,367,70
반도체제조,LM1903060210_14v3_반도체_생산성_향상,29,1,미흡·없음,아니오,"안전 2건 [안전(1), 유의 사항(1)], 구체적 조치 언급 없음",resolved,text,328,295,70
반도체제조,LM1903060210_14v3_반도체_생산성_향상,39,1,미흡·없음,아니오,"안전 4건 [사고(2), 안전(1), 주의(1)], 구체적 조치 언급 없음",resolved,text,1004,847,70
반도체제조,LM1903060210_14v3_반도체_생산성_향상,40,1,미흡·없음,아니오,"안전 2건 [안전(1), 작업환경(1)], 조치 1건 [환기(1)]",resolved,text,574,691,70
반도체제조,LM1903060210_14v3_반도체_생산성_향상,41,1,미흡·없음,아니오,"안전 1건 [안전(1)], 구체적 조치 언급 없음",resolved,text,792,786,70
반도체제조,LM1903060210_14v3_반도체_생산성_향상,42,1,미흡·없음,아니오,"안전 2건 [안전(1), 유의 사항(1)], 조치 2건 [예방(2)]",resolved,text,473,501,70
반도체제조,LM1903060210_14v3_반도체_생산성_향상,45,1,미흡·없음,아니오,"안전 1건 [안전(1)], 구체적 조치 언급 없음",resolved,text,575,613,70
반도체제조,LM1903060210_14v3_반도체_생산성_향상,49,1,미흡·없음,아니오,"안전 2건 [안전(1), 유해(1)], 구체적 조치 언급 없음",resolved,text,822,825,70
반도체제조,LM1903060210_14v3_반도체_생산성_향상,50,1,미흡·없음,아니오,"안전 2건 [안전(1), 유의 사항(1)], 구체적 조치 언급 없음",resolved,text,443,447,70
반도체제조,LM1903060210_14v3_반도체_생산성_향상,55,1,미흡·없음,아니오,"안전 2건 [안전(1), 유의 사항(1)], 구체적 조치 언급 없음",resolved,text,386,391,71
반도체제조,LM1903060210_14v3_반도체_생산성_향상,65,1,미흡·없음,아니오,"안전 2건 [안전(1), 유의 사항(1)], 구체적 조치 언급 없음",resolved,text,507,515,71
반도체제조,LM1903060210_14v3_반도체_생산성_향상,70,1,미흡·없음,아니오,"안전 2건 [안전(1), 유의 사항(1)], 구체적 조치 언급 없음",resolved,text,274,300,71
반도체제조,LM1903060210_14v3_반도체_생산성_향상,75,1,미흡·없음,아니오,"안전 2건 [안전(1), 유의 사항(1)], 구체적 조치 언급 없음",resolved,text,749,607,75
반도체제조,LM1903060210_14v3_반도체_생산성_향상,82,1,미흡·없음,아니오,"안전 1건 [안전(1)], 구체적 조치 언급 없음",resolved,text,511,495,82
반도체제조,LM1903060210_14v3_반도체_생산성_향상,89,1,미흡·없음,아니오,"안전 1건 [위험(1)], 구체적 조치 언급 없음",resolved,text,614,509,90
반도체제조,LM1903060210_14v3_반도체_생산성_향상,92,1,미흡·없음,아니오,"안전 1건 [위험(1)], 구체적 조치 언급 없음",resolved,text,863,1206,93
반도체제조,LM1903060211_19v4_반도체_웨이퍼_레벨_테스트_장비_운영,23,1,미흡·없음,아니오,"안전 5건 [안전(2), 위험(2), 유의 사항(1)], 조치 2건 [마스크(1), 안전교육(1)]",resolved,text,422,425,23;69
반도체제조,LM1903060211_19v4_반도체_웨이퍼_레벨_테스트_장비_운영,31,2,형식적 언급,아니오,"안전 14건 [안전(6), 사고(2), 유의 사항(1), MSDS(1), 보건(1)], 조치 2건 [착용(1), 마스크(1)]",resolved,text,432,416,31;32
반도체제조,LM1903060211_19v4_반도체_웨이퍼_레벨_테스트_장비_운영,38,2,형식적 언급,아니오,"안전 14건 [안전(6), 위험(2), 사고(2), 유의 사항(1), MSDS(1)], 조치 3건 [방지(1), 착용(1), 마스크(1)]",resolved,text,536,531,38;39
반도체제조,LM1903060211_19v4_반도체_웨이퍼_레벨_테스트_장비_운영,40,1,미흡·없음,아니오,"안전 2건 [주의(1), 진동(1)], 조치 1건 [방지(1)]",resolved,text,247,235,41
반도체제조,LM1903060211_19v4_반도체_웨이퍼_레벨_테스트_장비_운영,48,2,형식적 언급,아니오,"안전 6건 [안전(3), 위험(2), 유의 사항(1)], 조치 4건 [마스크(2), 착용(1), 안전교육(1)]",resolved,text,513,523,39;49
반도체제조,LM1903060211_19v4_반도체_웨이퍼_레벨_테스트_장비_운영,49,1,미흡·없음,아니오,"안전 1건 [진동(1)], 구체적 조치 언급 없음",resolved,text,619,578,50
반도체제조,LM1903060211_19v4_반도체_웨이퍼_레벨_테스트_장비_운영,53,2,형식적 언급,아니오,"안전 6건 [안전(3), 위험(2), 유의 사항(1)], 조치 3건 [착용(1), 마스크(1), 안전교육(1)]",resolved,text,532,535,49;53
반도체제조,LM1903060211_19v4_반도체_웨이퍼_레벨_테스트_장비_운영,59,2,형식적 언급,아니오,"안전 11건 [안전(5), 사고(2), 유의 사항(1), MSDS(1), 보건(1)], 조치 3건 [방지(1), 착용(1), 마스크(1)]",resolved,text,330,341,49;53;59;60
반도체제조,LM1903060211_19v4_반도체_웨이퍼_레벨_테스트_장비_운영,68,1,미흡·없음,아니오,"안전 1건 [안전(1)], 조치 1건 [예방(1)]",resolved,text,624,634,69
반도체제조,LM1903060211_19v4_반도체_웨이퍼_레벨_테스트_장비_운영,69,1,미흡·없음,아니오,"안전 5건 [안전(2), 위험(2), 유의 사항(1)], 조치 9건 [예방(7), 마스크(1), 안전교육(1)]",resolved,text,465,426,69
반도체제조,LM1903060211_19v4_반도체_웨이퍼_레벨_테스트_장비_운영,76,2,형식적 언급,아니오,"안전 6건 [안전(2), 위험(2), 유의 사항(1), 소음(1)], 조치 4건 [예방(3), 안전교육(1)]",resolved,text,393,439,76;77
반도체제조,LM1903060211_19v4_반도체_웨이퍼_레벨_테스트_장비_운영,79,1,미흡·없음,아니오,"안전 1건 [위험(1)], 조치 2건 [예방(1), 차단(1)]",resolved,text,622,634,79
반도체제조,LM1903060211_19v4_반도체_웨이퍼_레벨_테스트_장비_운영,80,1,미흡·없음,아니오,"안전 5건 [안전(2), 위험(2), 유의 사항(1)], 조치 3건 [차단(1), 마스크(1), 안전교육(1)]",resolved,text,586,544,80
반도체제조,LM1903060211_19v4_반도체_웨이퍼_레벨_테스트_장비_운영,82,1,미흡·없음,아니오,"안전 2건 [안전(2)], 조치 2건 [예방(2)]",resolved,text,539,572,82;83
반도체제조,LM1903060212_19v4_반도체_패키지_레벨_테스트_장비_운영,25,2,형식적 언급,아니오,"안전 7건 [안전(4), 유의 사항(2), 유해(1)], 구체적 조치 언급 없음",resolved,text,383,378,112;113
반도체제조,LM1903060212_19v4_반도체_패키지_레벨_테스트_장비_운영,31,1,미흡·없음,아니오,"안전 1건 [안전(1)], 구체적 조치 언급 없음",resolved,text,401,383,122
반도체제조,LM1903060212_19v4_반도체_패키지_레벨_테스트_장비_운영,32,2,형식적 언급,아니오,"안전 7건 [안전(5), 위험(1), 사고(1)], 조치 1건 [방지(1)]",resolved,text,619,626,122
반도체제조,LM1903060212_19v4_반도체_패키지_레벨_테스트_장비_운영,35,1,미흡·없음,아니오,"안전 5건 [사고(2), 안전(1), 위험(1), 화재(1)], 조치 2건 [예방(1), 차단(1)]",resolved,text,767,735,122
반도체제조,LM1903060212_19v4_반도체_패키지_레벨_테스트_장비_운영,42,2,형식적 언급,아니오,"안전 13건 [주의(3), 안전(2), 유의 사항(1), 사고(1), 유해(1)], 구체적 조치 언급 없음",resolved,text,466,451,122
반도체제조,LM1903060212_19v4_반도체_패키지_레벨_테스트_장비_운영,43,1,미흡·없음,아니오,"안전 1건 [먼지(1)], 구체적 조치 언급 없음",resolved,text,354,356,122
반도체제조,LM1903060212_19v4_반도체_패키지_레벨_테스트_장비_운영,55,1,미흡·없음,아니오,"안전 2건 [안전(1), 유의 사항(1)], 조치 1건 [착용(1)]",resolved,text,446,419,122
반도체제조,LM1903060212_19v4_반도체_패키지_레벨_테스트_장비_운영,57,1,미흡·없음,아니오,"안전 4건 [안전(2), 유의 사항(2)], 조치 1건 [예방(1)]",resolved,text,385,392,122
반도체제조,LM1903060212_19v4_반도체_패키지_레벨_테스트_장비_운영,58,1,미흡·없음,아니오,"안전 2건 [안전(1), 유의 사항(1)], 구체적 조치 언급 없음",resolved,text,632,492,122
반도체제조,LM1903060212_19v4_반도체_패키지_레벨_테스트_장비_운영,66,1,미흡·없음,아니오,"안전 2건 [안전(1), 유의 사항(1)], 구체적 조치 언급 없음",resolved,text,498,501,122
반도체제조,LM1903060212_19v4_반도체_패키지_레벨_테스트_장비_운영,77,1,미흡·없음,아니오,"안전 2건 [안전(1), 유의 사항(1)], 구체적 조치 언급 없음",resolved,text,352,315,122
반도체제조,LM1903060212_19v4_반도체_패키지_레벨_테스트_장비_운영,89,1,미흡·없음,아니오,"안전 3건 [위험(1), 사고(1), 화재(1)], 조치 3건 [예방(2), 방지(1)]",resolved,text,536,539,122
반도체제조,LM1903060212_19v4_반도체_패키지_레벨_테스트_장비_운영,92,1,미흡·없음,아니오,"안전 2건 [안전(1), 유의 사항(1)], 조치 1건 [예방(1)]",resolved,text,376,387,122
반도체제조,LM1903060212_19v4_반도체_패키지_레벨_테스트_장비_운영,101,2,형식적 언급,아니오,"안전 9건 [화재(4), 감전(4), 위험(1)], 조치 4건 [차단(3), 대처(1)]",resolved,text,638,641,122
반도체제조,LM1903060212_19v4_반도체_패키지_레벨_테스트_장비_운영,103,2,형식적 언급,아니오,"안전 15건 [위험(3), 화재(3), 안전(2), 감전(2), 유의 사항(1)], 조치 1건 [차단(1)]",resolved,text,477,499,122
반도체제조,LM1903060212_19v4_반도체_패키지_레벨_테스트_장비_운영,105,1,미흡·없음,아니오,"안전 1건 [누출(1)], 구체적 조치 언급 없음",resolved,text,211,227,122
반도체제조,LM1903060212_19v4_반도체_패키지_레벨_테스트_장비_운영,106,1,미흡·없음,아니오,"안전 1건 [누출(1)], 구체적 조치 언급 없음",resolved,text,260,219,122
반도체제조,LM1903060212_19v4_반도체_패키지_레벨_테스트_장비_운영,111,1,미흡·없음,아니오,"안전 2건 [안전(1), 누출(1)], 조치 2건 [방지(1), 안전장치(1)]",resolved,text,551,580,122
반도체제조,LM1903060212_19v4_반도체_패키지_레벨_테스트_장비_운영,112,1,미흡·없음,아니오,"안전 2건 [안전(1), 유의 사항(1)], 구체적 조치 언급 없음",resolved,text,379,383,122
반도체제조,LM1903060212_19v4_반도체_패키지_레벨_테스트_장비_운영,120,1,미흡·없음,아니오,"안전 2건 [안전(2)], 조치 3건 [안전장치(2), 예방(1)]",resolved,text,486,357,122
반도체제조,LM1903060212_19v4_반도체_패키지_레벨_테스트_장비_운영,122,1,미흡·없음,아니오,"안전 3건 [소음(3)], 조치 1건 [예방(1)]",resolved,text,522,472,122
반도체제조,LM1903060213_19v4_반도체_패키징_전공정_장비_운영,17,1,미흡·없음,아니오,"안전 4건 [안전(2), 주의(1), 유의 사항(1)], 구체적 조치 언급 없음",resolved,text,488,490,17
반도체제조,LM1903060213_19v4_반도체_패키징_전공정_장비_운영,18,1,미흡·없음,아니오,"안전 4건 [주의(3), 분진(1)], 조치 1건 [방지(1)]",resolved,text,904,606,19
반도체제조,LM1903060213_19v4_반도체_패키징_전공정_장비_운영,19,1,미흡·없음,아니오,"안전 0건 [], 구체적 조치 언급 없음",resolved,text-fallback,513,801,19
반도체제조,LM1903060213_19v4_반도체_패키징_전공정_장비_운영,21,1,미흡·없음,아니오,"안전 1건 [안전(1)], 구체적 조치 언급 없음",resolved,text,1113,1075,22
반도체제조,LM1903060213_19v4_반도체_패키징_전공정_장비_운영,22,1,미흡·없음,아니오,"안전 0건 [], 구체적 조치 언급 없음",resolved,text-fallback,676,892,22
반도체제조,LM1903060213_19v4_반도체_패키징_전공정_장비_운영,31,1,미흡·없음,아니오,"안전 4건 [안전(2), 주의(1), 유의 사항(1)], 조치 2건 [방지(1), 대처(1)]",resolved,text,1047,239,32
반도체제조,LM1903060213_19v4_반도체_패키징_전공정_장비_운영,37,1,미흡·없음,아니오,"안전 2건 [주의(1), 분진(1)], 조치 1건 [방지(1)]",resolved,text,740,736,38
반도체제조,LM1903060213_19v4_반도체_패키징_전공정_장비_운영,42,1,미흡·없음,아니오,"안전 4건 [안전(2), 주의(1), 유의 사항(1)], 구체적 조치 언급 없음",resolved,text,518,503,42
반도체제조,LM1903060213_19v4_반도체_패키징_전공정_장비_운영,59,1,미흡·없음,아니오,"안전 3건 [안전(2), 유의 사항(1)], 구체적 조치 언급 없음",resolved,text,566,321,59;60
반도체제조,LM1903060213_19v4_반도체_패키징_전공정_장비_운영,61,1,미흡·없음,아니오,"안전 3건 [위험(2), 주의(1)], 구체적 조치 언급 없음",resolved,text,556,366,61
반도체제조,LM1903060213_19v4_반도체_패키징_전공정_장비_운영,68,1,미흡·없음,아니오,"안전 4건 [주의(2), 진동(1), 먼지(1)], 조치 1건 [예방(1)]",resolved,text,754,817,69
반도체제조,LM1903060213_19v4_반도체_패키징_전공정_장비_운영,72,1,미흡·없음,아니오,"안전 3건 [안전(2), 유의 사항(1)], 구체적 조치 언급 없음",resolved,text,229,231,73
반도체제조,LM1903060213_19v4_반도체_패키징_전공정_장비_운영,73,1,미흡·없음,아니오,"안전 2건 [주의(2)], 구체적 조치 언급 없음",resolved,text,328,312,73
반도체제조,LM1903060213_19v4_반도체_패키징_전공정_장비_운영,83,1,미흡·없음,아니오,"안전 3건 [안전(2), 유의 사항(1)], 구체적 조치 언급 없음",resolved,text,232,234,84
반도체제조,LM1903060213_19v4_반도체_패키징_전공정_장비_운영,84,1,미흡·없음,아니오,"안전 2건 [주의(2)], 구체적 조치 언급 없음",resolved,text,457,442,84
반도체제조,LM1903060213_19v4_반도체_패키징_전공정_장비_운영,87,1,미흡·없음,아니오,"안전 1건 [안전(1)], 구체적 조치 언급 없음",resolved,text,590,558,87
반도체제조,LM1903060214_19v4_반도체_패키징_후공정장비_운영,19,1,미흡·없음,아니오,"안전 2건 [안전(1), 유의 사항(1)], 구체적 조치 언급 없음",resolved,text,688,281,25
반도체제조,LM1903060214_19v4_반도체_패키징_후공정장비_운영,29,1,미흡·없음,아니오,"안전 2건 [안전(1), 유의 사항(1)], 구체적 조치 언급 없음",resolved,text,420,423,29
반도체제조,LM1903060214_19v4_반도체_패키징_후공정장비_운영,41,1,미흡·없음,아니오,"안전 1건 [진동(1)], 구체적 조치 언급 없음",resolved,text,505,481,42
반도체제조,LM1903060214_19v4_반도체_패키징_후공정장비_운영,42,1,미흡·없음,아니오,"안전 0건 [], 구체적 조치 언급 없음",resolved,text-fallback,352,388,42
반도체제조,LM1903060214_19v4_반도체_패키징_후공정장비_운영,46,1,미흡·없음,아니오,"안전 2건 [안전(1), 유의 사항(1)], 구체적 조치 언급 없음",resolved,text,479,482,46
반도체제조,LM1903060214_19v4_반도체_패키징_후공정장비_운영,47,1,미흡·없음,아니오,"안전 1건 [진동(1)], 구체적 조치 언급 없음",resolved,text,480,489,47
반도체제조,LM1903060214_19v4_반도체_패키징_후공정장비_운영,49,1,미흡·없음,아니오,"안전 3건 [진동(3)], 구체적 조치 언급 없음",resolved,text,592,368,49;50
반도체제조,LM1903060214_19v4_반도체_패키징_후공정장비_운영,50,1,미흡·없음,아니오,키워드 1건 (5건 이하): 진동(1),resolved,label,0,229,50
반도체제조,LM1903060214_19v4_반도체_패키징_후공정장비_운영,56,1,미흡·없음,아니오,"안전 4건 [안전(1), 주의(1), 유의 사항(1), 진동(1)], 구체적 조치 언급 없음",resolved,text,554,580,57
반도체제조,LM1903060214_19v4_반도체_패키징_후공정장비_운영,57,1,미흡·없음,아니오,"안전 1건 [안전(1)], 구체적 조치 언급 없음",resolved,text,510,709,58
반도체제조,LM1903060214_19v4_반도체_패키징_후공정장비_운영,73,1,미흡·없음,아니오,"안전 3건 [안전(1), 주의(1), 유의 사항(1)], 구체적 조치 언급 없음",resolved,text,488,474,73
반도체제조,LM1903060214_19v4_반도체_패키징_후공정장비_운영,78,1,미흡·없음,아니오,"안전 1건 [먼지(1)], 구체적 조치 언급 없음",resolved,text,904,626,78
반도체제조,LM1903060214_19v4_반도체_패키징_후공정장비_운영,80,1,미흡·없음,아니오,"안전 2건 [위험(1), 주의(1)], 구체적 조치 언급 없음",resolved,text,291,305,80
반도체제조,LM1903060214_19v4_반도체_패키징_후공정장비_운영,83,1,미흡·없음,아니오,"안전 1건 [안전(1)], 구체적 조치 언급 없음",resolved,text,377,543,84
반도체제조,LM1903060214_19v4_반도체_패키징_후공정장비_운영,85,1,미흡·없음,아니오,"안전 3건 [안전(1), 주의(1), 유의 사항(1)], 구체적 조치 언급 없음",resolved,text,788,365,86
반도체제조,LM1903060214_19v4_반도체_패키징_후공정장비_운영,92,1,미흡·없음,아니오,"안전 1건 [분진(1)], 구체적 조치 언급 없음",resolved,text,477,460,92
반도체제조,LM1903060214_19v4_반도체_패키징_후공정장비_운영,104,1,미흡·없음,아니오,"안전 2건 [안전(1), 유의 사항(1)], 구체적 조치 언급 없음",resolved,text,447,451,105
반도체제조,LM1903060214_19v4_반도체_패키징_후공정장비_운영,107,1,미흡·없음,아니오,"안전 1건 [진동(1)], 구체적 조치 언급 없음",resolved,text,352,373,107
반도체제조,LM1903060214_19v4_반도체_패키징_후공정장비_운영,116,1,미흡·없음,아니오,"안전 2건 [안전(1), 유의 사항(1)], 구체적 조치 언급 없음",resolved,text,347,431,117
반도체제조,LM1903060214_19v4_반도체_패키징_후공정장비_운영,118,1,미흡·없음,아니오,"안전 1건 [분진(1)], 구체적 조치 언급 없음",resolved,text,481,531,119
반도체제조,LM1903060214_19v4_반도체_패키징_후공정장비_운영,120,1,미흡·없음,아니오,"안전 1건 [위험(1)], 구체적 조치 언급 없음",resolved,text,891,894,120
반도체제조,LM1903060214_19v4_반도체_패키징_후공정장비_운영,132,1,미흡·없음,아니오,"안전 2건 [안전(1), 유의 사항(1)], 구체적 조치 언급 없음",resolved,text,325,336,132
반도체제조,LM1903060214_19v4_반도체_패키징_후공정장비_운영,144,1,미흡·없음,아니오,"안전 1건 [누출(1)], 구체적 조치 언급 없음",resolved,text,689,776,150
반도체제조,LM1903060214_19v4_반도체_패키징_후공정장비_운영,145,1,미흡·없음,아니오,"안전 2건 [안전(1), 유의 사항(1)], 구체적 조치 언급 없음",resolved,text,594,598,150
반도체제조,LM1903060214_19v4_반도체_패키징_후공정장비_운영,151,1,미흡·없음,아니오,"안전 1건 [안전(1)], 구체적 조치 언급 없음",resolved,text,162,156,151
반도체제조,LM1903060215_19v4_반도체_유틸리티_운영,10,1,미흡·없음,아니오,"안전 4건 [안전(3), 위험(1)], 조치 1건 [안전관리(1)]",resolved,text,528,325,60;80
반도체제조,LM1903060215_19v4_반도체_유틸리티_운영,11,2,형식적 언급,아니오,"안전 7건 [안전(4), 위험(1), MSDS(1), 화학물질(1)], 조치 1건 [안전관리(1)]",resolved,text,364,184,80
반도체제조,LM1903060215_19v4_반도체_유틸리티_운영,14,1,미흡·없음,아니오,"안전 2건 [안전(2)], 구체적 조치 언급 없음",resolved,text,665,651,80
반도체제조,LM1903060215_19v4_반도체_유틸리티_운영,16,1,미흡·없음,아니오,"안전 3건 [먼지(2), 위험(1)], 조치 1건 [환기(1)]",resolved,text,765,760,80
반도체제조,LM1903060215_19v4_반도체_유틸리티_운영,21,1,미흡·없음,아니오,"안전 3건 [화학물질(3)], 구체적 조치 언급 없음",resolved,text,452,455,80
반도체제조,LM1903060215_19v4_반도체_유틸리티_운영,22,2,형식적 언급,아니오,"안전 7건 [안전(3), 위험(3), 유의 사항(1)], 조치 1건 [대피(1)]",resolved,text,361,305,80
반도체제조,LM1903060215_19v4_반도체_유틸리티_운영,23,1,미흡·없음,아니오,"안전 3건 [안전(1), 주의(1), 사고(1)], 조치 2건 [방지(1), 예방(1)]",resolved,text,636,690,80
반도체제조,LM1903060215_19v4_반도체_유틸리티_운영,26,2,형식적 언급,아니오,"안전 6건 [진동(6)], 조치 2건 [방지(2)]",resolved,text,764,766,80
반도체제조,LM1903060215_19v4_반도체_유틸리티_운영,27,1,미흡·없음,아니오,"안전 2건 [주의(1), 진동(1)], 조치 1건 [방지(1)]",resolved,text,601,604,80
반도체제조,LM1903060215_19v4_반도체_유틸리티_운영,28,2,형식적 언급,아니오,"안전 9건 [주의(7), 안전(1), 위험(1)], 조치 1건 [차단(1)]",resolved,text,555,558,80
반도체제조,LM1903060215_19v4_반도체_유틸리티_운영,31,1,미흡·없음,아니오,"안전 2건 [진동(2)], 조치 2건 [대처(2)]",resolved,text,508,515,80
반도체제조,LM1903060215_19v4_반도체_유틸리티_운영,32,1,미흡·없음,아니오,"안전 4건 [안전(4)], 구체적 조치 언급 없음",resolved,text,426,388,80
반도체제조,LM1903060215_19v4_반도체_유틸리티_운영,33,1,미흡·없음,아니오,"안전 4건 [안전(3), 주의(1)], 구체적 조치 언급 없음",resolved,text,392,386,80;96
반도체제조,LM1903060215_19v4_반도체_유틸리티_운영,40,1,미흡·없음,아니오,"안전 1건 [화학물질(1)], 구체적 조치 언급 없음",resolved,text,1504,1076,81
반도체제조,LM1903060215_19v4_반도체_유틸리티_운영,42,1,미흡·없음,아니오,"안전 4건 [위험(2), 폭발(2)], 구체적 조치 언급 없음",resolved,text,988,853,81
반도체제조,LM1903060215_19v4_반도체_유틸리티_운영,46,2,형식적 언급,아니오,"안전 11건 [안전(5), 위험(1), 유의 사항(1), 유해(1), 보건(1)], 구체적 조치 언급 없음",resolved,text,218,203,81
반도체제조,LM1903060215_19v4_반도체_유틸리티_운영,47,1,미흡·없음,아니오,"안전 4건 [먼지(2), 안전(1), 분진(1)], 조치 3건 [방지(1), 차단(1), 대피(1)]",resolved,text,850,853,80;81
반도체제조,LM1903060215_19v4_반도체_유틸리티_운영,48,1,미흡·없음,아니오,"안전 3건 [먼지(2), 사고(1)], 조치 2건 [차단(2)]",resolved,text,800,801,81
반도체제조,LM1903060215_19v4_반도체_유틸리티_운영,50,2,형식적 언급,아니오,"안전 10건 [안전(3), 위험(3), 주의(1), 유의 사항(1), 유해(1)], 구체적 조치 언급 없음",resolved,text,345,410,81
반도체제조,LM1903060215_19v4_반도체_유틸리티_운영,60,2,형식적 언급,아니오,"안전 7건 [안전(3), 위험(1), 유의 사항(1), 유해(1), 폭발(1)], 조치 1건 [대피(1)]",resolved,text,512,307,81
반도체제조,LM1903060215_19v4_반도체_유틸리티_운영,63,1,미흡·없음,아니오,"안전 1건 [진동(1)], 조치 1건 [대처(1)]",resolved,text,536,548,81
반도체제조,LM1903060215_19v4_반도체_유틸리티_운영,64,1,미흡·없음,아니오,"안전 1건 [진동(1)], 조치 1건 [대처(1)]",resolved,text,508,505,81
반도체제조,LM1903060215_19v4_반도체_유틸리티_운영,65,1,미흡·없음,아니오,"안전 3건 [사고(2), 안전(1)], 조치 2건 [예방(2)]",resolved,text,675,491,81;96
반도체제조,LM1903060215_19v4_반도체_유틸리티_운영,66,1,미흡·없음,아니오,"안전 2건 [안전(2)], 조치 2건 [착용(2)]",resolved,text,542,579,81
반도체제조,LM1903060215_19v4_반도체_유틸리티_운영,67,2,형식적 언급,아니오,"안전 51건 [화학물질(11), 안전(10), MSDS(10), 위험(5), 유해(5)], 조치 2건 [안전관리(2)]",resolved,text,926,731,81
반도체제조,LM1903060215_19v4_반도체_유틸리티_운영,68,1,미흡·없음,아니오,"안전 1건 [MSDS(1)], 구체적 조치 언급 없음",resolved,text,12,175,81
반도체제조,LM1903060215_19v4_반도체_유틸리티_운영,69,2,형식적 언급,아니오,"안전 40건 [유해(10), 위험(8), MSDS(7), 화학물질(5), 안전(3)], 조치 2건 [예방(2)]",resolved,text,785,363,81
반도체제조,LM1903060215_19v4_반도체_유틸리티_운영,70,3,구체적 대책,아니오,"안전 54건 [화학물질(13), 유해(12), 위험(5), MSDS(4), 안전(3)], 조치 6건 [방지(1), 예방(1), 안전관리(1), 대처(1), 응급조치(1)]",resolved,text,1343,784,81
반도체제조,LM1903060215_19v4_반도체_유틸리티_운영,71,2,형식적 언급,아니오,"안전 6건 [안전(2), MSDS(2), 보건(2)], 구체적 조치 언급 없음",resolved,text,81,83,81
반도체제조,LM1903060215_19v4_반도체_유틸리티_운영,72,2,형식적 언급,아니오,"안전 11건 [안전(3), 위험(3), 화학물질(2), 보호구(2), 유해(1)], 조치 3건 [착용(1), 대처(1), 안전교육(1)]",resolved,text,962,828,81
반도체제조,LM1903060215_19v4_반도체_유틸리티_운영,73,2,형식적 언급,아니오,"안전 15건 [위험(5), 보호구(4), 안전(3), 화학물질(3)], 조치 2건 [착용(2)]",resolved,text,794,930,81
반도체제조,LM1903060215_19v4_반도체_유틸리티_운영,74,2,형식적 언급,아니오,"안전 6건 [위험(3), 안전(2), 보호구(1)], 조치 4건 [차단(2), 방지(1), 착용(1)]",resolved,text,488,484,81
반도체제조,LM1903060215_19v4_반도체_유틸리티_운영,75,1,미흡·없음,아니오,"안전 4건 [안전(1), 주의(1), 유의 사항(1), 감전(1)], 조치 1건 [차단(1)]",resolved,text,544,540,81
반도체제조,LM1903060215_19v4_반도체_유틸리티_운영,80,1,미흡·없음,아니오,"안전 5건 [안전(1), 위험(1), 누출(1), 폭발(1), 화재(1)], 구체적 조치 언급 없음",resolved,text,446,439,80;81
반도체제조,LM1903060215_19v4_반도체_유틸리티_운영,81,1,미흡·없음,아니오,"안전 5건 [폭발(2), 안전(1), 위험(1), 누출(1)], 조치 2건 [차단(1), 안전장치(1)]",resolved,text,678,684,81
반도체제조,LM1903060215_19v4_반도체_유틸리티_운영,82,1,미흡·없음,아니오,"안전 1건 [안전(1)], 구체적 조치 언급 없음",resolved,text,685,899,82
반도체제조,LM1903060215_19v4_반도체_유틸리티_운영,83,1,미흡·없음,아니오,"안전 1건 [안전(1)], 구체적 조치 언급 없음",resolved,text,636,395,84
반도체제조,LM1903060215_19v4_반도체_유틸리티_운영,84,3,구체적 대책,아니오,"안전 34건 [화학물질(11), 안전(7), 위험(5), 주의(5), 보호구(3)], 조치 5건 [착용(3), 방지(1), 안전관리(1)]",resolved,text,724,796,84;85
반도체제조,LM1903060215_19v4_반도체_유틸리티_운영,85,2,형식적 언급,아니오,"안전 21건 [화학물질(9), 주의(5), 위험(3), 보호구(3), 안전(1)], 조치 4건 [착용(4)]",resolved,text,483,415,85;86
반도체제조,LM1903060215_19v4_반도체_유틸리티_운영,86,2,형식적 언급,아니오,"안전 8건 [안전(3), 위험(2), 유의 사항(1), 유해(1), 폭발(1)], 조치 1건 [대피(1)]",resolved,text,403,397,81;86;87
반도체제조,LM1903060215_19v4_반도체_유틸리티_운영,88,1,미흡·없음,아니오,"안전 4건 [위험(2), 안전(1), 유의 사항(1)], 구체적 조치 언급 없음",resolved,text,478,454,88
반도체제조,LM1903060215_19v4_반도체_유틸리티_운영,89,1,미흡·없음,아니오,"안전 2건 [주의(1), 감전(1)], 조치 1건 [차단(1)]",resolved,text,666,677,89
반도체제조,LM1903060215_19v4_반도체_유틸리티_운영,93,2,형식적 언급,아니오,"안전 11건 [MSDS(4), 안전(3), 주의(2), 화학물질(2)], 구체적 조치 언급 없음",resolved,text,471,487,93;94
반도체제조,LM1903060215_19v4_반도체_유틸리티_운영,94,2,형식적 언급,아니오,"안전 14건 [안전(6), 위험(3), MSDS(2), 폭발(1), 화재(1)], 조치 2건 [안전관리(2)]",resolved,text,817,229,95;96
반도체제조,LM1903060215_19v4_반도체_유틸리티_운영,95,2,형식적 언급,아니오,"안전 14건 [안전(5), MSDS(5), 화학물질(3), 위험(1)], 조치 1건 [안전관리(1)]",resolved,text,546,526,96
반도체제조,LM1903060215_19v4_반도체_유틸리티_운영,96,2,형식적 언급,아니오,"안전 10건 [안전(5), MSDS(3), 위험(1), 화학물질(1)], 조치 1건 [안전관리(1)]",resolved,text,531,589,96
반도체제조,LM1903060215_19v4_반도체_유틸리티_운영,98,2,형식적 언급,아니오,"안전 7건 [안전(2), 보건(2), MSDS(1), 화학물질(1), 물질안전보건자료(1)], 구체적 조치 언급 없음",resolved,text,400,425,98
반도체제조,LM1903060216_19v4_반도체_클린룸_시설_운영,14,2,형식적 언급,아니오,"안전 6건 [먼지(6)], 조치 1건 [방지(1)]",resolved,text,626,630,14;15
반도체제조,LM1903060216_19v4_반도체_클린룸_시설_운영,15,2,형식적 언급,아니오,"안전 8건 [먼지(8)], 구체적 조치 언급 없음",resolved,text,522,478,15;16
반도체제조,LM1903060216_19v4_반도체_클린룸_시설_운영,16,1,미흡·없음,아니오,"안전 1건 [먼지(1)], 구체적 조치 언급 없음",resolved,text,1466,862,16
반도체제조,LM1903060216_19v4_반도체_클린룸_시설_운영,18,1,미흡·없음,아니오,"안전 3건 [진동(1), 먼지(1), 소음(1)], 구체적 조치 언급 없음",resolved,text,518,520,18
반도체제조,LM1903060216_19v4_반도체_클린룸_시설_운영,19,1,미흡·없음,아니오,"안전 5건 [먼지(4), 안전(1)], 구체적 조치 언급 없음",resolved,text,278,279,19;20
반도체제조,LM1903060216_19v4_반도체_클린룸_시설_운영,20,2,형식적 언급,아니오,"안전 15건 [안전(4), 유의 사항(2), 위험(1), 유해(1), 진동(1)], 조치 1건 [대피(1)]",resolved,text,415,417,20;21;54;66
반도체제조,LM1903060216_19v4_반도체_클린룸_시설_운영,22,1,미흡·없음,아니오,"안전 1건 [먼지(1)], 구체적 조치 언급 없음",resolved,text,582,616,22
반도체제조,LM1903060216_19v4_반도체_클린룸_시설_운영,23,1,미흡·없음,아니오,"안전 4건 [주의(3), 분진(1)], 조치 1건 [환기(1)]",resolved,text,819,641,24
반도체제조,LM1903060216_19v4_반도체_클린룸_시설_운영,27,1,미흡·없음,아니오,"안전 4건 [유의 사항(2), 주의(1), 진동(1)], 구체적 조치 언급 없음",resolved,text,632,630,28
반도체제조,LM1903060216_19v4_반도체_클린룸_시설_운영,28,1,미흡·없음,아니오,"안전 1건 [화학물질(1)], 구체적 조치 언급 없음",resolved,text,208,663,28
반도체제조,LM1903060216_19v4_반도체_클린룸_시설_운영,29,1,미흡·없음,아니오,"안전 2건 [진동(1), 소음(1)], 조치 1건 [환기(1)]",resolved,text,517,450,29
반도체제조,LM1903060216_19v4_반도체_클린룸_시설_운영,30,1,미흡·없음,아니오,"안전 2건 [유의 사항(1), 분진(1)], 조치 1건 [환기(1)]",resolved,text,788,764,31
반도체제조,LM1903060216_19v4_반도체_클린룸_시설_운영,31,2,형식적 언급,아니오,"안전 8건 [안전(2), 주의(2), 분진(2), 누출(1), 화재(1)], 구체적 조치 언급 없음",resolved,text,387,389,31;32
반도체제조,LM1903060216_19v4_반도체_클린룸_시설_운영,33,2,형식적 언급,아니오,"안전 25건 [소음(6), 안전(4), 분진(4), 진동(2), 먼지(2)], 조치 1건 [대피(1)]",resolved,text,3484,438,33;34;36;37
반도체제조,LM1903060216_19v4_반도체_클린룸_시설_운영,34,2,형식적 언급,아니오,"안전 7건 [분진(4), 소음(1), 진동(1), 먼지(1)], 구체적 조치 언급 없음",resolved,label,0,599,34
반도체제조,LM1903060216_19v4_반도체_클린룸_시설_운영,40,1,미흡·없음,아니오,"안전 2건 [소음(2)], 구체적 조치 언급 없음",resolved,text,362,601,42
반도체제조,LM1903060216_19v4_반도체_클린룸_시설_운영,42,2,형식적 언급,아니오,"안전 12건 [소음(10), 주의(1), 먼지(1)], 구체적 조치 언급 없음",resolved,text,1697,627,42;43;44
반도체제조,LM1903060216_19v4_반도체_클린룸_시설_운영,48,1,미흡·없음,아니오,"안전 3건 [안전(1), 먼지(1), 소음(1)], 구체적 조치 언급 없음",resolved,text,738,582,49
반도체제조,LM1903060216_19v4_반도체_클린룸_시설_운영,49,3,구체적 대책,아니오,"안전 29건 [안전(5), 진동(5), 보건(3), 화학물질(3), 유의 사항(2)], 조치 5건 [방지(2), 환기(1), 차단(1), 대피(1)]",resolved,text,4392,647,49;50;53;54;55;56;57;66;95
반도체제조,LM1903060216_19v4_반도체_클린룸_시설_운영,50,1,미흡·없음,아니오,"키워드 2건 (5건 이하): 화학물질(1), 보건(1)",resolved,label,0,324,50
반도체제조,LM1903060216_19v4_반도체_클린룸_시설_운영,59,1,미흡·없음,아니오,"안전 3건 [주의(1), 진동(1), 소음(1)], 조치 4건 [환기(4)]",resolved,text,1176,826,59
반도체제조,LM1903060216_19v4_반도체_클린룸_시설_운영,62,1,미흡·없음,아니오,"안전 2건 [안전(1), 먼지(1)], 조치 1건 [예방(1)]",resolved,text,390,502,62;63
반도체제조,LM1903060216_19v4_반도체_클린룸_시설_운영,64,1,미흡·없음,아니오,"안전 3건 [먼지(3)], 조치 1건 [방지(1)]",resolved,text,228,230,64;66
반도체제조,LM1903060216_19v4_반도체_클린룸_시설_운영,65,2,형식적 언급,아니오,"안전 15건 [안전(4), 유의 사항(2), 진동(2), 위험(1), 유해(1)], 조치 1건 [대피(1)]",resolved,text,489,475,66;67;74
반도체제조,LM1903060216_19v4_반도체_클린룸_시설_운영,66,1,미흡·없음,아니오,"안전 2건 [유해(1), 누출(1)], 구체적 조치 언급 없음",resolved,text,551,525,67
반도체제조,LM1903060216_19v4_반도체_클린룸_시설_운영,67,1,미흡·없음,아니오,"안전 1건 [먼지(1)], 조치 1건 [차단(1)]",resolved,text,745,814,68
반도체제조,LM1903060216_19v4_반도체_클린룸_시설_운영,71,1,미흡·없음,아니오,"안전 3건 [유해(2), 화학물질(1)], 조치 12건 [방지(7), 환기(4), 차단(1)]",resolved,text,685,682,71
반도체제조,LM1903060216_19v4_반도체_클린룸_시설_운영,72,3,구체적 대책,아니오,"안전 9건 [먼지(6), 주의(2), 분진(1)], 조치 5건 [방지(4), 환기(1)]",resolved,text,789,786,72
반도체제조,LM1903060216_19v4_반도체_클린룸_시설_운영,74,2,형식적 언급,아니오,"안전 13건 [안전(3), 유의 사항(2), 위험(1), 유해(1), 보건(1)], 조치 4건 [방지(4)]",resolved,text,463,464,74;75
반도체제조,LM1903060216_19v4_반도체_클린룸_시설_운영,75,3,구체적 대책,아니오,"안전 9건 [먼지(5), 주의(3), 분진(1)], 조치 6건 [방지(3), 환기(2), 착용(1)]",resolved,text,931,724,75;76
반도체제조,LM1903060216_19v4_반도체_클린룸_시설_운영,76,1,미흡·없음,아니오,"안전 2건 [주의(1), 분진(1)], 구체적 조치 언급 없음",resolved,text,652,864,76
반도체제조,LM1903060216_19v4_반도체_클린룸_시설_운영,80,1,미흡·없음,아니오,"안전 3건 [주의(2), 안전(1)], 구체적 조치 언급 없음",resolved,text,689,691,81
반도체제조,LM1903060216_19v4_반도체_클린룸_시설_운영,81,1,미흡·없음,아니오,"안전 3건 [안전(1), 주의(1), 보건(1)], 조치 1건 [방지(1)]",resolved,text,748,712,81
반도체제조,LM1903060216_19v4_반도체_클린룸_시설_운영,82,1,미흡·없음,아니오,"안전 1건 [분진(1)], 구체적 조치 언급 없음",resolved,text,502,777,83
반도체제조,LM1903060216_19v4_반도체_클린룸_시설_운영,83,1,미흡·없음,아니오,"안전 3건 [주의(2), 분진(1)], 구체적 조치 언급 없음",resolved,text,931,671,83
반도체제조,LM1903060216_19v4_반도체_클린룸_시설_운영,84,1,미흡·없음,아니오,"안전 1건 [안전(1)], 구체적 조치 언급 없음",resolved,text,463,445,84
반도체제조,LM1903060216_19v4_반도체_클린룸_시설_운영,87,1,미흡·없음,아니오,"안전 2건 [사고(1), 먼지(1)], 조치 1건 [방지(1)]",resolved,text,696,698,87
반도체제조,LM1903060216_19v4_반도체_클린룸_시설_운영,91,1,미흡·없음,아니오,"안전 3건 [주의(2), 안전(1)], 조치 2건 [예방(1), 착용(1)]",resolved,text,1025,509,91
반도체제조,LM1903060216_19v4_반도체_클린룸_시설_운영,96,1,미흡·없음,아니오,"안전 5건 [유해(3), 먼지(2)], 조치 3건 [착용(1), 환기(1), 차단(1)]",resolved,text,1105,1011,97
반도체장비,LM1903060301_18v2_반도체_장비_콘셉트_설계,19,1,미흡·없음,아니오,"안전 0건 [], 구체적 조치 언급 없음",resolved,text,313,335,18
반도체장비,LM1903060301_18v2_반도체_장비_콘셉트_설계,24,1,미흡·없음,아니오,"안전 0건 [], 구체적 조치 언급 없음",resolved,text,643,645,23
반도체장비,LM1903060301_18v2_반도체_장비_콘셉트_설계,26,1,미흡·없음,아니오,"안전 1건 [위험(1)], 구체적 조치 언급 없음",resolved,text,563,539,26
반도체장비,LM1903060301_18v2_반도체_장비_콘셉트_설계,28,1,미흡·없음,아니오,"안전 4건 [안전(1), 위험(1), 주의(1), 유의 사항(1)], 구체적 조치 언급 없음",resolved,text,283,316,28
반도체장비,LM1903060301_18v2_반도체_장비_콘셉트_설계,30,1,미흡·없음,아니오,"안전 2건 [안전(1), 유의 사항(1)], 구체적 조치 언급 없음",resolved,text,334,349,30
반도체장비,LM1903060301_18v2_반도체_장비_콘셉트_설계,38,1,미흡·없음,아니오,"안전 2건 [안전(1), 유의 사항(1)], 구체적 조치 언급 없음",resolved,text,2348,892,41
반도체장비,LM1903060301_18v2_반도체_장비_콘셉트_설계,46,1,미흡·없음,아니오,"안전 2건 [안전(1), 유의 사항(1)], 구체적 조치 언급 없음",resolved,text,312,339,60
반도체장비,LM1903060301_18v2_반도체_장비_콘셉트_설계,47,1,미흡·없음,아니오,"안전 0건 [], 구체적 조치 언급 없음",resolved,text,299,302,46
반도체장비,LM1903060301_18v2_반도체_장비_콘셉트_설계,50,1,미흡·없음,아니오,"안전 2건 [안전(1), 유의 사항(1)], 조치 1건 [마스크(1)]",resolved,text,387,418,50
반도체장비,LM1903060301_18v2_반도체_장비_콘셉트_설계,57,1,미흡·없음,아니오,"안전 1건 [진동(1)], 구체적 조치 언급 없음",resolved,text,581,578,57
반도체장비,LM1903060301_18v2_반도체_장비_콘셉트_설계,59,1,미흡·없음,아니오,"안전 2건 [안전(1), 유의 사항(1)], 구체적 조치 언급 없음",resolved,text,337,340,65
반도체장비,LM1903060301_18v2_반도체_장비_콘셉트_설계,68,1,미흡·없음,아니오,"안전 4건 [안전(2), 사고(1), 누출(1)], 조치 1건 [마스크(1)]",resolved,text,671,616,69
반도체장비,LM1903060301_18v2_반도체_장비_콘셉트_설계,70,2,형식적 언급,아니오,"안전 6건 [안전(3), 유의사항(1), 사고(1), 누출(1)], 조치 1건 [마스크(1)]",resolved,text,664,395,71
반도체장비,LM1903060302_18v2_반도체_장비_주요부_기구_설계,11,1,미흡·없음,아니오,"안전 2건 [안전(2)], 조치 2건 [안전관리(2)]",resolved,text,188,180,57
반도체장비,LM1903060302_18v2_반도체_장비_주요부_기구_설계,13,1,미흡·없음,아니오,"안전 1건 [안전(1)], 조치 1건 [안전교육(1)]",resolved,text,395,390,57
반도체장비,LM1903060302_18v2_반도체_장비_주요부_기구_설계,17,1,미흡·없음,아니오,"안전 1건 [안전(1)], 구체적 조치 언급 없음",resolved,text,551,547,57
반도체장비,LM1903060302_18v2_반도체_장비_주요부_기구_설계,18,1,미흡·없음,아니오,"안전 1건 [진동(1)], 조치 2건 [방지(1), 마스크(1)]",resolved,text,496,485,57
반도체장비,LM1903060302_18v2_반도체_장비_주요부_기구_설계,26,1,미흡·없음,아니오,"안전 2건 [안전(1), 유의 사항(1)], 구체적 조치 언급 없음",resolved,text,349,335,67
반도체장비,LM1903060302_18v2_반도체_장비_주요부_기구_설계,27,3,구체적 대책,아니오,"안전 7건 [안전(4), 끼임(2), 주의(1)], 조치 6건 [마스크(5), 안전조치(1)]",resolved,text,677,696,57
반도체장비,LM1903060302_18v2_반도체_장비_주요부_기구_설계,28,1,미흡·없음,아니오,"안전 4건 [안전(4)], 조치 4건 [마스크(3), 안전조치(1)]",resolved,text,731,711,57
반도체장비,LM1903060302_18v2_반도체_장비_주요부_기구_설계,29,1,미흡·없음,아니오,"안전 4건 [안전(4)], 조치 2건 [마스크(2)]",resolved,text,900,816,57
반도체장비,LM1903060302_18v2_반도체_장비_주요부_기구_설계,30,3,구체적 대책,아니오,"안전 6건 [안전(6)], 조치 9건 [마스크(6), 안전장치(3)]",resolved,text,691,707,57
반도체장비,LM1903060302_18v2_반도체_장비_주요부_기구_설계,31,1,미흡·없음,아니오,"안전 1건 [안전(1)], 구체적 조치 언급 없음",resolved,text,91,84,57
반도체장비,LM1903060302_18v2_반도체_장비_주요부_기구_설계,34,1,미흡·없음,아니오,"안전 2건 [안전(2)], 조치 1건 [마스크(1)]",resolved,text,788,648,57
반도체장비,LM1903060302_18v2_반도체_장비_주요부_기구_설계,35,1,미흡·없음,아니오,"안전 2건 [진동(2)], 구체적 조치 언급 없음",resolved,text,814,812,57
반도체장비,LM1903060302_18v2_반도체_장비_주요부_기구_설계,36,2,형식적 언급,아니오,"안전 7건 [진동(7)], 구체적 조치 언급 없음",resolved,text,882,873,57
반도체장비,LM1903060302_18v2_반도체_장비_주요부_기구_설계,37,1,미흡·없음,아니오,"안전 2건 [안전(1), 진동(1)], 구체적 조치 언급 없음",resolved,text,265,270,57
반도체장비,LM1903060302_18v2_반도체_장비_주요부_기구_설계,38,1,미흡·없음,아니오,"안전 2건 [진동(2)], 구체적 조치 언급 없음",resolved,text,504,595,57
반도체장비,LM1903060302_18v2_반도체_장비_주요부_기구_설계,42,1,미흡·없음,아니오,"안전 1건 [진동(1)], 구체적 조치 언급 없음",resolved,text,238,200,58
반도체장비,LM1903060302_18v2_반도체_장비_주요부_기구_설계,43,1,미흡·없음,아니오,"안전 1건 [진동(1)], 구체적 조치 언급 없음",resolved,text,586,578,58
반도체장비,LM1903060302_18v2_반도체_장비_주요부_기구_설계,47,1,미흡·없음,아니오,"안전 1건 [진동(1)], 구체적 조치 언급 없음",resolved,text,156,151,58
반도체장비,LM1903060302_18v2_반도체_장비_주요부_기구_설계,48,1,미흡·없음,아니오,"안전 4건 [진동(4)], 구체적 조치 언급 없음",resolved,text,327,280,58
반도체장비,LM1903060302_18v2_반도체_장비_주요부_기구_설계,49,1,미흡·없음,아니오,"안전 3건 [진동(3)], 구체적 조치 언급 없음",resolved,text,175,196,58
반도체장비,LM1903060302_18v2_반도체_장비_주요부_기구_설계,52,1,미흡·없음,아니오,"안전 3건 [안전(2), 유의 사항(1)], 구체적 조치 언급 없음",resolved,text,499,503,58
반도체장비,LM1903060302_18v2_반도체_장비_주요부_기구_설계,57,1,미흡·없음,아니오,"안전 3건 [안전(2), 위험(1)], 구체적 조치 언급 없음",resolved,text,496,487,57;58
반도체장비,LM1903060302_18v2_반도체_장비_주요부_기구_설계,71,1,미흡·없음,아니오,"안전 3건 [안전(2), 위험(1)], 구체적 조치 언급 없음",resolved,text,392,358,71
반도체장비,LM1903060303_18v2_반도체_장비_주변부_기구_설계,18,1,미흡·없음,아니오,"안전 1건 [안전(1)], 구체적 조치 언급 없음",resolved,text,705,666,18
반도체장비,LM1903060303_18v2_반도체_장비_주변부_기구_설계,19,1,미흡·없음,아니오,"안전 1건 [인화(1)], 구체적 조치 언급 없음",resolved,text,1120,856,19
반도체장비,LM1903060303_18v2_반도체_장비_주변부_기구_설계,21,1,미흡·없음,아니오,"안전 2건 [주의(1), 진동(1)], 구체적 조치 언급 없음",resolved,text,498,499,21
반도체장비,LM1903060303_18v2_반도체_장비_주변부_기구_설계,23,1,미흡·없음,아니오,"안전 1건 [안전(1)], 구체적 조치 언급 없음",resolved,text,628,539,23
반도체장비,LM1903060303_18v2_반도체_장비_주변부_기구_설계,26,1,미흡·없음,아니오,"안전 2건 [안전(1), 진동(1)], 조치 1건 [방지(1)]",resolved,text,425,215,26;27
반도체장비,LM1903060303_18v2_반도체_장비_주변부_기구_설계,29,1,미흡·없음,아니오,"안전 3건 [안전(1), 주의(1), 유의 사항(1)], 구체적 조치 언급 없음",resolved,text,573,594,28;29
반도체장비,LM1903060303_18v2_반도체_장비_주변부_기구_설계,48,1,미흡·없음,아니오,"안전 0건 [], 조치 3건 [방지(3)]",resolved,text,826,836,48
반도체장비,LM1903060303_18v2_반도체_장비_주변부_기구_설계,53,1,미흡·없음,아니오,"안전 3건 [위험(2), 안전(1)], 구체적 조치 언급 없음",resolved,text,518,455,53
반도체장비,LM1903060303_18v2_반도체_장비_주변부_기구_설계,55,1,미흡·없음,아니오,"안전 1건 [안전(1)], 조치 3건 [방지(3)]",resolved,text,799,801,55
반도체장비,LM1903060303_18v2_반도체_장비_주변부_기구_설계,65,1,미흡·없음,아니오,"안전 3건 [안전(2), 유의 사항(1)], 구체적 조치 언급 없음",resolved,text,602,591,65
반도체장비,LM1903060303_18v2_반도체_장비_주변부_기구_설계,67,1,미흡·없음,아니오,"안전 2건 [안전(1), 위험(1)], 구체적 조치 언급 없음",resolved,text,393,386,67
반도체장비,LM1903060305_18v2_반도체_장비_시스템_소프트웨어_개발,25,1,미흡·없음,아니오,"안전 2건 [안전(1), 유의 사항(1)], 구체적 조치 언급 없음",resolved,text,664,667,25;52
반도체장비,LM1903060305_18v2_반도체_장비_시스템_소프트웨어_개발,35,1,미흡·없음,아니오,"안전 1건 [안전(1)], 구체적 조치 언급 없음",resolved,text,206,199,35
반도체장비,LM1903060305_18v2_반도체_장비_시스템_소프트웨어_개발,48,1,미흡·없음,아니오,"안전 1건 [안전(1)], 구체적 조치 언급 없음",resolved,text,753,738,48
반도체장비,LM1903060305_18v2_반도체_장비_시스템_소프트웨어_개발,51,1,미흡·없음,아니오,"안전 2건 [안전(1), 유의 사항(1)], 구체적 조치 언급 없음",resolved,text,347,375,64
반도체장비,LM1903060305_18v2_반도체_장비_시스템_소프트웨어_개발,57,1,미흡·없음,아니오,"안전 5건 [안전(2), 누출(2), 사고(1)], 조치 4건 [차단(2), 방지(1), 예방(1)]",resolved,text,786,784,57;58
반도체장비,LM1903060305_18v2_반도체_장비_시스템_소프트웨어_개발,61,1,미흡·없음,아니오,"안전 1건 [사망(1)], 구체적 조치 언급 없음",resolved,text,6509,731,62
반도체장비,LM1903060305_18v2_반도체_장비_시스템_소프트웨어_개발,71,1,미흡·없음,아니오,"안전 3건 [주의(2), 안전(1)], 구체적 조치 언급 없음",resolved,text,407,395,72
반도체장비,LM1903060305_18v2_반도체_장비_시스템_소프트웨어_개발,75,1,미흡·없음,아니오,"안전 1건 [안전(1)], 구체적 조치 언급 없음",resolved,text,1339,1336,75
반도체장비,LM1903060307_18v2_반도체_장비_전장_설계,16,1,미흡·없음,아니오,"안전 2건 [안전(1), 사고(1)], 조치 1건 [차단(1)]",resolved,text,317,300,17
반도체장비,LM1903060307_18v2_반도체_장비_전장_설계,21,2,형식적 언급,아니오,"안전 6건 [안전(4), 위험(1), 사고(1)], 구체적 조치 언급 없음",resolved,text,747,719,21
반도체장비,LM1903060307_18v2_반도체_장비_전장_설계,22,1,미흡·없음,아니오,"안전 4건 [안전(3), 유의 사항(1)], 조치 1건 [차단(1)]",resolved,text,284,298,22
반도체장비,LM1903060307_18v2_반도체_장비_전장_설계,30,3,구체적 대책,아니오,"안전 14건 [감전(6), 주의(3), 사고(2), 화재(2), 위험(1)], 조치 17건 [차단(15), 방지(2)]",resolved,text,827,586,30;31
반도체장비,LM1903060307_18v2_반도체_장비_전장_설계,35,1,미흡·없음,아니오,"안전 2건 [안전(1), 주의(1)], 조치 3건 [방지(2), 차단(1)]",resolved,text,632,603,36
반도체장비,LM1903060307_18v2_반도체_장비_전장_설계,36,1,미흡·없음,아니오,"안전 0건 [], 구체적 조치 언급 없음",resolved,text-fallback,380,346,36
반도체장비,LM1903060307_18v2_반도체_장비_전장_설계,37,1,미흡·없음,아니오,"안전 1건 [소음(1)], 조치 2건 [차단(2)]",resolved,text,251,235,37
반도체장비,LM1903060307_18v2_반도체_장비_전장_설계,38,1,미흡·없음,아니오,"안전 0건 [], 조치 3건 [차단(3)]",resolved,text,345,291,37
반도체장비,LM1903060307_18v2_반도체_장비_전장_설계,41,1,미흡·없음,아니오,"안전 4건 [안전(3), 유의 사항(1)], 조치 2건 [차단(2)]",resolved,text,318,303,22;41
반도체장비,LM1903060307_18v2_반도체_장비_전장_설계,44,1,미흡·없음,아니오,"안전 1건 [안전(1)], 구체적 조치 언급 없음",resolved,text,756,399,45
반도체장비,LM1903060307_18v2_반도체_장비_전장_설계,45,1,미흡·없음,아니오,"안전 1건 [안전(1)], 구체적 조치 언급 없음",resolved,text,362,762,46
반도체장비,LM1903060307_18v2_반도체_장비_전장_설계,46,2,형식적 언급,아니오,"안전 24건 [안전(10), 위험(7), 보건(6), 사망(1)], 구체적 조치 언급 없음",resolved,text,955,777,46;47
반도체장비,LM1903060307_18v2_반도체_장비_전장_설계,47,2,형식적 언급,아니오,"안전 16건 [위험(11), 안전(4), 화재(1)], 조치 2건 [차단(1), 격리(1)]",resolved,text,1027,803,47;48
반도체장비,LM1903060307_18v2_반도체_장비_전장_설계,48,1,미흡·없음,아니오,"안전 3건 [유해(2), 화학물질(1)], 구체적 조치 언급 없음",resolved,text,877,1069,48
반도체장비,LM1903060307_18v2_반도체_장비_전장_설계,49,2,형식적 언급,아니오,"안전 8건 [안전(3), 소음(3), 사고(1), 방사선(1)], 조치 1건 [예방(1)]",resolved,text,864,310,49;50
반도체장비,LM1903060307_18v2_반도체_장비_전장_설계,50,1,미흡·없음,아니오,"안전 0건 [], 구체적 조치 언급 없음",resolved,text,463,968,49;50
반도체장비,LM1903060307_18v2_반도체_장비_전장_설계,61,1,미흡·없음,아니오,"안전 2건 [안전(1), 유의 사항(1)], 구체적 조치 언급 없음",resolved,text,222,232,61
반도체장비,LM1903060307_18v2_반도체_장비_전장_설계,65,1,미흡·없음,아니오,"안전 1건 [안전(1)], 구체적 조치 언급 없음",resolved,text,857,419,65
반도체장비,LM1903060308_18v2_반도체_장비_생산_외주관리,17,1,미흡·없음,아니오,"안전 2건 [안전(1), 유의 사항(1)], 구체적 조치 언급 없음",resolved,text,2088,385,18;75
반도체장비,LM1903060308_18v2_반도체_장비_생산_외주관리,18,1,미흡·없음,아니오,"안전 3건 [안전(1), 유의 사항(1), 사고(1)], 구체적 조치 언급 없음",resolved,text,396,559,74
반도체장비,LM1903060308_18v2_반도체_장비_생산_외주관리,35,1,미흡·없음,아니오,"안전 2건 [안전(1), 유의 사항(1)], 구체적 조치 언급 없음",resolved,text,605,543,74
반도체장비,LM1903060308_18v2_반도체_장비_생산_외주관리,42,1,미흡·없음,아니오,"안전 2건 [안전(1), 유의 사항(1)], 구체적 조치 언급 없음",resolved,text,1796,392,75
반도체장비,LM1903060308_18v2_반도체_장비_생산_외주관리,43,1,미흡·없음,아니오,"안전 3건 [안전(1), 위험(1), 유의 사항(1)], 조치 2건 [격리(1), 조치사항(1)]",resolved,text,584,424,75
반도체장비,LM1903060308_18v2_반도체_장비_생산_외주관리,54,1,미흡·없음,아니오,"안전 3건 [안전(2), 유의 사항(1)], 구체적 조치 언급 없음",resolved,text,1093,546,75
반도체장비,LM1903060308_18v2_반도체_장비_생산_외주관리,58,1,미흡·없음,아니오,"안전 2건 [먼지(1), 부상(1)], 조치 2건 [방지(1), 격리(1)]",resolved,text,719,668,75
반도체장비,LM1903060308_18v2_반도체_장비_생산_외주관리,59,1,미흡·없음,아니오,"안전 2건 [안전(2)], 조치 2건 [방지(2)]",resolved,text,575,632,75
반도체장비,LM1903060308_18v2_반도체_장비_생산_외주관리,60,1,미흡·없음,아니오,"안전 2건 [안전(1), 유의 사항(1)], 구체적 조치 언급 없음",resolved,text,373,375,75
반도체장비,LM1903060308_18v2_반도체_장비_생산_외주관리,63,2,형식적 언급,아니오,"안전 6건 [안전(4), 위험(2)], 구체적 조치 언급 없음",resolved,text,442,428,75
반도체장비,LM1903060308_18v2_반도체_장비_생산_외주관리,64,1,미흡·없음,아니오,"안전 3건 [안전(3)], 조치 2건 [방지(2)]",resolved,text,488,456,75
반도체장비,LM1903060308_18v2_반도체_장비_생산_외주관리,68,1,미흡·없음,아니오,"안전 1건 [안전(1)], 구체적 조치 언급 없음",resolved,text,434,450,75
반도체장비,LM1903060308_18v2_반도체_장비_생산_외주관리,69,1,미흡·없음,아니오,"안전 1건 [안전(1)], 구체적 조치 언급 없음",resolved,text,286,279,75
반도체장비,LM1903060308_18v2_반도체_장비_생산_외주관리,70,1,미흡·없음,아니오,"안전 1건 [안전(1)], 구체적 조치 언급 없음",resolved,text,327,289,75
반도체장비,LM1903060308_18v2_반도체_장비_생산_외주관리,71,1,미흡·없음,아니오,"안전 2건 [안전(2)], 구체적 조치 언급 없음",resolved,text,449,489,75
반도체장비,LM1903060313_18v2_반도체_장비_고객_지원,21,2,형식적 언급,아니오,"안전 7건 [안전(3), 유의 사항(1), 사고(1), 진동(1), 누출(1)], 조치 1건 [방지(1)]",resolved,text,275,305,21;22
반도체장비,LM1903060313_18v2_반도체_장비_고객_지원,23,1,미흡·없음,아니오,"안전 2건 [진동(1), 소음(1)], 구체적 조치 언급 없음",resolved,text,715,717,23
반도체장비,LM1903060313_18v2_반도체_장비_고객_지원,28,1,미흡·없음,아니오,"안전 2건 [안전(1), 사고(1)], 조치 6건 [예방(6)]",resolved,text,1061,1046,28
반도체장비,LM1903060313_18v2_반도체_장비_고객_지원,32,1,미흡·없음,아니오,"안전 2건 [안전(1), 사고(1)], 구체적 조치 언급 없음",resolved,text,354,357,32
반도체장비,LM1903060313_18v2_반도체_장비_고객_지원,33,1,미흡·없음,아니오,"안전 5건 [안전(4), 주의(1)], 구체적 조치 언급 없음",resolved,text,534,516,33
반도체장비,LM1903060313_18v2_반도체_장비_고객_지원,34,2,형식적 언급,아니오,"안전 6건 [안전(2), 유의 사항(1), 사고(1), 진동(1), 누출(1)], 구체적 조치 언급 없음",resolved,text,526,541,33;35
반도체장비,LM1903060313_18v2_반도체_장비_고객_지원,35,1,미흡·없음,아니오,"안전 2건 [안전(1), 주의(1)], 구체적 조치 언급 없음",resolved,text,854,869,36
반도체장비,LM1903060313_18v2_반도체_장비_고객_지원,42,1,미흡·없음,아니오,"안전 4건 [안전(1), 유의 사항(1), 진동(1), 누출(1)], 구체적 조치 언급 없음",resolved,text,540,545,42
반도체장비,LM1903060313_18v2_반도체_장비_고객_지원,43,2,형식적 언급,아니오,"안전 8건 [안전(8)], 조치 1건 [안전관리(1)]",resolved,text,555,559,42;43;44
반도체장비,LM1903060313_18v2_반도체_장비_고객_지원,45,2,형식적 언급,아니오,"안전 14건 [안전(9), 사고(3), 진동(2)], 조치 2건 [안전교육(1), 안전수칙(1)]",resolved,text,772,774,45;46
반도체장비,LM1903060313_18v2_반도체_장비_고객_지원,46,1,미흡·없음,아니오,"안전 5건 [안전(4), 사고(1)], 구체적 조치 언급 없음",resolved,text,281,251,46;47
반도체장비,LM1903060313_18v2_반도체_장비_고객_지원,52,1,미흡·없음,아니오,"안전 5건 [안전(1), 유의 사항(1), 사고(1), 진동(1), 누출(1)], 구체적 조치 언급 없음",resolved,text,291,317,52;53
반도체장비,LM1903060313_18v2_반도체_장비_고객_지원,58,1,미흡·없음,아니오,"안전 1건 [위험(1)], 조치 6건 [방지(3), 차단(2), 예방(1)]",resolved,text,740,743,58
반도체장비,LM1903060313_18v2_반도체_장비_고객_지원,59,1,미흡·없음,아니오,"안전 3건 [안전(1), 유의 사항(1), 사고(1)], 구체적 조치 언급 없음",resolved,text,463,467,60
반도체장비,LM1903060314_18v2_LM1903060315_18v2_반도체_장비_보드_설계,20,1,미흡·없음,아니오,"안전 2건 [안전(1), 유의 사항(1)], 구체적 조치 언급 없음",resolved,text,516,536,20
반도체장비,LM1903060314_18v2_LM1903060315_18v2_반도체_장비_보드_설계,27,1,미흡·없음,아니오,"안전 5건 [주의(3), 안전(1), 유의 사항(1)], 조치 2건 [차단(2)]",resolved,text,1609,105,29
반도체장비,LM1903060314_18v2_LM1903060315_18v2_반도체_장비_보드_설계,34,1,미흡·없음,아니오,"안전 3건 [안전(1), 주의(1), 유의 사항(1)], 구체적 조치 언급 없음",resolved,text,628,649,34
반도체장비,LM1903060314_18v2_LM1903060315_18v2_반도체_장비_보드_설계,35,1,미흡·없음,아니오,"안전 2건 [진동(2)], 구체적 조치 언급 없음",resolved,text,796,799,36
반도체장비,LM1903060314_18v2_LM1903060315_18v2_반도체_장비_보드_설계,43,1,미흡·없음,아니오,"안전 3건 [안전(1), 유의 사항(1), 유해(1)], 구체적 조치 언급 없음",resolved,text,4936,268,48
반도체장비,LM1903060314_18v2_LM1903060315_18v2_반도체_장비_보드_설계,58,1,미흡·없음,아니오,"안전 2건 [안전(1), 유의 사항(1)], 구체적 조치 언급 없음",resolved,text,565,587,58
반도체장비,LM1903060314_18v2_LM1903060315_18v2_반도체_장비_보드_설계,67,1,미흡·없음,아니오,"안전 3건 [안전(1), 주의(1), 유의 사항(1)], 구체적 조치 언급 없음",resolved,text,992,914,67
반도체장비,LM1903060314_18v2_LM1903060315_18v2_반도체_장비_보드_설계,74,1,미흡·없음,아니오,"안전 2건 [안전(1), 유의 사항(1)], 구체적 조치 언급 없음",resolved,text,662,684,74
반도체장비,LM1903060316_18v2_LM1903060317_18v2_반도체_장비_유틸리티_소프트웨어_개발,20,1,미흡·없음,아니오,"안전 2건 [사고(1), 화재(1)], 조치 1건 [예방(1)]",resolved,text,992,994,20
반도체장비,LM1903060316_18v2_LM1903060317_18v2_반도체_장비_유틸리티_소프트웨어_개발,22,1,미흡·없음,아니오,"안전 2건 [안전(1), 유의 사항(1)], 구체적 조치 언급 없음",resolved,text-fallback,424,444,22
반도체장비,LM1903060316_18v2_LM1903060317_18v2_반도체_장비_유틸리티_소프트웨어_개발,23,1,미흡·없음,아니오,"안전 4건 [안전(2), 위험(2)], 구체적 조치 언급 없음",resolved,text,711,713,23;24
반도체장비,LM1903060316_18v2_LM1903060317_18v2_반도체_장비_유틸리티_소프트웨어_개발,27,1,미흡·없음,아니오,"안전 1건 [위험(1)], 구체적 조치 언급 없음",resolved,text,946,947,27
반도체장비,LM1903060316_18v2_LM1903060317_18v2_반도체_장비_유틸리티_소프트웨어_개발,28,1,미흡·없음,아니오,"안전 1건 [안전(1)], 구체적 조치 언급 없음",resolved,text,835,823,29
반도체장비,LM1903060316_18v2_LM1903060317_18v2_반도체_장비_유틸리티_소프트웨어_개발,30,1,미흡·없음,아니오,"안전 1건 [안전(1)], 구체적 조치 언급 없음",resolved,text,469,358,31
반도체장비,LM1903060316_18v2_LM1903060317_18v2_반도체_장비_유틸리티_소프트웨어_개발,35,1,미흡·없음,아니오,"안전 1건 [먼지(1)], 구체적 조치 언급 없음",resolved,text,1089,1091,35
반도체장비,LM1903060316_18v2_LM1903060317_18v2_반도체_장비_유틸리티_소프트웨어_개발,37,1,미흡·없음,아니오,"안전 2건 [안전(1), 유의 사항(1)], 구체적 조치 언급 없음",resolved,text,383,351,38;66
반도체장비,LM1903060316_18v2_LM1903060317_18v2_반도체_장비_유틸리티_소프트웨어_개발,39,1,미흡·없음,아니오,"안전 1건 [안전(1)], 구체적 조치 언급 없음",resolved,text,841,840,40
반도체장비,LM1903060316_18v2_LM1903060317_18v2_반도체_장비_유틸리티_소프트웨어_개발,41,1,미흡·없음,아니오,"안전 1건 [안전(1)], 구체적 조치 언급 없음",resolved,text,352,346,42
반도체장비,LM1903060316_18v2_LM1903060317_18v2_반도체_장비_유틸리티_소프트웨어_개발,46,1,미흡·없음,아니오,"안전 1건 [위험(1)], 구체적 조치 언급 없음",resolved,text,422,388,47
반도체장비,LM1903060316_18v2_LM1903060317_18v2_반도체_장비_유틸리티_소프트웨어_개발,47,1,미흡·없음,아니오,"안전 3건 [사고(2), 안전(1)], 조치 2건 [방지(1), 예방(1)]",resolved,text,791,776,47
반도체장비,LM1903060316_18v2_LM1903060317_18v2_반도체_장비_유틸리티_소프트웨어_개발,50,1,미흡·없음,아니오,"안전 2건 [안전(1), 유의 사항(1)], 구체적 조치 언급 없음",resolved,text,601,604,50
반도체장비,LM1903060316_18v2_LM1903060317_18v2_반도체_장비_유틸리티_소프트웨어_개발,56,1,미흡·없음,아니오,"안전 1건 [안전(1)], 구체적 조치 언급 없음",resolved,text,393,381,57
반도체장비,LM1903060316_18v2_LM1903060317_18v2_반도체_장비_유틸리티_소프트웨어_개발,69,1,미흡·없음,아니오,"안전 1건 [안전(1)], 구체적 조치 언급 없음",resolved,text,768,757,70
반도체장비,LM1903060318_18v2_LM1903060319_18v2_반도체_장비_시제품_성능평가,12,1,미흡·없음,아니오,"안전 4건 [안전(3), 진동(1)], 조치 8건 [방지(5), 차단(2), 착용(1)]",resolved,text,9140,219,16;19;24
반도체장비,LM1903060318_18v2_LM1903060319_18v2_반도체_장비_시제품_성능평가,26,1,미흡·없음,아니오,"안전 3건 [안전(1), 유의 사항(1), 사고(1)], 조치 3건 [방지(2), 차단(1)]",resolved,text,983,695,27
반도체장비,LM1903060318_18v2_LM1903060319_18v2_반도체_장비_시제품_성능평가,27,1,미흡·없음,아니오,"안전 1건 [안전(1)], 조치 1건 [방지(1)]",resolved,text,789,1082,28
반도체장비,LM1903060318_18v2_LM1903060319_18v2_반도체_장비_시제품_성능평가,28,1,미흡·없음,아니오,"안전 5건 [안전(1), 위험(1), 주의(1), 사고(1), 진동(1)], 조치 1건 [방지(1)]",resolved,text,743,506,28;29
반도체장비,LM1903060318_18v2_LM1903060319_18v2_반도체_장비_시제품_성능평가,29,2,형식적 언급,아니오,"안전 6건 [안전(4), 위험(1), 누출(1)], 구체적 조치 언급 없음",resolved,text,817,955,29;30
반도체장비,LM1903060318_18v2_LM1903060319_18v2_반도체_장비_시제품_성능평가,31,2,형식적 언급,아니오,"안전 6건 [진동(3), 안전(1), 위험(1), 사고(1)], 조치 3건 [방지(3)]",resolved,text,846,848,31;32
반도체장비,LM1903060318_18v2_LM1903060319_18v2_반도체_장비_시제품_성능평가,32,2,형식적 언급,아니오,"안전 6건 [안전(4), 위험(1), 진동(1)], 조치 1건 [방지(1)]",resolved,text,666,668,32;33
반도체장비,LM1903060318_18v2_LM1903060319_18v2_반도체_장비_시제품_성능평가,33,1,미흡·없음,아니오,"안전 2건 [안전(2)], 조치 2건 [착용(2)]",resolved,text,1263,900,33
반도체장비,LM1903060318_18v2_LM1903060319_18v2_반도체_장비_시제품_성능평가,34,1,미흡·없음,아니오,"안전 2건 [위험(1), 주의(1)], 구체적 조치 언급 없음",resolved,text,930,945,35
반도체장비,LM1903060318_18v2_LM1903060319_18v2_반도체_장비_시제품_성능평가,35,1,미흡·없음,아니오,"안전 1건 [안전(1)], 구체적 조치 언급 없음",resolved,text,502,725,36
반도체장비,LM1903060318_18v2_LM1903060319_18v2_반도체_장비_시제품_성능평가,36,2,형식적 언급,아니오,"안전 11건 [안전(7), 주의(1), 유의 사항(1), 사고(1), 누출(1)], 조치 1건 [방지(1)]",resolved,text,804,826,36;37
반도체장비,LM1903060318_18v2_LM1903060319_18v2_반도체_장비_시제품_성능평가,37,2,형식적 언급,아니오,"안전 8건 [안전(8)], 조치 4건 [차단(2), 착용(1), 대피(1)]",resolved,text,958,961,37;38
반도체장비,LM1903060318_18v2_LM1903060319_18v2_반도체_장비_시제품_성능평가,38,2,형식적 언급,아니오,"안전 9건 [안전(9)], 조치 3건 [차단(1), 안전관리(1), 대피(1)]",resolved,text,1026,1028,38;39
반도체장비,LM1903060318_18v2_LM1903060319_18v2_반도체_장비_시제품_성능평가,39,1,미흡·없음,아니오,"안전 1건 [위험(1)], 구체적 조치 언급 없음",resolved,text,974,977,38;39
반도체장비,LM1903060318_18v2_LM1903060319_18v2_반도체_장비_시제품_성능평가,40,1,미흡·없음,아니오,"안전 1건 [위험(1)], 구체적 조치 언급 없음",resolved,text,1197,1199,41
반도체장비,LM1903060318_18v2_LM1903060319_18v2_반도체_장비_시제품_성능평가,43,2,형식적 언급,아니오,"안전 10건 [안전(5), 사고(3), 유의 사항(1), 감전(1)], 조치 3건 [차단(2), 방지(1)]",resolved,text,717,740,43;44;56
반도체장비,LM1903060318_18v2_LM1903060319_18v2_반도체_장비_시제품_성능평가,47,1,미흡·없음,아니오,"안전 3건 [안전(3)], 구체적 조치 언급 없음",resolved,text,497,504,47;48
반도체장비,LM1903060318_18v2_LM1903060319_18v2_반도체_장비_시제품_성능평가,48,1,미흡·없음,아니오,"안전 4건 [안전(4)], 구체적 조치 언급 없음",resolved,text,520,429,49
반도체장비,LM1903060318_18v2_LM1903060319_18v2_반도체_장비_시제품_성능평가,49,1,미흡·없음,아니오,"안전 1건 [안전(1)], 구체적 조치 언급 없음",resolved,text,370,364,49
반도체장비,LM1903060318_18v2_LM1903060319_18v2_반도체_장비_시제품_성능평가,52,1,미흡·없음,아니오,"안전 4건 [안전(2), 유의 사항(1), 사고(1)], 조치 1건 [방지(1)]",resolved,text,749,774,55
반도체장비,LM1903060318_18v2_LM1903060319_18v2_반도체_장비_시제품_성능평가,55,2,형식적 언급,아니오,"안전 6건 [안전(3), 유의 사항(1), 사고(1), 감전(1)], 조치 1건 [차단(1)]",resolved,text,796,813,56
반도체장비,LM1903060318_18v2_LM1903060319_18v2_반도체_장비_시제품_성능평가,60,1,미흡·없음,아니오,"안전 3건 [안전(2), 유의 사항(1)], 구체적 조치 언급 없음",resolved,text,679,706,60
반도체장비,LM1903060318_18v2_LM1903060319_18v2_반도체_장비_시제품_성능평가,62,1,미흡·없음,아니오,"안전 2건 [안전(2)], 구체적 조치 언급 없음",resolved,text,761,768,62;63
반도체장비,LM1903060318_18v2_LM1903060319_18v2_반도체_장비_시제품_성능평가,67,1,미흡·없음,아니오,"안전 3건 [안전(2), 유의 사항(1)], 구체적 조치 언급 없음",resolved,text,477,652,68
반도체장비,LM1903060318_18v2_LM1903060319_18v2_반도체_장비_시제품_성능평가,71,2,형식적 언급,아니오,"안전 6건 [안전(3), 주의(1), 유의 사항(1), MSDS(1)], 구체적 조치 언급 없음",resolved,text,568,572,72
반도체장비,LM1903060318_18v2_LM1903060319_18v2_반도체_장비_시제품_성능평가,74,1,미흡·없음,아니오,"안전 2건 [안전(2)], 구체적 조치 언급 없음",resolved,text,650,657,75
반도체장비,LM1903060318_18v2_LM1903060319_18v2_반도체_장비_시제품_성능평가,82,1,미흡·없음,아니오,"안전 3건 [안전(2), 유의 사항(1)], 구체적 조치 언급 없음",resolved,text,1744,817,82
반도체장비,LM1903060318_18v2_LM1903060319_18v2_반도체_장비_시제품_성능평가,85,1,미흡·없음,아니오,"안전 2건 [안전(1), 유의 사항(1)], 구체적 조치 언급 없음",resolved,text,519,515,86
반도체장비,LM1903060318_18v2_LM1903060319_18v2_반도체_장비_시제품_성능평가,89,1,미흡·없음,아니오,"안전 2건 [안전(2)], 구체적 조치 언급 없음",resolved,text,690,697,90
반도체장비,LM1903060320_18v2_LM1903060321_18v2_반도체_장비_품질관리,13,1,미흡·없음,아니오,"안전 1건 [안전(1)], 구체적 조치 언급 없음",resolved,text,178,53,16
반도체장비,LM1903060320_18v2_LM1903060321_18v2_반도체_장비_품질관리,17,1,미흡·없음,아니오,"안전 1건 [위험(1)], 조치 1건 [방지(1)]",resolved,text,860,846,17
반도체장비,LM1903060320_18v2_LM1903060321_18v2_반도체_장비_품질관리,18,1,미흡·없음,아니오,"안전 3건 [안전(1), 주의(1), 유의 사항(1)], 구체적 조치 언급 없음",resolved,text,504,21,20
반도체장비,LM1903060320_18v2_LM1903060321_18v2_반도체_장비_품질관리,28,1,미흡·없음,아니오,"안전 1건 [안전(1)], 구체적 조치 언급 없음",resolved,text,427,569,28
반도체장비,LM1903060320_18v2_LM1903060321_18v2_반도체_장비_품질관리,31,1,미흡·없음,아니오,"안전 3건 [안전(2), 유의 사항(1)], 구체적 조치 언급 없음",resolved,text,611,637,31
반도체장비,LM1903060320_18v2_LM1903060321_18v2_반도체_장비_품질관리,32,1,미흡·없음,아니오,"안전 3건 [유해(2), 안전(1)], 구체적 조치 언급 없음",resolved,text,871,873,32
반도체장비,LM1903060320_18v2_LM1903060321_18v2_반도체_장비_품질관리,34,1,미흡·없음,아니오,"안전 1건 [위험(1)], 구체적 조치 언급 없음",resolved,text,698,682,34
반도체장비,LM1903060320_18v2_LM1903060321_18v2_반도체_장비_품질관리,35,2,형식적 언급,아니오,"안전 7건 [안전(5), 유의 사항(1), 사고(1)], 구체적 조치 언급 없음",resolved,text,497,586,35;36
반도체장비,LM1903060320_18v2_LM1903060321_18v2_반도체_장비_품질관리,42,1,미흡·없음,아니오,"안전 1건 [안전(1)], 구체적 조치 언급 없음",resolved,text,713,693,42
반도체장비,LM1903060320_18v2_LM1903060321_18v2_반도체_장비_품질관리,43,1,미흡·없음,아니오,"안전 5건 [안전(3), 유의 사항(1), 사고(1)], 구체적 조치 언급 없음",resolved,text,556,583,43
반도체장비,LM1903060320_18v2_LM1903060321_18v2_반도체_장비_품질관리,44,1,미흡·없음,아니오,"안전 0건 [], 구체적 조치 언급 없음",resolved,text,558,543,43
반도체장비,LM1903060320_18v2_LM1903060321_18v2_반도체_장비_품질관리,49,1,미흡·없음,아니오,"안전 3건 [안전(1), 유의 사항(1), 진동(1)], 구체적 조치 언급 없음",resolved,text,790,776,49;50
반도체장비,LM1903060320_18v2_LM1903060321_18v2_반도체_장비_품질관리,50,1,미흡·없음,아니오,"안전 1건 [안전(1)], 구체적 조치 언급 없음",resolved,text,722,720,50
반도체장비,LM1903060320_18v2_LM1903060321_18v2_반도체_장비_품질관리,55,1,미흡·없음,아니오,"안전 2건 [안전(1), 유의 사항(1)], 구체적 조치 언급 없음",resolved,text,455,483,55
반도체장비,LM1903060320_18v2_LM1903060321_18v2_반도체_장비_품질관리,61,1,미흡·없음,아니오,"안전 5건 [안전(1), 위험(1), 유의 사항(1), 사고(1), 소음(1)], 구체적 조치 언급 없음",resolved,text,541,545,62
반도체장비,LM1903060320_18v2_LM1903060321_18v2_반도체_장비_품질관리,66,1,미흡·없음,아니오,"안전 2건 [안전(1), 위험(1)], 구체적 조치 언급 없음",resolved,text,683,689,67
반도체장비,LM1903060320_18v2_LM1903060321_18v2_반도체_장비_품질관리,67,2,형식적 언급,아니오,"안전 12건 [안전(6), 유해(4), 유의 사항(1), 보건(1)], 구체적 조치 언급 없음",resolved,text,639,643,67;68
반도체장비,LM1903060320_18v2_LM1903060321_18v2_반도체_장비_품질관리,68,1,미흡·없음,아니오,"안전 2건 [안전(1), 보건(1)], 구체적 조치 언급 없음",resolved,text,631,608,68
반도체장비,LM1903060320_18v2_LM1903060321_18v2_반도체_장비_품질관리,72,1,미흡·없음,아니오,"안전 2건 [안전(1), 유의 사항(1)], 구체적 조치 언급 없음",resolved,text,753,714,73
반도체장비,LM1903060320_18v2_LM1903060321_18v2_반도체_장비_품질관리,79,1,미흡·없음,아니오,"안전 3건 [진동(3)], 구체적 조치 언급 없음",resolved,text,387,389,79
반도체장비,LM1903060320_18v2_LM1903060321_18v2_반도체_장비_품질관리,80,1,미흡·없음,아니오,"안전 4건 [안전(2), 유의 사항(1), 진동(1)], 구체적 조치 언급 없음",resolved,text,420,449,80;81
반도체장비,LM1903060320_18v2_LM1903060321_18v2_반도체_장비_품질관리,85,1,미흡·없음,아니오,"안전 2건 [위험(2)], 구체적 조치 언급 없음",resolved,text,327,305,86
반도체장비,LM1903060320_18v2_LM1903060321_18v2_반도체_장비_품질관리,86,1,미흡·없음,아니오,"안전 2건 [안전(1), 먼지(1)], 구체적 조치 언급 없음",resolved,text,510,489,86;87
반도체장비,LM1903060320_18v2_LM1903060321_18v2_반도체_장비_품질관리,87,1,미흡·없음,아니오,"안전 2건 [안전(1), 유의 사항(1)], 구체적 조치 언급 없음",resolved,text,446,473,87
반도체장비,LM1903060322_19v3_반도체_장비_기구_조립,21,1,미흡·없음,아니오,"안전 4건 [안전(3), 유의 사항(1)], 조치 2건 [착용(1), 안전화(1)]",resolved,text,228,229,22
반도체장비,LM1903060322_19v3_반도체_장비_기구_조립,22,3,구체적 대책,아니오,"안전 8건 [안전(4), 사고(2), 주의(1), 끼임(1)], 조치 7건 [방지(2), 착용(2), 안전관리(2), 예방(1)]",resolved,text,690,693,22
반도체장비,LM1903060322_19v3_반도체_장비_기구_조립,30,1,미흡·없음,아니오,"안전 1건 [진동(1)], 구체적 조치 언급 없음",resolved,text,696,696,29
반도체장비,LM1903060322_19v3_반도체_장비_기구_조립,32,1,미흡·없음,아니오,"안전 1건 [진동(1)], 조치 1건 [방지(1)]",resolved,text,659,642,33
반도체장비,LM1903060322_19v3_반도체_장비_기구_조립,34,1,미흡·없음,아니오,"안전 1건 [먼지(1)], 구체적 조치 언급 없음",resolved,text,332,316,34
반도체장비,LM1903060322_19v3_반도체_장비_기구_조립,35,1,미흡·없음,아니오,"안전 3건 [안전(3)], 구체적 조치 언급 없음",resolved,text,773,771,35
반도체장비,LM1903060322_19v3_반도체_장비_기구_조립,37,1,미흡·없음,아니오,"안전 1건 [안전(1)], 조치 1건 [마스크(1)]",resolved,text,678,683,38
반도체장비,LM1903060322_19v3_반도체_장비_기구_조립,39,2,형식적 언급,아니오,"안전 7건 [안전(4), 주의(1), 유의 사항(1), 사고(1)], 조치 3건 [예방(1), 착용(1), 안전화(1)]",resolved,text,331,331,39
반도체장비,LM1903060322_19v3_반도체_장비_기구_조립,40,1,미흡·없음,아니오,"안전 5건 [안전(3), 사고(1), 끼임(1)], 조치 6건 [방지(2), 착용(2), 안전관리(2)]",resolved,text,469,466,40;101
반도체장비,LM1903060322_19v3_반도체_장비_기구_조립,43,1,미흡·없음,아니오,"안전 5건 [안전(2), 진동(2), 위험(1)], 조치 3건 [마스크(2), 안전장치(1)]",resolved,text,1040,1042,43;44
반도체장비,LM1903060322_19v3_반도체_장비_기구_조립,44,1,미흡·없음,아니오,"안전 2건 [소음(2)], 구체적 조치 언급 없음",resolved,text,694,678,45
반도체장비,LM1903060322_19v3_반도체_장비_기구_조립,46,1,미흡·없음,아니오,"안전 5건 [안전(5)], 구체적 조치 언급 없음",resolved,text,688,665,46;47
반도체장비,LM1903060322_19v3_반도체_장비_기구_조립,47,1,미흡·없음,아니오,"안전 4건 [안전(3), 주의(1)], 구체적 조치 언급 없음",resolved,text,145,138,47
반도체장비,LM1903060322_19v3_반도체_장비_기구_조립,52,1,미흡·없음,아니오,"안전 1건 [화학물질(1)], 조치 1건 [마스크(1)]",resolved,text,644,651,52
반도체장비,LM1903060322_19v3_반도체_장비_기구_조립,53,1,미흡·없음,아니오,"안전 3건 [위험(1), 사고(1), 폭발(1)], 구체적 조치 언급 없음",resolved,text,681,677,53
반도체장비,LM1903060322_19v3_반도체_장비_기구_조립,59,3,구체적 대책,아니오,"안전 10건 [안전(6), 사고(2), 주의(1), 끼임(1)], 조치 9건 [착용(3), 방지(2), 안전관리(2), 예방(1), 안전화(1)]",resolved,text,596,603,40;59;60;121
반도체장비,LM1903060322_19v3_반도체_장비_기구_조립,62,1,미흡·없음,아니오,"안전 1건 [화학물질(1)], 조치 2건 [마스크(2)]",resolved,text,677,636,62
반도체장비,LM1903060322_19v3_반도체_장비_기구_조립,65,1,미흡·없음,아니오,"안전 1건 [위험(1)], 구체적 조치 언급 없음",resolved,text,942,942,65
반도체장비,LM1903060322_19v3_반도체_장비_기구_조립,66,1,미흡·없음,아니오,"안전 3건 [진동(3)], 구체적 조치 언급 없음",resolved,text,887,889,66;67
반도체장비,LM1903060322_19v3_반도체_장비_기구_조립,71,1,미흡·없음,아니오,"안전 1건 [분진(1)], 구체적 조치 언급 없음",resolved,text,628,636,71
반도체장비,LM1903060322_19v3_반도체_장비_기구_조립,72,1,미흡·없음,아니오,"안전 1건 [진동(1)], 조치 4건 [격리(4)]",resolved,text,450,434,73
반도체장비,LM1903060322_19v3_반도체_장비_기구_조립,77,1,미흡·없음,아니오,"안전 1건 [안전(1)], 조치 1건 [방지(1)]",resolved,text,647,626,77
반도체장비,LM1903060322_19v3_반도체_장비_기구_조립,79,1,미흡·없음,아니오,"안전 1건 [위험(1)], 구체적 조치 언급 없음",resolved,text,413,359,79
반도체장비,LM1903060322_19v3_반도체_장비_기구_조립,83,1,미흡·없음,아니오,"안전 1건 [진동(1)], 조치 1건 [방지(1)]",resolved,text,599,583,83
반도체장비,LM1903060322_19v3_반도체_장비_기구_조립,84,1,미흡·없음,아니오,"안전 1건 [진동(1)], 조치 1건 [방지(1)]",resolved,text,378,362,85
반도체장비,LM1903060322_19v3_반도체_장비_기구_조립,85,1,미흡·없음,아니오,"안전 1건 [진동(1)], 조치 1건 [방지(1)]",resolved,text,483,465,86
반도체장비,LM1903060322_19v3_반도체_장비_기구_조립,89,1,미흡·없음,아니오,"안전 1건 [진동(1)], 조치 1건 [방지(1)]",resolved,text,704,689,89;90
반도체장비,LM1903060322_19v3_반도체_장비_기구_조립,95,2,형식적 언급,아니오,"안전 6건 [진동(6)], 구체적 조치 언급 없음",resolved,text,501,500,95;96
반도체장비,LM1903060322_19v3_반도체_장비_기구_조립,97,1,미흡·없음,아니오,"안전 5건 [진동(3), 화학물질(2)], 구체적 조치 언급 없음",resolved,text,698,685,97;98
반도체장비,LM1903060322_19v3_반도체_장비_기구_조립,100,3,구체적 대책,아니오,"안전 10건 [안전(6), 사고(2), 주의(1), 끼임(1)], 조치 9건 [착용(3), 방지(2), 안전관리(2), 예방(1), 안전화(1)]",resolved,text,469,507,59;101
반도체장비,LM1903060322_19v3_반도체_장비_기구_조립,101,2,형식적 언급,아니오,"안전 14건 [진동(14)], 구체적 조치 언급 없음",resolved,text,804,807,101;102
반도체장비,LM1903060322_19v3_반도체_장비_기구_조립,103,1,미흡·없음,아니오,"안전 3건 [진동(3)], 구체적 조치 언급 없음",resolved,text,767,770,104
반도체장비,LM1903060322_19v3_반도체_장비_기구_조립,104,1,미흡·없음,아니오,"안전 3건 [진동(3)], 구체적 조치 언급 없음",resolved,text,386,349,104;105
반도체장비,LM1903060322_19v3_반도체_장비_기구_조립,105,1,미흡·없음,아니오,"안전 2건 [진동(2)], 조치 1건 [방지(1)]",resolved,text,481,445,105
반도체장비,LM1903060322_19v3_반도체_장비_기구_조립,107,1,미흡·없음,아니오,"안전 2건 [위험(1), 사고(1)], 조치 1건 [방지(1)]",resolved,text,504,469,107
반도체장비,LM1903060322_19v3_반도체_장비_기구_조립,109,1,미흡·없음,아니오,"안전 3건 [화학물질(2), 안전(1)], 조치 1건 [안전장치(1)]",resolved,text,478,452,109
반도체장비,LM1903060322_19v3_반도체_장비_기구_조립,113,1,미흡·없음,아니오,"안전 1건 [진동(1)], 구체적 조치 언급 없음",resolved,text,483,472,113
반도체장비,LM1903060322_19v3_반도체_장비_기구_조립,114,1,미흡·없음,아니오,"안전 2건 [진동(2)], 구체적 조치 언급 없음",resolved,text,424,432,114;115
반도체장비,LM1903060322_19v3_반도체_장비_기구_조립,116,1,미흡·없음,아니오,"안전 2건 [진동(2)], 구체적 조치 언급 없음",resolved,text,912,878,116;117
반도체장비,LM1903060322_19v3_반도체_장비_기구_조립,118,1,미흡·없음,아니오,"안전 2건 [안전(2)], 구체적 조치 언급 없음",resolved,text,641,595,119
반도체장비,LM1903060322_19v3_반도체_장비_기구_조립,119,1,미흡·없음,아니오,"안전 2건 [주의(1), 진동(1)], 구체적 조치 언급 없음",resolved,text,411,396,119
반도체장비,LM1903060322_19v3_반도체_장비_기구_조립,120,1,미흡·없음,아니오,"안전 5건 [안전(3), 주의(1), 유의 사항(1)], 조치 2건 [착용(1), 안전화(1)]",resolved,text,198,269,121
반도체장비,LM1903060322_19v3_반도체_장비_기구_조립,121,3,구체적 대책,아니오,"안전 7건 [안전(4), 사고(2), 끼임(1)], 조치 7건 [방지(2), 착용(2), 안전관리(2), 예방(1)]",resolved,text,723,727,101;121
반도체장비,LM1903060322_19v3_반도체_장비_기구_조립,125,2,형식적 언급,아니오,"안전 7건 [안전(7)], 조치 1건 [착용(1)]",resolved,text,416,381,125;126
반도체장비,LM1903060322_19v3_반도체_장비_기구_조립,126,1,미흡·없음,아니오,"안전 0건 [], 구체적 조치 언급 없음",resolved,text,365,330,126
반도체장비,LM1903060322_19v3_반도체_장비_기구_조립,127,1,미흡·없음,아니오,"안전 1건 [진동(1)], 구체적 조치 언급 없음",resolved,text,806,809,128
반도체장비,LM1903060322_19v3_반도체_장비_기구_조립,129,1,미흡·없음,아니오,"안전 3건 [진동(2), 끼임(1)], 구체적 조치 언급 없음",resolved,text,824,827,129
반도체장비,LM1903060322_19v3_반도체_장비_기구_조립,130,1,미흡·없음,아니오,"안전 2건 [주의(1), 진동(1)], 구체적 조치 언급 없음",resolved,text,798,801,130
반도체장비,LM1903060323_19v3_반도체_장비_기구_조립_검증,20,1,미흡·없음,아니오,"안전 1건 [안전(1)], 조치 1건 [마스크(1)]",resolved,text,767,758,21
반도체장비,LM1903060323_19v3_반도체_장비_기구_조립_검증,21,1,미흡·없음,아니오,"안전 3건 [안전(2), 유의 사항(1)], 구체적 조치 언급 없음",resolved,text,289,254,21;49;51
반도체장비,LM1903060323_19v3_반도체_장비_기구_조립_검증,22,3,구체적 대책,아니오,"안전 9건 [안전(5), 사고(2), 주의(1), 끼임(1)], 조치 8건 [착용(3), 방지(2), 예방(1), 안전관리(1), 안전화(1)]",resolved,text,432,482,22;23;88
반도체장비,LM1903060323_19v3_반도체_장비_기구_조립_검증,23,3,구체적 대책,아니오,"안전 8건 [안전(6), 주의(2)], 조치 7건 [착용(2), 안전관리(2), 차단(1), 안전화(1), 방독면(1)]",resolved,text,686,689,23
반도체장비,LM1903060323_19v3_반도체_장비_기구_조립_검증,33,1,미흡·없음,아니오,"안전 3건 [안전(2), 먼지(1)], 구체적 조치 언급 없음",resolved,text,563,547,33
반도체장비,LM1903060323_19v3_반도체_장비_기구_조립_검증,35,1,미흡·없음,아니오,"안전 3건 [안전(1), 위험(1), 진동(1)], 조치 3건 [마스크(2), 방지(1)]",resolved,text,987,989,36
반도체장비,LM1903060323_19v3_반도체_장비_기구_조립_검증,36,1,미흡·없음,아니오,"안전 2건 [안전(1), 진동(1)], 구체적 조치 언급 없음",resolved,text,764,767,36;37
반도체장비,LM1903060323_19v3_반도체_장비_기구_조립_검증,38,1,미흡·없음,아니오,"안전 1건 [안전(1)], 구체적 조치 언급 없음",resolved,text,785,788,38
반도체장비,LM1903060323_19v3_반도체_장비_기구_조립_검증,39,1,미흡·없음,아니오,"안전 2건 [안전(1), 사고(1)], 조치 1건 [예방(1)]",resolved,text,432,402,40
반도체장비,LM1903060323_19v3_반도체_장비_기구_조립_검증,44,1,미흡·없음,아니오,"안전 1건 [화학물질(1)], 조치 1건 [마스크(1)]",resolved,text,755,758,44
반도체장비,LM1903060323_19v3_반도체_장비_기구_조립_검증,45,1,미흡·없음,아니오,"안전 1건 [위험(1)], 구체적 조치 언급 없음",resolved,text,835,826,45
반도체장비,LM1903060323_19v3_반도체_장비_기구_조립_검증,49,1,미흡·없음,아니오,"안전 3건 [안전(2), 유의 사항(1)], 구체적 조치 언급 없음",resolved,text,236,202,87
반도체장비,LM1903060323_19v3_반도체_장비_기구_조립_검증,50,3,구체적 대책,아니오,"안전 11건 [안전(7), 사고(2), 주의(1), 끼임(1)], 조치 10건 [착용(3), 방지(2), 안전관리(2), 예방(1), 차단(1)]",resolved,text,519,557,23;51;107
반도체장비,LM1903060323_19v3_반도체_장비_기구_조립_검증,51,3,구체적 대책,아니오,"안전 6건 [안전(4), 주의(2)], 조치 5건 [착용(2), 안전관리(1), 안전화(1), 방독면(1)]",resolved,text,700,729,51
반도체장비,LM1903060323_19v3_반도체_장비_기구_조립_검증,52,1,미흡·없음,아니오,"안전 1건 [진동(1)], 조치 2건 [착용(1), 마스크(1)]",resolved,text,863,843,52
반도체장비,LM1903060323_19v3_반도체_장비_기구_조립_검증,63,1,미흡·없음,아니오,"안전 1건 [끼임(1)], 구체적 조치 언급 없음",resolved,text,291,305,63
반도체장비,LM1903060323_19v3_반도체_장비_기구_조립_검증,64,1,미흡·없음,아니오,"안전 4건 [끼임(3), 진동(1)], 구체적 조치 언급 없음",resolved,text,604,584,64
반도체장비,LM1903060323_19v3_반도체_장비_기구_조립_검증,65,1,미흡·없음,아니오,"안전 1건 [끼임(1)], 구체적 조치 언급 없음",resolved,text,574,561,66
반도체장비,LM1903060323_19v3_반도체_장비_기구_조립_검증,67,1,미흡·없음,아니오,"안전 1건 [끼임(1)], 구체적 조치 언급 없음",resolved,text,766,768,67
반도체장비,LM1903060323_19v3_반도체_장비_기구_조립_검증,68,1,미흡·없음,아니오,"안전 1건 [끼임(1)], 구체적 조치 언급 없음",resolved,text,791,793,69
반도체장비,LM1903060323_19v3_반도체_장비_기구_조립_검증,69,1,미흡·없음,아니오,"안전 1건 [끼임(1)], 구체적 조치 언급 없음",resolved,text,402,382,70
반도체장비,LM1903060323_19v3_반도체_장비_기구_조립_검증,70,1,미흡·없음,아니오,"안전 1건 [진동(1)], 구체적 조치 언급 없음",resolved,text,545,533,70
반도체장비,LM1903060323_19v3_반도체_장비_기구_조립_검증,74,1,미흡·없음,아니오,"안전 1건 [끼임(1)], 구체적 조치 언급 없음",resolved,text,584,551,74
반도체장비,LM1903060323_19v3_반도체_장비_기구_조립_검증,75,1,미흡·없음,아니오,"안전 1건 [진동(1)], 구체적 조치 언급 없음",resolved,text,412,462,75
반도체장비,LM1903060323_19v3_반도체_장비_기구_조립_검증,76,1,미흡·없음,아니오,"안전 1건 [끼임(1)], 구체적 조치 언급 없음",resolved,text,488,471,76
반도체장비,LM1903060323_19v3_반도체_장비_기구_조립_검증,77,1,미흡·없음,아니오,"안전 1건 [끼임(1)], 구체적 조치 언급 없음",resolved,text,2653,490,77
반도체장비,LM1903060323_19v3_반도체_장비_기구_조립_검증,82,2,형식적 언급,아니오,"안전 6건 [진동(6)], 구체적 조치 언급 없음",resolved,text,612,594,82;83
반도체장비,LM1903060323_19v3_반도체_장비_기구_조립_검증,84,1,미흡·없음,아니오,"안전 3건 [진동(3)], 구체적 조치 언급 없음",resolved,text,687,679,84
반도체장비,LM1903060323_19v3_반도체_장비_기구_조립_검증,85,1,미흡·없음,아니오,"안전 2건 [화학물질(2)], 구체적 조치 언급 없음",resolved,text,646,644,85
반도체장비,LM1903060323_19v3_반도체_장비_기구_조립_검증,87,1,미흡·없음,아니오,"안전 3건 [안전(2), 유의 사항(1)], 구체적 조치 언급 없음",resolved,text,208,189,105
반도체장비,LM1903060323_19v3_반도체_장비_기구_조립_검증,88,3,구체적 대책,아니오,"안전 13건 [안전(9), 사고(2), 주의(1), 끼임(1)], 조치 11건 [착용(3), 안전관리(3), 방지(2), 예방(1), 차단(1)]",resolved,text,625,648,51;88
반도체장비,LM1903060323_19v3_반도체_장비_기구_조립_검증,89,2,형식적 언급,아니오,"안전 11건 [진동(7), 안전(2), 주의(2)], 조치 4건 [착용(2), 안전화(1), 방독면(1)]",resolved,text,759,744,89;90
반도체장비,LM1903060323_19v3_반도체_장비_기구_조립_검증,90,2,형식적 언급,아니오,"안전 6건 [진동(6)], 구체적 조치 언급 없음",resolved,text,454,438,90
반도체장비,LM1903060323_19v3_반도체_장비_기구_조립_검증,92,1,미흡·없음,아니오,"안전 1건 [진동(1)], 구체적 조치 언급 없음",resolved,text,522,525,93
반도체장비,LM1903060323_19v3_반도체_장비_기구_조립_검증,93,1,미흡·없음,아니오,"안전 1건 [진동(1)], 구체적 조치 언급 없음",resolved,text,509,463,93
반도체장비,LM1903060323_19v3_반도체_장비_기구_조립_검증,95,1,미흡·없음,아니오,"안전 2건 [안전(1), 화학물질(1)], 조치 1건 [안전장치(1)]",resolved,text,728,713,95
반도체장비,LM1903060323_19v3_반도체_장비_기구_조립_검증,97,1,미흡·없음,아니오,"안전 1건 [진동(1)], 구체적 조치 언급 없음",resolved,text,275,263,97
반도체장비,LM1903060323_19v3_반도체_장비_기구_조립_검증,98,1,미흡·없음,아니오,"안전 2건 [진동(2)], 구체적 조치 언급 없음",resolved,text,373,380,98;99
반도체장비,LM1903060323_19v3_반도체_장비_기구_조립_검증,101,1,미흡·없음,아니오,"안전 3건 [사고(2), 안전(1)], 조치 2건 [예방(2)]",resolved,text,577,558,100;101
반도체장비,LM1903060323_19v3_반도체_장비_기구_조립_검증,102,1,미흡·없음,아니오,"안전 2건 [안전(2)], 구체적 조치 언급 없음",resolved,text,735,726,103
반도체장비,LM1903060323_19v3_반도체_장비_기구_조립_검증,103,1,미흡·없음,아니오,"안전 5건 [안전(2), 사고(2), 진동(1)], 조치 1건 [예방(1)]",resolved,text,520,535,103;104
반도체장비,LM1903060323_19v3_반도체_장비_기구_조립_검증,104,3,구체적 대책,아니오,"안전 60건 [안전(29), 사고(20), 폭발(3), 누출(2), 화재(2)], 조치 5건 [예방(5)]",resolved,text,516,516,104;105
반도체장비,LM1903060323_19v3_반도체_장비_기구_조립_검증,105,2,형식적 언급,아니오,"안전 8건 [안전(5), 유의 사항(1), 사고(1), 폭발(1)], 조치 1건 [예방(1)]",resolved,text,263,217,105
반도체장비,LM1903060323_19v3_반도체_장비_기구_조립_검증,106,3,구체적 대책,아니오,"안전 9건 [안전(5), 사고(2), 주의(1), 끼임(1)], 조치 8건 [착용(3), 방지(2), 예방(1), 안전관리(1), 안전화(1)]",resolved,text,432,482,88;107
반도체장비,LM1903060323_19v3_반도체_장비_기구_조립_검증,107,3,구체적 대책,아니오,"안전 8건 [안전(6), 주의(2)], 조치 7건 [착용(2), 안전관리(2), 차단(1), 안전화(1), 방독면(1)]",resolved,text,675,678,107
반도체장비,LM1903060323_19v3_반도체_장비_기구_조립_검증,110,2,형식적 언급,아니오,"안전 6건 [안전(6)], 구체적 조치 언급 없음",resolved,text,302,285,110;111
반도체장비,LM1903060323_19v3_반도체_장비_기구_조립_검증,111,1,미흡·없음,아니오,"안전 2건 [진동(2)], 구체적 조치 언급 없음",resolved,text,834,836,111;112
반도체장비,LM1903060323_19v3_반도체_장비_기구_조립_검증,113,1,미흡·없음,아니오,"안전 3건 [진동(2), 끼임(1)], 구체적 조치 언급 없음",resolved,text,816,819,113
반도체장비,LM1903060323_19v3_반도체_장비_기구_조립_검증,114,1,미흡·없음,아니오,"안전 1건 [진동(1)], 구체적 조치 언급 없음",resolved,text,516,491,115
반도체장비,LM1903060323_19v3_반도체_장비_기구_조립_검증,115,2,형식적 언급,아니오,"안전 10건 [안전(5), 사고(5)], 조치 1건 [예방(1)]",resolved,text,584,577,115;116
반도체장비,LM1903060323_19v3_반도체_장비_기구_조립_검증,116,2,형식적 언급,아니오,"안전 48건 [사고(13), 안전(10), 누출(8), 폭발(5), 화재(5)], 조치 1건 [환기(1)]",resolved,text,790,790,116;117
반도체장비,LM1903060323_19v3_반도체_장비_기구_조립_검증,117,2,형식적 언급,아니오,"안전 20건 [안전(10), 사고(5), 폭발(3), 주의(1), 화학물질(1)], 조치 3건 [예방(3)]",resolved,text,567,537,117;118
반도체장비,LM1903060323_19v3_반도체_장비_기구_조립_검증,118,2,형식적 언급,아니오,"안전 17건 [안전(16), 위험(1)], 조치 3건 [예방(2), 차단(1)]",resolved,text,583,528,118;119
반도체장비,LM1903060323_19v3_반도체_장비_기구_조립_검증,119,2,형식적 언급,아니오,"안전 16건 [안전(12), 끼임(4)], 조치 2건 [예방(2)]",resolved,text,421,385,119;120
반도체장비,LM1903060323_19v3_반도체_장비_기구_조립_검증,120,3,구체적 대책,아니오,"안전 28건 [안전(15), 화재(4), 감전(4), 누출(3), 사고(2)], 조치 6건 [예방(5), 차단(1)]",resolved,text,700,684,119;120;121
반도체장비,LM1903060323_19v3_반도체_장비_기구_조립_검증,121,2,형식적 언급,아니오,"안전 30건 [안전(19), 폭발(4), 사고(3), 누출(3), 유해(1)], 조치 3건 [예방(3)]",resolved,text,680,645,121;122
반도체장비,LM1903060323_19v3_반도체_장비_기구_조립_검증,122,2,형식적 언급,아니오,"안전 23건 [안전(14), 폭발(5), 사고(3), 유해(1)], 조치 2건 [예방(2)]",resolved,text,577,569,122;123
반도체장비,LM1903060323_19v3_반도체_장비_기구_조립_검증,123,2,형식적 언급,아니오,"안전 9건 [안전(7), 위험(1), 주의(1)], 구체적 조치 언급 없음",resolved,text,322,305,123;124
반도체장비,LM1903060323_19v3_반도체_장비_기구_조립_검증,124,1,미흡·없음,아니오,"안전 4건 [안전(2), 사고(2)], 조치 2건 [예방(2)]",resolved,text,504,512,124;125
반도체장비,LM1903060323_19v3_반도체_장비_기구_조립_검증,125,2,형식적 언급,아니오,"안전 6건 [안전(3), 사고(3)], 조치 3건 [예방(3)]",resolved,text,482,410,126
반도체장비,LM1903060323_19v3_반도체_장비_기구_조립_검증,126,2,형식적 언급,아니오,"안전 11건 [안전(7), 사고(4)], 조치 3건 [예방(3)]",resolved,text,711,707,126
반도체장비,LM1903060324_19v2_반도체_장비_전장_조립,15,2,형식적 언급,아니오,"안전 27건 [안전(11), 위험(8), 보건(6), 사망(2)], 구체적 조치 언급 없음",resolved,text,1511,747,16;17
반도체장비,LM1903060324_19v2_반도체_장비_전장_조립,17,2,형식적 언급,아니오,"안전 15건 [위험(10), 안전(4), 화재(1)], 조치 2건 [차단(1), 격리(1)]",resolved,text,1026,1027,17;18
반도체장비,LM1903060324_19v2_반도체_장비_전장_조립,18,2,형식적 언급,아니오,"안전 10건 [화학물질(3), 안전(2), 유해(2), 사고(1), 소음(1)], 조치 1건 [예방(1)]",resolved,text,1104,1018,18;19
반도체장비,LM1903060324_19v2_반도체_장비_전장_조립,19,1,미흡·없음,아니오,"안전 3건 [소음(2), 안전(1)], 구체적 조치 언급 없음",resolved,text,1278,916,19;20
반도체장비,LM1903060324_19v2_반도체_장비_전장_조립,20,1,미흡·없음,아니오,"안전 0건 [], 조치 2건 [마스크(2)]",resolved,text,371,732,19
반도체장비,LM1903060324_19v2_반도체_장비_전장_조립,21,1,미흡·없음,아니오,"안전 1건 [화학물질(1)], 조치 1건 [마스크(1)]",resolved,text,728,729,21
반도체장비,LM1903060324_19v2_반도체_장비_전장_조립,22,1,미흡·없음,아니오,"안전 1건 [진동(1)], 조치 1건 [마스크(1)]",resolved,text,525,561,22
반도체장비,LM1903060324_19v2_반도체_장비_전장_조립,24,1,미흡·없음,아니오,"안전 1건 [안전(1)], 구체적 조치 언급 없음",resolved,text,1043,1010,25
반도체장비,LM1903060324_19v2_반도체_장비_전장_조립,40,1,미흡·없음,아니오,"안전 2건 [사고(1), 감전(1)], 조치 1건 [예방(1)]",resolved,text-fallback,498,474,40
반도체장비,LM1903060324_19v2_반도체_장비_전장_조립,41,1,미흡·없음,아니오,"안전 3건 [안전(2), 유의 사항(1)], 구체적 조치 언급 없음",resolved,text,371,391,41
반도체장비,LM1903060324_19v2_반도체_장비_전장_조립,42,2,형식적 언급,아니오,"안전 7건 [안전(4), 위험(1), 주의(1), 유의 사항(1)], 구체적 조치 언급 없음",resolved,text,267,275,42;43
반도체장비,LM1903060324_19v2_반도체_장비_전장_조립,43,1,미흡·없음,아니오,"안전 2건 [안전(1), 화재(1)], 조치 1건 [안전장치(1)]",resolved,text,508,306,44
반도체장비,LM1903060324_19v2_반도체_장비_전장_조립,47,1,미흡·없음,아니오,"안전 1건 [진동(1)], 조치 4건 [격리(4)]",resolved,text,770,770,47
반도체장비,LM1903060324_19v2_반도체_장비_전장_조립,49,1,미흡·없음,아니오,"안전 3건 [안전(2), 주의(1)], 구체적 조치 언급 없음",resolved,text,232,220,50
반도체장비,LM1903060324_19v2_반도체_장비_전장_조립,50,1,미흡·없음,아니오,"안전 4건 [안전(2), 유의 사항(2)], 조치 4건 [차단(4)]",resolved,text,549,565,50
반도체장비,LM1903060324_19v2_반도체_장비_전장_조립,52,1,미흡·없음,아니오,"안전 2건 [안전(2)], 조치 2건 [차단(2)]",resolved,text,415,367,52;53
반도체장비,LM1903060324_19v2_반도체_장비_전장_조립,53,1,미흡·없음,아니오,"안전 3건 [안전(2), 위험(1)], 구체적 조치 언급 없음",resolved,text,503,199,53;54
반도체장비,LM1903060324_19v2_반도체_장비_전장_조립,58,1,미흡·없음,아니오,"안전 2건 [안전(1), 사고(1)], 조치 1건 [차단(1)]",resolved,text,565,517,58
반도체장비,LM1903060324_19v2_반도체_장비_전장_조립,63,2,형식적 언급,아니오,"안전 6건 [안전(4), 위험(1), 사고(1)], 구체적 조치 언급 없음",resolved,text,738,740,63
반도체장비,LM1903060324_19v2_반도체_장비_전장_조립,68,3,구체적 대책,아니오,"안전 9건 [안전(5), 주의(2), 유의 사항(1), 감전(1)], 조치 8건 [차단(7), 방지(1)]",resolved,text,1381,572,68;69
반도체장비,LM1903060324_19v2_반도체_장비_전장_조립,70,1,미흡·없음,아니오,"안전 3건 [안전(1), 위험(1), 주의(1)], 구체적 조치 언급 없음",resolved,text,565,695,71
반도체장비,LM1903060324_19v2_반도체_장비_전장_조립,71,3,구체적 대책,아니오,"안전 25건 [위험(8), 안전(5), 화재(5), 감전(3), 부상(2)], 조치 6건 [차단(4), 방지(1), 안전교육(1)]",resolved,text,696,699,71;72
반도체장비,LM1903060324_19v2_반도체_장비_전장_조립,72,2,형식적 언급,아니오,"안전 6건 [안전(4), 위험(1), 부상(1)], 조치 1건 [차단(1)]",resolved,text,907,511,72
반도체장비,LM1903060324_19v2_반도체_장비_전장_조립,75,1,미흡·없음,아니오,"안전 2건 [위험(1), 사고(1)], 조치 1건 [방지(1)]",resolved,text,487,528,75
반도체장비,LM1903060324_19v2_반도체_장비_전장_조립,76,1,미흡·없음,아니오,"안전 2건 [안전(1), 위험(1)], 구체적 조치 언급 없음",resolved,text,167,148,76
반도체장비,LM1903060324_19v2_반도체_장비_전장_조립,78,1,미흡·없음,아니오,"안전 4건 [안전(2), 유의 사항(2)], 조치 4건 [차단(4)]",resolved,text,554,570,78
반도체장비,LM1903060324_19v2_반도체_장비_전장_조립,80,2,형식적 언급,아니오,"안전 8건 [안전(4), 위험(4)], 구체적 조치 언급 없음",resolved,text,1234,417,81
반도체장비,LM1903060324_19v2_반도체_장비_전장_조립,82,1,미흡·없음,아니오,"안전 5건 [위험(2), 주의(2), 안전(1)], 조치 1건 [안전교육(1)]",resolved,text,162,164,82
반도체장비,LM1903060324_19v2_반도체_장비_전장_조립,84,1,미흡·없음,아니오,"안전 1건 [안전(1)], 조치 1건 [마스크(1)]",resolved,text,566,570,84
반도체장비,LM1903060324_19v2_반도체_장비_전장_조립,88,1,미흡·없음,아니오,"안전 1건 [누출(1)], 구체적 조치 언급 없음",resolved,text,386,442,88
반도체장비,LM1903060324_19v2_반도체_장비_전장_조립,93,1,미흡·없음,아니오,"안전 3건 [안전(2), 주의(1)], 조치 2건 [방지(1), 차단(1)]",resolved,text,725,735,93
반도체장비,LM1903060324_19v2_반도체_장비_전장_조립,94,1,미흡·없음,아니오,"안전 3건 [안전(1), 위험(1), 진동(1)], 조치 3건 [마스크(2), 방지(1)]",resolved,text,896,898,95
반도체장비,LM1903060324_19v2_반도체_장비_전장_조립,95,1,미흡·없음,아니오,"안전 2건 [안전(1), 진동(1)], 구체적 조치 언급 없음",resolved,text,1037,1037,95
반도체장비,LM1903060324_19v2_반도체_장비_전장_조립,96,1,미흡·없음,아니오,"안전 2건 [소음(2)], 조치 1건 [차단(1)]",resolved,text,879,865,96
반도체장비,LM1903060324_19v2_반도체_장비_전장_조립,104,1,미흡·없음,아니오,"안전 3건 [안전(3)], 구체적 조치 언급 없음",resolved,text,545,411,104;105
반도체장비,LM1903060324_19v2_반도체_장비_전장_조립,105,1,미흡·없음,아니오,"안전 5건 [안전(3), 보건(2)], 구체적 조치 언급 없음",resolved,text,335,450,105
반도체장비,LM1903060325_19v2_반도체_장비_전장_조립_검증,18,1,미흡·없음,아니오,"안전 1건 [누출(1)], 구체적 조치 언급 없음",resolved,text,572,605,18
반도체장비,LM1903060325_19v2_반도체_장비_전장_조립_검증,22,1,미흡·없음,아니오,"안전 4건 [안전(2), 주의(1), 유의 사항(1)], 구체적 조치 언급 없음",resolved,text,350,343,23
반도체장비,LM1903060325_19v2_반도체_장비_전장_조립_검증,23,2,형식적 언급,아니오,"안전 28건 [위험(9), 안전(6), 화재(5), 감전(3), 부상(3)], 조치 4건 [차단(3), 안전교육(1)]",resolved,text,585,637,23;24
반도체장비,LM1903060325_19v2_반도체_장비_전장_조립_검증,24,2,형식적 언급,아니오,"안전 9건 [누출(5), 안전(4)], 조치 1건 [차단(1)]",resolved,text,863,817,24;25
반도체장비,LM1903060325_19v2_반도체_장비_전장_조립_검증,25,1,미흡·없음,아니오,"안전 3건 [누출(3)], 조치 1건 [차단(1)]",resolved,text,765,757,25
반도체장비,LM1903060325_19v2_반도체_장비_전장_조립_검증,31,1,미흡·없음,아니오,"안전 2건 [안전(1), 주의(1)], 구체적 조치 언급 없음",resolved,text,195,188,31
반도체장비,LM1903060325_19v2_반도체_장비_전장_조립_검증,34,1,미흡·없음,아니오,"안전 2건 [안전(1), 주의(1)], 구체적 조치 언급 없음",resolved,text,372,326,34;35
반도체장비,LM1903060325_19v2_반도체_장비_전장_조립_검증,35,1,미흡·없음,아니오,"안전 1건 [안전(1)], 조치 2건 [예방(2)]",resolved,text,598,636,35
반도체장비,LM1903060325_19v2_반도체_장비_전장_조립_검증,38,1,미흡·없음,아니오,"안전 1건 [안전(1)], 구체적 조치 언급 없음",resolved,text,630,631,39
반도체장비,LM1903060325_19v2_반도체_장비_전장_조립_검증,41,1,미흡·없음,아니오,"안전 1건 [진동(1)], 조치 1건 [방지(1)]",resolved,text,747,672,42
반도체장비,LM1903060325_19v2_반도체_장비_전장_조립_검증,43,1,미흡·없음,아니오,"안전 1건 [위험(1)], 조치 1건 [방지(1)]",resolved,text,981,982,43
반도체장비,LM1903060325_19v2_반도체_장비_전장_조립_검증,45,1,미흡·없음,아니오,"안전 1건 [위험(1)], 구체적 조치 언급 없음",resolved,text,1070,1073,45
반도체장비,LM1903060325_19v2_반도체_장비_전장_조립_검증,47,1,미흡·없음,아니오,"안전 2건 [누출(2)], 조치 2건 [예방(2)]",resolved,text,917,927,47
반도체장비,LM1903060325_19v2_반도체_장비_전장_조립_검증,49,2,형식적 언급,아니오,"안전 7건 [안전(4), 유의 사항(1), 사고(1), 감전(1)], 조치 1건 [차단(1)]",resolved,text,614,617,49
반도체장비,LM1903060325_19v2_반도체_장비_전장_조립_검증,51,2,형식적 언급,아니오,"안전 6건 [누출(6)], 구체적 조치 언급 없음",resolved,text,751,753,51;52
반도체장비,LM1903060325_19v2_반도체_장비_전장_조립_검증,52,1,미흡·없음,아니오,"안전 2건 [누출(2)], 구체적 조치 언급 없음",resolved,text,847,850,52
반도체장비,LM1903060325_19v2_반도체_장비_전장_조립_검증,63,1,미흡·없음,아니오,"안전 1건 [화학물질(1)], 조치 1건 [방지(1)]",resolved,text,717,705,64
반도체장비,LM1903060325_19v2_반도체_장비_전장_조립_검증,64,1,미흡·없음,아니오,"안전 2건 [안전(2)], 구체적 조치 언급 없음",resolved,text,587,594,65
반도체장비,LM1903060325_19v2_반도체_장비_전장_조립_검증,65,1,미흡·없음,아니오,"안전 3건 [안전(3)], 구체적 조치 언급 없음",resolved,text,439,392,65;66
반도체장비,LM1903060325_19v2_반도체_장비_전장_조립_검증,66,1,미흡·없음,아니오,"안전 3건 [안전(3)], 구체적 조치 언급 없음",resolved,text,482,426,66;67
반도체장비,LM1903060325_19v2_반도체_장비_전장_조립_검증,69,2,형식적 언급,아니오,"안전 18건 [안전(10), 보건(3), 위험(2), 산업안전보건법(2), 진동(1)], 조치 3건 [방지(1), 예방(1), 차단(1)]",resolved,text,745,748,69;70
반도체장비,LM1903060325_19v2_반도체_장비_전장_조립_검증,70,1,미흡·없음,아니오,"안전 4건 [안전(2), 위험(1), 주의(1)], 조치 2건 [차단(2)]",resolved,text,637,622,70;71
반도체장비,LM1903060325_19v2_반도체_장비_전장_조립_검증,71,1,미흡·없음,아니오,"안전 5건 [위험(3), 안전(1), 주의(1)], 조치 2건 [차단(2)]",resolved,text,824,799,71
반도체장비,LM1903060325_19v2_반도체_장비_전장_조립_검증,72,1,미흡·없음,아니오,"안전 5건 [안전(2), 위험(2), 주의(1)], 조치 1건 [환기(1)]",resolved,text,772,758,73
반도체장비,LM1903060325_19v2_반도체_장비_전장_조립_검증,73,1,미흡·없음,아니오,"안전 3건 [안전(2), 주의(1)], 조치 1건 [차단(1)]",resolved,text,574,577,73
반도체장비,LM1903060325_19v2_반도체_장비_전장_조립_검증,74,1,미흡·없음,아니오,"안전 1건 [소음(1)], 구체적 조치 언급 없음",resolved,text,563,552,74
반도체장비,LM1903060325_19v2_반도체_장비_전장_조립_검증,77,1,미흡·없음,아니오,"안전 2건 [주의(1), 누출(1)], 구체적 조치 언급 없음",resolved,text,626,558,78
반도체장비,LM1903060325_19v2_반도체_장비_전장_조립_검증,78,1,미흡·없음,아니오,"안전 5건 [안전(2), 주의(2), 유의 사항(1)], 조치 2건 [차단(2)]",resolved,text,577,563,78
반도체장비,LM1903060325_19v2_반도체_장비_전장_조립_검증,79,1,미흡·없음,아니오,"안전 3건 [안전(1), 주의(1), 사고(1)], 조치 1건 [차단(1)]",resolved,text,377,368,79
반도체장비,LM1903060325_19v2_반도체_장비_전장_조립_검증,89,1,미흡·없음,아니오,"안전 2건 [안전(2)], 조치 2건 [안전관리(2)]",resolved,text,438,454,89;91
반도체장비,LM1903060325_19v2_반도체_장비_전장_조립_검증,93,1,미흡·없음,아니오,"안전 3건 [안전(1), 위험(1), 주의(1)], 조치 1건 [안전교육(1)]",resolved,text,173,175,93
반도체장비,LM1903060326_19v1_반도체_광학_장비_유지보수,19,1,미흡·없음,아니오,"안전 2건 [안전(1), 유의 사항(1)], 구체적 조치 언급 없음",resolved,text,411,413,19
반도체장비,LM1903060326_19v1_반도체_광학_장비_유지보수,25,1,미흡·없음,아니오,"안전 2건 [진동(2)], 구체적 조치 언급 없음",resolved,text,1010,1015,26
반도체장비,LM1903060326_19v1_반도체_광학_장비_유지보수,28,1,미흡·없음,아니오,"안전 2건 [안전(1), 유의 사항(1)], 구체적 조치 언급 없음",resolved,text,436,430,59
반도체장비,LM1903060326_19v1_반도체_광학_장비_유지보수,29,1,미흡·없음,아니오,"안전 0건 [], 구체적 조치 언급 없음",resolved,text,870,826,28
반도체장비,LM1903060326_19v1_반도체_광학_장비_유지보수,30,1,미흡·없음,아니오,"안전 2건 [안전(1), 위험(1)], 구체적 조치 언급 없음",resolved,text,440,457,30
반도체장비,LM1903060326_19v1_반도체_광학_장비_유지보수,31,1,미흡·없음,아니오,"안전 0건 [], 구체적 조치 언급 없음",resolved,text,310,309,31
반도체장비,LM1903060326_19v1_반도체_광학_장비_유지보수,41,2,형식적 언급,아니오,"안전 6건 [안전(3), 주의(1), 유의 사항(1), 사고(1)], 조치 2건 [안전관리(1), 마스크(1)]",resolved,text,428,422,42
반도체장비,LM1903060326_19v1_반도체_광학_장비_유지보수,58,1,미흡·없음,아니오,"안전 4건 [위험(2), 안전(1), 유의 사항(1)], 조치 1건 [예방(1)]",resolved,text,618,144,59
반도체장비,LM1903060326_19v1_반도체_광학_장비_유지보수,61,1,미흡·없음,아니오,"안전 2건 [주의(1), 누출(1)], 조치 1건 [예방(1)]",resolved,text,683,667,61
반도체장비,LM1903060326_19v1_반도체_광학_장비_유지보수,63,1,미흡·없음,아니오,"안전 1건 [안전(1)], 구체적 조치 언급 없음",resolved,text,301,267,63
반도체장비,LM1903060327_19v1_반도체_진공_플라스마_장비_유지보수,14,1,미흡·없음,아니오,"안전 2건 [안전(1), 유의 사항(1)], 조치 3건 [방지(2), 격리(1)]",resolved,text,4176,554,20
반도체장비,LM1903060327_19v1_반도체_진공_플라스마_장비_유지보수,22,1,미흡·없음,아니오,"안전 2건 [부상(2)], 구체적 조치 언급 없음",resolved,text,622,606,22
반도체장비,LM1903060327_19v1_반도체_진공_플라스마_장비_유지보수,23,1,미흡·없음,아니오,"안전 3건 [안전(1), 진동(1), 부상(1)], 조치 1건 [차단(1)]",resolved,text,743,674,23;24
반도체장비,LM1903060327_19v1_반도체_진공_플라스마_장비_유지보수,24,1,미흡·없음,아니오,"안전 0건 [], 구체적 조치 언급 없음",resolved,text-fallback,531,468,24
반도체장비,LM1903060327_19v1_반도체_진공_플라스마_장비_유지보수,34,1,미흡·없음,아니오,"안전 1건 [진동(1)], 구체적 조치 언급 없음",resolved,text,990,992,34
반도체장비,LM1903060327_19v1_반도체_진공_플라스마_장비_유지보수,38,1,미흡·없음,아니오,"안전 3건 [안전(1), 유의 사항(1), 감전(1)], 조치 1건 [예방(1)]",resolved,text,524,510,38;39
반도체장비,LM1903060327_19v1_반도체_진공_플라스마_장비_유지보수,47,1,미흡·없음,아니오,"안전 1건 [안전(1)], 조치 1건 [차단(1)]",resolved,text,234,222,47
반도체장비,LM1903060327_19v1_반도체_진공_플라스마_장비_유지보수,53,1,미흡·없음,아니오,"안전 3건 [안전(1), 위험(1), 유의 사항(1)], 조치 1건 [예방(1)]",resolved,text,533,536,53;54
반도체장비,LM1903060327_19v1_반도체_진공_플라스마_장비_유지보수,68,1,미흡·없음,아니오,"안전 1건 [진동(1)], 구체적 조치 언급 없음",resolved,text,740,742,68
반도체장비,LM1903060327_19v1_반도체_진공_플라스마_장비_유지보수,69,1,미흡·없음,아니오,"안전 3건 [안전(1), 위험(1), 유의 사항(1)], 조치 2건 [방지(1), 예방(1)]",resolved,text,439,441,70
반도체장비,LM1903060327_19v1_반도체_진공_플라스마_장비_유지보수,70,1,미흡·없음,아니오,"안전 1건 [안전(1)], 구체적 조치 언급 없음",resolved,text,768,769,70
반도체장비,LM1903060327_19v1_반도체_진공_플라스마_장비_유지보수,71,1,미흡·없음,아니오,"안전 1건 [화재(1)], 구체적 조치 언급 없음",resolved,text,930,923,71
반도체장비,LM1903060327_19v1_반도체_진공_플라스마_장비_유지보수,77,1,미흡·없음,아니오,"안전 1건 [안전(1)], 조치 3건 [방지(2), 예방(1)]",resolved,text,972,974,77
반도체장비,LM1903060327_19v1_반도체_진공_플라스마_장비_유지보수,78,1,미흡·없음,아니오,"안전 4건 [안전(1), 유의 사항(1), 사고(1), 감전(1)], 구체적 조치 언급 없음",resolved,text,503,505,79
반도체장비,LM1903060327_19v1_반도체_진공_플라스마_장비_유지보수,79,1,미흡·없음,아니오,"안전 0건 [], 조치 2건 [예방(2)]",resolved,text,878,864,79
반도체장비,LM1903060328_19v1_반도체_케미컬_가스_장비_유지보수,14,1,미흡·없음,아니오,"안전 1건 [화학물질(1)], 구체적 조치 언급 없음",resolved,text,1166,534,16
반도체장비,LM1903060328_19v1_반도체_케미컬_가스_장비_유지보수,17,1,미흡·없음,아니오,"안전 2건 [화학물질(2)], 구체적 조치 언급 없음",resolved,text,1087,859,17
반도체장비,LM1903060328_19v1_반도체_케미컬_가스_장비_유지보수,18,1,미흡·없음,아니오,"안전 0건 [], 구체적 조치 언급 없음",resolved,text,370,717,17
반도체장비,LM1903060328_19v1_반도체_케미컬_가스_장비_유지보수,20,1,미흡·없음,아니오,"안전 1건 [화학물질(1)], 구체적 조치 언급 없음",resolved,text,780,782,20
반도체장비,LM1903060328_19v1_반도체_케미컬_가스_장비_유지보수,22,1,미흡·없음,아니오,"안전 1건 [진동(1)], 구체적 조치 언급 없음",resolved,text,349,308,22
반도체장비,LM1903060328_19v1_반도체_케미컬_가스_장비_유지보수,23,2,형식적 언급,아니오,"안전 10건 [안전(2), 위험(1), 유의 사항(1), 사고(1), 유해(1)], 조치 1건 [대처(1)]",resolved,text,299,308,23;40
반도체장비,LM1903060328_19v1_반도체_케미컬_가스_장비_유지보수,24,1,미흡·없음,아니오,"안전 2건 [진동(1), 화학물질(1)], 조치 3건 [방지(2), 환기(1)]",resolved,text,2592,109,27;29
반도체장비,LM1903060328_19v1_반도체_케미컬_가스_장비_유지보수,31,2,형식적 언급,아니오,"안전 6건 [질식(3), 안전(1), 누출(1), 인화(1)], 구체적 조치 언급 없음",resolved,text,1279,371,33;34
반도체장비,LM1903060328_19v1_반도체_케미컬_가스_장비_유지보수,34,1,미흡·없음,아니오,"안전 4건 [폭발(2), 위험(1), 유해(1)], 구체적 조치 언급 없음",resolved,text,1032,757,34
반도체장비,LM1903060328_19v1_반도체_케미컬_가스_장비_유지보수,35,1,미흡·없음,아니오,"안전 3건 [안전(1), 폭발(1), 질식(1)], 구체적 조치 언급 없음",resolved,text,1018,994,36
반도체장비,LM1903060328_19v1_반도체_케미컬_가스_장비_유지보수,36,1,미흡·없음,아니오,"안전 4건 [안전(2), 주의(1), 누출(1)], 구체적 조치 언급 없음",resolved,text,350,352,36
반도체장비,LM1903060328_19v1_반도체_케미컬_가스_장비_유지보수,37,1,미흡·없음,아니오,"안전 1건 [안전(1)], 조치 2건 [차단(1), 안전장치(1)]",resolved,text,197,167,38
반도체장비,LM1903060328_19v1_반도체_케미컬_가스_장비_유지보수,38,2,형식적 언급,아니오,"안전 11건 [유해(9), 인화(2)], 구체적 조치 언급 없음",resolved,text,987,980,38;39
반도체장비,LM1903060328_19v1_반도체_케미컬_가스_장비_유지보수,40,2,형식적 언급,아니오,"안전 16건 [안전(3), 위험(2), MSDS(2), 보건(2), 물질안전보건자료(2)], 조치 1건 [대처(1)]",resolved,text,668,654,40
반도체장비,LM1903060328_19v1_반도체_케미컬_가스_장비_유지보수,42,1,미흡·없음,아니오,"안전 2건 [유해(1), 화학물질(1)], 구체적 조치 언급 없음",resolved,text,728,589,42
반도체장비,LM1903060328_19v1_반도체_케미컬_가스_장비_유지보수,49,1,미흡·없음,아니오,"안전 1건 [안전(1)], 구체적 조치 언급 없음",resolved,text,1581,339,52
반도체장비,LM1903060328_19v1_반도체_케미컬_가스_장비_유지보수,55,2,형식적 언급,아니오,"안전 6건 [안전(3), 화재(2), 진동(1)], 조치 2건 [안전관리(1), 안전장치(1)]",resolved,text,783,786,55;56
반도체장비,LM1903060328_19v1_반도체_케미컬_가스_장비_유지보수,57,3,구체적 대책,아니오,"안전 32건 [안전(12), 화학물질(6), 누출(5), MSDS(3), 주의(2)], 조치 6건 [착용(2), 차단(2), 안전장치(2)]",resolved,text,679,682,57;58;63
반도체장비,LM1903060328_19v1_반도체_케미컬_가스_장비_유지보수,58,1,미흡·없음,아니오,"안전 5건 [안전(2), 위험(1), 사고(1), 진동(1)], 조치 3건 [방지(2), 안전관리(1)]",resolved,text,780,783,58;59
반도체장비,LM1903060328_19v1_반도체_케미컬_가스_장비_유지보수,59,2,형식적 언급,아니오,"안전 6건 [안전(5), 위험(1)], 조치 3건 [안전교육(2), 안전장치(1)]",resolved,text,771,774,59;60
반도체장비,LM1903060328_19v1_반도체_케미컬_가스_장비_유지보수,62,2,형식적 언급,아니오,"안전 13건 [안전(6), 누출(3), 유의 사항(1), MSDS(1), 보건(1)], 조치 4건 [안전장치(2), 차단(1), 마스크(1)]",resolved,text,453,455,63
반도체장비,LM1903060328_19v1_반도체_케미컬_가스_장비_유지보수,65,1,미흡·없음,아니오,"안전 3건 [안전(3)], 조치 3건 [안전장치(3)]",resolved,text,536,688,65
반도체장비,LM1903060328_19v1_반도체_케미컬_가스_장비_유지보수,66,1,미흡·없음,아니오,"안전 5건 [안전(3), 주의(2)], 조치 4건 [안전장치(3), 차단(1)]",resolved,text,631,683,66;67
반도체장비,LM1903060328_19v1_반도체_케미컬_가스_장비_유지보수,67,1,미흡·없음,아니오,"안전 2건 [안전(1), 주의(1)], 조치 1건 [안전장치(1)]",resolved,text,224,744,67
반도체장비,LM1903060328_19v1_반도체_케미컬_가스_장비_유지보수,68,2,형식적 언급,아니오,"안전 7건 [안전(4), 주의(3)], 조치 4건 [안전장치(4)]",resolved,text,1057,527,67;68
반도체장비,LM1903060328_19v1_반도체_케미컬_가스_장비_유지보수,69,1,미흡·없음,아니오,"안전 2건 [안전(1), 위험(1)], 조치 1건 [대처(1)]",resolved,text,502,515,69
반도체장비,LM1903060328_19v1_반도체_케미컬_가스_장비_유지보수,70,1,미흡·없음,아니오,"안전 2건 [안전(1), 위험(1)], 조치 1건 [대처(1)]",resolved,text,94,90,70
반도체장비,LM1903060328_19v1_반도체_케미컬_가스_장비_유지보수,78,2,형식적 언급,아니오,"안전 8건 [안전(2), 누출(2), 주의(1), MSDS(1), 보건(1)], 조치 1건 [착용(1)]",resolved,text,665,669,78
반도체장비,LM1903060328_19v1_반도체_케미컬_가스_장비_유지보수,82,2,형식적 언급,아니오,"안전 10건 [안전(2), 누출(2), 주의(1), 유의 사항(1), MSDS(1)], 조치 2건 [착용(1), 마스크(1)]",resolved,text,487,490,82;83
반도체장비,LM1903060328_19v1_반도체_케미컬_가스_장비_유지보수,84,1,미흡·없음,아니오,"안전 1건 [안전(1)], 조치 1건 [마스크(1)]",resolved,text,937,939,85
반도체장비,LM1903060328_19v1_반도체_케미컬_가스_장비_유지보수,89,1,미흡·없음,아니오,"안전 3건 [안전(2), 위험(1)], 조치 1건 [예방(1)]",resolved,text,556,559,90
반도체장비,LM1903060328_19v1_반도체_케미컬_가스_장비_유지보수,90,1,미흡·없음,아니오,"안전 5건 [진동(2), 안전(1), 폭발(1), 인화(1)], 조치 2건 [방지(1), 안전장치(1)]",resolved,text,783,786,90;91
반도체장비,LM1903060328_19v1_반도체_케미컬_가스_장비_유지보수,92,2,형식적 언급,아니오,"안전 8건 [안전(3), 유의 사항(1), 사고(1), MSDS(1), 보건(1)], 조치 2건 [예방(1), 차단(1)]",resolved,text,535,538,92
반도체장비,LM1903060328_19v1_반도체_케미컬_가스_장비_유지보수,93,1,미흡·없음,아니오,"안전 0건 [], 조치 1건 [차단(1)]",resolved,text,704,706,92
반도체장비,LM1903060328_19v1_반도체_케미컬_가스_장비_유지보수,94,1,미흡·없음,아니오,"안전 4건 [안전(2), 주의(2)], 조치 4건 [예방(2), 안전관리(2)]",resolved,text,697,701,94;95
반도체장비,LM1903060328_19v1_반도체_케미컬_가스_장비_유지보수,96,1,미흡·없음,아니오,"안전 1건 [소음(1)], 조치 3건 [예방(3)]",resolved,text,796,587,97
반도체장비,LM1903060328_19v1_반도체_케미컬_가스_장비_유지보수,98,1,미흡·없음,아니오,"안전 3건 [누출(3)], 조치 1건 [응급조치(1)]",resolved,text,779,781,99
반도체장비,LM1903060328_19v1_반도체_케미컬_가스_장비_유지보수,99,1,미흡·없음,아니오,"안전 2건 [누출(2)], 조치 2건 [방지(1), 착용(1)]",resolved,text,749,752,99
반도체장비,LM1903060328_19v1_반도체_케미컬_가스_장비_유지보수,100,2,형식적 언급,아니오,"안전 9건 [진동(7), 주의(1), 누출(1)], 조치 1건 [차단(1)]",resolved,text,514,516,100;101
반도체장비,LM1903060328_19v1_반도체_케미컬_가스_장비_유지보수,101,1,미흡·없음,아니오,"안전 3건 [안전(1), 유의 사항(1), 작업환경(1)], 조치 1건 [마스크(1)]",resolved,text,367,369,102
반도체장비,LM1903060328_19v1_반도체_케미컬_가스_장비_유지보수,102,1,미흡·없음,아니오,"안전 1건 [누출(1)], 조치 2건 [방지(1), 차단(1)]",resolved,text,440,443,102
반도체장비,LM1903060328_19v1_반도체_케미컬_가스_장비_유지보수,104,1,미흡·없음,아니오,"안전 1건 [안전(1)], 조치 3건 [차단(2), 응급조치(1)]",resolved,text,605,534,104
반도체장비,LM1903060328_19v1_반도체_케미컬_가스_장비_유지보수,105,1,미흡·없음,아니오,"안전 1건 [소음(1)], 구체적 조치 언급 없음",resolved,text,630,620,105
반도체장비,LM1903060328_19v1_반도체_케미컬_가스_장비_유지보수,106,1,미흡·없음,아니오,"안전 1건 [안전(1)], 조치 3건 [차단(3)]",resolved,text,499,527,106
반도체장비,LM1903060328_19v1_반도체_케미컬_가스_장비_유지보수,107,1,미흡·없음,아니오,"안전 1건 [누출(1)], 구체적 조치 언급 없음",resolved,text,550,537,108
반도체장비,LM1903060328_19v1_반도체_케미컬_가스_장비_유지보수,109,1,미흡·없음,아니오,"안전 1건 [안전(1)], 조치 3건 [예방(3)]",resolved,text,524,531,110
반도체장비,LM1903060329_19v1_반도체_장비_안전관리,10,1,미흡·없음,아니오,"안전 2건 [안전(2)], 구체적 조치 언급 없음",resolved,text,456,378,46
반도체장비,LM1903060329_19v1_반도체_장비_안전관리,11,1,미흡·없음,아니오,"안전 4건 [안전(4)], 조치 4건 [안전관리(4)]",resolved,text,112,196,46
반도체장비,LM1903060329_19v1_반도체_장비_안전관리,12,3,구체적 대책,아니오,"안전 14건 [안전(14)], 조치 8건 [안전관리(8)]",resolved,text,315,129,46
반도체장비,LM1903060329_19v1_반도체_장비_안전관리,13,2,형식적 언급,아니오,"안전 14건 [안전(12), 위험(2)], 조치 3건 [안전관리(3)]",resolved,text,199,354,46
반도체장비,LM1903060329_19v1_반도체_장비_안전관리,15,1,미흡·없음,아니오,"안전 1건 [안전(1)], 조치 3건 [마스크(3)]",resolved,text,407,542,46
반도체장비,LM1903060329_19v1_반도체_장비_안전관리,17,1,미흡·없음,아니오,"안전 2건 [유해(1), 방사선(1)], 조치 2건 [마스크(2)]",resolved,text,818,799,46
반도체장비,LM1903060329_19v1_반도체_장비_안전관리,18,3,구체적 대책,아니오,"안전 31건 [MSDS(6), 안전(4), 유해(3), 보건(3), 화학물질(3)], 조치 6건 [대처(2), 방지(1), 예방(1), 마스크(1), 응급조치(1)]",resolved,text,1182,986,46;153
반도체장비,LM1903060329_19v1_반도체_장비_안전관리,19,2,형식적 언급,아니오,"안전 9건 [먼지(6), 유해(3)], 구체적 조치 언급 없음",resolved,text,1006,701,46
반도체장비,LM1903060329_19v1_반도체_장비_안전관리,20,1,미흡·없음,아니오,"안전 1건 [먼지(1)], 조치 1건 [방지(1)]",resolved,text,899,867,46
반도체장비,LM1903060329_19v1_반도체_장비_안전관리,21,2,형식적 언급,아니오,"안전 8건 [안전(4), MSDS(1), 보건(1), 화재(1), 산업안전보건법(1)], 조치 1건 [안전관리(1)]",resolved,text,141,380,46
반도체장비,LM1903060329_19v1_반도체_장비_안전관리,22,2,형식적 언급,아니오,"안전 6건 [안전(5), 유의 사항(1)], 조치 3건 [착용(1), 안전관리(1), 안전화(1)]",resolved,text,154,257,46
반도체장비,LM1903060329_19v1_반도체_장비_안전관리,23,3,구체적 대책,아니오,"안전 16건 [안전(13), 사고(2), 주의(1)], 조치 9건 [안전관리(4), 방지(2), 착용(2), 예방(1)]",resolved,text,625,691,46;153
반도체장비,LM1903060329_19v1_반도체_장비_안전관리,24,2,형식적 언급,아니오,"안전 15건 [안전(12), 위험(2), 사고(1)], 조치 2건 [예방(2)]",resolved,text,956,906,46
반도체장비,LM1903060329_19v1_반도체_장비_안전관리,25,2,형식적 언급,아니오,"안전 41건 [안전(34), 위험(4), 보호구(2), 보건(1)], 조치 2건 [방지(1), 안전장치(1)]",resolved,text,1078,849,46
반도체장비,LM1903060329_19v1_반도체_장비_안전관리,26,2,형식적 언급,아니오,"안전 47건 [안전(34), 보호구(13)], 조치 4건 [마스크(3), 안전모(1)]",resolved,text,1548,990,46
반도체장비,LM1903060329_19v1_반도체_장비_안전관리,27,2,형식적 언급,아니오,"안전 7건 [안전(7)], 구체적 조치 언급 없음",resolved,text,343,606,46
반도체장비,LM1903060329_19v1_반도체_장비_안전관리,28,1,미흡·없음,아니오,"안전 2건 [안전(2)], 구체적 조치 언급 없음",resolved,text,218,774,46
반도체장비,LM1903060329_19v1_반도체_장비_안전관리,29,2,형식적 언급,아니오,"안전 11건 [안전(11)], 조치 3건 [안전모(2), 안전장치(1)]",resolved,text,1262,870,46
반도체장비,LM1903060329_19v1_반도체_장비_안전관리,30,2,형식적 언급,아니오,"안전 15건 [안전(15)], 조치 3건 [예방(3)]",resolved,text,713,1051,46
반도체장비,LM1903060329_19v1_반도체_장비_안전관리,31,3,구체적 대책,아니오,"안전 27건 [안전(18), 위험(3), 사고(1), 유해(1), MSDS(1)], 조치 5건 [안전교육(2), 예방(1), 안전관리(1), 안전조치(1)]",resolved,text,1358,767,46
반도체장비,LM1903060329_19v1_반도체_장비_안전관리,32,3,구체적 대책,아니오,"안전 26건 [안전(11), 사고(5), 위험(3), 유해(3), 화학물질(2)], 조치 5건 [안전관리(3), 착용(1), 응급조치(1)]",resolved,text,383,879,46
반도체장비,LM1903060329_19v1_반도체_장비_안전관리,33,2,형식적 언급,예,"안전 14건 [안전(8), 위험(3), 사고(1), 부상(1), 사망(1)], 구체적 조치 언급 없음",resolved,text,401,570,46
반도체장비,LM1903060329_19v1_반도체_장비_안전관리,34,3,구체적 대책,아니오,"안전 9건 [유해(5), 안전(3), 사고(1)], 조치 16건 [예방(6), 마스크(4), 착용(3), 방지(1), 환기(1)]",resolved,text,439,523,46
반도체장비,LM1903060329_19v1_반도체_장비_안전관리,35,2,형식적 언급,아니오,"안전 36건 [사고(18), 안전(9), 보호구(4), 위험(2), 폭발(1)], 조치 2건 [안전장치(1), 안전화(1)]",resolved,text,648,606,46
반도체장비,LM1903060329_19v1_반도체_장비_안전관리,36,2,형식적 언급,아니오,"안전 14건 [사고(9), 화재(5)], 구체적 조치 언급 없음",resolved,text,398,529,46
반도체장비,LM1903060329_19v1_반도체_장비_안전관리,37,2,형식적 언급,아니오,"안전 8건 [사고(6), 화재(2)], 조치 2건 [방지(1), 예방(1)]",resolved,text,407,668,46
반도체장비,LM1903060329_19v1_반도체_장비_안전관리,38,2,형식적 언급,아니오,"안전 45건 [위험(22), 안전(8), 유해(8), 화학물질(4), 주의(1)], 조치 3건 [안전관리(3)]",resolved,text,719,570,46;154
반도체장비,LM1903060329_19v1_반도체_장비_안전관리,39,2,형식적 언급,아니오,"안전 35건 [안전(12), 보건(11), 위험(6), 산업안전보건법(5), 유해(1)], 조치 1건 [안전관리(1)]",resolved,text,404,383,46
반도체장비,LM1903060329_19v1_반도체_장비_안전관리,40,2,형식적 언급,아니오,"안전 9건 [안전(7), 주의(2)], 조치 3건 [안전관리(3)]",resolved,text,433,445,46
반도체장비,LM1903060329_19v1_반도체_장비_안전관리,41,2,형식적 언급,아니오,"안전 7건 [안전(7)], 조치 2건 [안전관리(2)]",resolved,text,337,288,46
반도체장비,LM1903060329_19v1_반도체_장비_안전관리,42,3,구체적 대책,아니오,"안전 16건 [안전(16)], 조치 13건 [안전관리(13)]",resolved,text,582,529,46;153;154
반도체장비,LM1903060329_19v1_반도체_장비_안전관리,43,3,구체적 대책,아니오,"안전 9건 [안전(5), 위험(4)], 조치 8건 [안전관리(5), 예방(3)]",resolved,text,605,528,46
반도체장비,LM1903060329_19v1_반도체_장비_안전관리,46,1,미흡·없음,아니오,"안전 2건 [위험(1), 사고(1)], 조치 2건 [방지(1), 예방(1)]",resolved,text,569,463,46;136
반도체장비,LM1903060329_19v1_반도체_장비_안전관리,47,2,형식적 언급,아니오,"안전 6건 [누출(2), 안전(1), 사고(1), 유해(1), 화재(1)], 조치 1건 [방지(1)]",resolved,text,1039,860,137
반도체장비,LM1903060329_19v1_반도체_장비_안전관리,49,1,미흡·없음,아니오,"안전 1건 [먼지(1)], 구체적 조치 언급 없음",resolved,text,288,577,138
반도체장비,LM1903060329_19v1_반도체_장비_안전관리,50,2,형식적 언급,아니오,"안전 17건 [안전(12), 사고(3), 위험(1), 화학물질(1)], 조치 4건 [안전관리(4)]",resolved,text,1012,686,139
반도체장비,LM1903060329_19v1_반도체_장비_안전관리,51,2,형식적 언급,아니오,"안전 12건 [안전(7), 사고(5)], 조치 1건 [안전관리(1)]",resolved,text,322,686,140
반도체장비,LM1903060329_19v1_반도체_장비_안전관리,52,3,구체적 대책,아니오,"안전 17건 [안전(8), 사고(5), 위험(2), 보호구(1), 작업환경(1)], 조치 5건 [예방(2), 방지(1), 착용(1), 안전장치(1)]",resolved,text,510,715,140;141;142
반도체장비,LM1903060329_19v1_반도체_장비_안전관리,53,3,구체적 대책,예,"안전 25건 [사고(14), 안전(6), 위험(2), 사망(2), 부상(1)], 조치 8건 [예방(7), 방지(1)]",resolved,text,709,605,142;143
반도체장비,LM1903060329_19v1_반도체_장비_안전관리,54,2,형식적 언급,아니오,"안전 21건 [안전(10), 보건(8), 위험(2), 사고(1)], 조치 2건 [예방(1), 안전관리(1)]",resolved,text,311,478,143;144
반도체장비,LM1903060329_19v1_반도체_장비_안전관리,55,2,형식적 언급,아니오,"안전 12건 [작업환경(3), 유해(2), 진동(2), 보건(2), 소음(2)], 조치 1건 [예방(1)]",resolved,text,323,491,144;145
반도체장비,LM1903060329_19v1_반도체_장비_안전관리,56,2,형식적 언급,아니오,"안전 23건 [작업환경(8), 유해(7), 위험(2), 화학물질(2), 중독(2)], 구체적 조치 언급 없음",resolved,text,410,710,145;146
반도체장비,LM1903060329_19v1_반도체_장비_안전관리,57,2,형식적 언급,아니오,"안전 11건 [유해(3), 화학물질(2), 작업환경(2), 사고(1), 소음(1)], 구체적 조치 언급 없음",resolved,text,884,690,146;147
반도체장비,LM1903060329_19v1_반도체_장비_안전관리,58,1,미흡·없음,아니오,"안전 4건 [질병(2), 유해(1), 화학물질(1)], 구체적 조치 언급 없음",resolved,text,544,594,148
반도체장비,LM1903060329_19v1_반도체_장비_안전관리,59,3,구체적 대책,아니오,"안전 22건 [방사선(9), 안전(5), 보건(3), 보호구(2), 주의(1)], 조치 5건 [착용(3), 예방(1), 안전관리(1)]",resolved,text,699,720,148;149;150;151;153
반도체장비,LM1903060329_19v1_반도체_장비_안전관리,60,2,형식적 언급,아니오,"안전 15건 [방사선(13), 주의(1), 사망(1)], 구체적 조치 언급 없음",resolved,text,857,672,151;152;153
반도체장비,LM1903060329_19v1_반도체_장비_안전관리,61,3,구체적 대책,아니오,"안전 20건 [보호구(9), 방사선(5), 안전(3), 위험(1), 주의(1)], 조치 10건 [착용(4), 방지(1), 마스크(1), 안전화(1), 보안경(1)]",resolved,text,603,637,153
반도체장비,LM1903060329_19v1_반도체_장비_안전관리,62,3,구체적 대책,아니오,"안전 45건 [위험(16), 보호구(7), 유해(5), 폭발(5), 안전(4)], 조치 8건 [격리(5), 환기(2), 착용(1)]",resolved,text,1756,756,153
반도체장비,LM1903060329_19v1_반도체_장비_안전관리,63,1,미흡·없음,아니오,"안전 3건 [폭발(3)], 구체적 조치 언급 없음",resolved,text,1636,1033,153
반도체장비,LM1903060329_19v1_반도체_장비_안전관리,64,1,미흡·없음,아니오,"안전 1건 [폭발(1)], 구체적 조치 언급 없음",resolved,text,955,802,153
반도체장비,LM1903060329_19v1_반도체_장비_안전관리,65,3,구체적 대책,아니오,"안전 19건 [안전(7), 위험(4), 사고(2), 폭발(2), 주의(1)], 조치 6건 [안전관리(5), 예방(1)]",resolved,text,699,682,153
반도체장비,LM1903060329_19v1_반도체_장비_안전관리,66,3,구체적 대책,아니오,"안전 13건 [화재(8), 질식(5)], 조치 5건 [소화기(5)]",resolved,text,277,610,153
반도체장비,LM1903060329_19v1_반도체_장비_안전관리,67,2,형식적 언급,아니오,"안전 11건 [화재(7), 안전(3), 위험(1)], 조치 4건 [소화기(3), 대피(1)]",resolved,text,967,587,153
반도체장비,LM1903060329_19v1_반도체_장비_안전관리,68,3,구체적 대책,아니오,"안전 32건 [화재(20), 사고(5), 위험(4), 폭발(2), 누출(1)], 조치 8건 [방지(3), 차단(3), 소화기(2)]",resolved,text,1556,756,153
반도체장비,LM1903060329_19v1_반도체_장비_안전관리,69,3,구체적 대책,아니오,"안전 20건 [누출(6), 화재(5), 안전(3), 사고(3), 부상(3)], 조치 5건 [차단(3), 대피(1), 소화기(1)]",resolved,text,510,615,153
반도체장비,LM1903060329_19v1_반도체_장비_안전관리,70,3,구체적 대책,아니오,"안전 11건 [누출(4), 안전(2), 폭발(2), 사고(1), 보호구(1)], 조치 5건 [대피(2), 방지(1), 착용(1), 방독면(1)]",resolved,text,466,774,153
반도체장비,LM1903060329_19v1_반도체_장비_안전관리,72,1,미흡·없음,아니오,"안전 5건 [사고(3), 안전(1), 화재(1)], 조치 10건 [차단(8), 방지(1), 격리(1)]",resolved,text,872,697,153
반도체장비,LM1903060329_19v1_반도체_장비_안전관리,73,1,미흡·없음,아니오,"안전 3건 [위험(1), 화재(1), 소음(1)], 조치 16건 [차단(16)]",resolved,text,763,827,153
반도체장비,LM1903060329_19v1_반도체_장비_안전관리,75,1,미흡·없음,아니오,"안전 1건 [안전(1)], 구체적 조치 언급 없음",resolved,text,550,761,153
반도체장비,LM1903060329_19v1_반도체_장비_안전관리,76,1,미흡·없음,아니오,"안전 3건 [질식(2), 누출(1)], 구체적 조치 언급 없음",resolved,text,148,360,153
반도체장비,LM1903060329_19v1_반도체_장비_안전관리,77,1,미흡·없음,아니오,"안전 5건 [누출(2), 질식(2), 중독(1)], 구체적 조치 언급 없음",resolved,text,471,491,153
반도체장비,LM1903060329_19v1_반도체_장비_안전관리,78,1,미흡·없음,아니오,"안전 2건 [폭발(2)], 조치 2건 [방지(2)]",resolved,text,499,552,153
반도체장비,LM1903060329_19v1_반도체_장비_안전관리,79,2,형식적 언급,아니오,"안전 23건 [위험(7), 폭발(6), 인화(5), 유해(2), 화학물질(2)], 구체적 조치 언급 없음",resolved,text,1374,840,153
반도체장비,LM1903060329_19v1_반도체_장비_안전관리,80,2,형식적 언급,아니오,"안전 6건 [폭발(5), 질식(1)], 구체적 조치 언급 없음",resolved,text,516,961,153
반도체장비,LM1903060329_19v1_반도체_장비_안전관리,81,2,형식적 언급,아니오,"안전 6건 [안전(3), 질식(2), 폭발(1)], 조치 1건 [차단(1)]",resolved,text,858,875,153
반도체장비,LM1903060329_19v1_반도체_장비_안전관리,82,3,구체적 대책,아니오,"안전 8건 [안전(2), 주의(2), 폭발(2), 질식(2)], 조치 8건 [환기(6), 격리(1), 소화기(1)]",resolved,text,2336,1010,153
반도체장비,LM1903060329_19v1_반도체_장비_안전관리,83,2,형식적 언급,아니오,"안전 11건 [인화(7), 폭발(2), 안전(1), 화학물질(1)], 조치 1건 [안전관리(1)]",resolved,text,1034,952,153
반도체장비,LM1903060329_19v1_반도체_장비_안전관리,84,2,형식적 언급,아니오,"안전 10건 [안전(5), 보건(2), 유의 사항(1), MSDS(1), 물질안전보건자료(1)], 조치 1건 [안전관리(1)]",resolved,text,139,290,153;154
반도체장비,LM1903060329_19v1_반도체_장비_안전관리,85,3,구체적 대책,아니오,"안전 21건 [안전(9), 위험(7), 주의(2), 사고(2), 유의 사항(1)], 조치 16건 [예방(6), 안전관리(5), 방지(2), 착용(2), 안전화(1)]",resolved,text,756,607,46;153
반도체장비,LM1903060329_19v1_반도체_장비_안전관리,86,2,형식적 언급,아니오,"안전 6건 [소음(4), 위험(2)], 조치 1건 [방지(1)]",resolved,text,634,785,153
반도체장비,LM1903060329_19v1_반도체_장비_안전관리,87,2,형식적 언급,아니오,"안전 8건 [사고(3), 화재(3), 감전(2)], 조치 2건 [방지(2)]",resolved,text,585,698,153
반도체장비,LM1903060329_19v1_반도체_장비_안전관리,88,1,미흡·없음,아니오,"안전 4건 [안전(2), 위험(2)], 조치 7건 [예방(4), 안전관리(2), 착용(1)]",resolved,text,510,616,153
반도체장비,LM1903060329_19v1_반도체_장비_안전관리,89,3,구체적 대책,아니오,"안전 9건 [인화(3), 안전(2), 위험(2), 폭발(1), 화학물질(1)], 조치 7건 [예방(4), 안전관리(2), 격리(1)]",resolved,text,589,460,153
반도체장비,LM1903060329_19v1_반도체_장비_안전관리,90,2,형식적 언급,아니오,"안전 8건 [위험(3), 폭발(2), 화재(2), 주의(1)], 조치 1건 [환기(1)]",resolved,text,478,513,153
반도체장비,LM1903060329_19v1_반도체_장비_안전관리,91,1,미흡·없음,아니오,"안전 2건 [위험(1), 주의(1)], 구체적 조치 언급 없음",resolved,text,254,410,153
반도체장비,LM1903060329_19v1_반도체_장비_안전관리,92,3,구체적 대책,아니오,"안전 7건 [안전(3), 유해(2), 주의(1), 인화(1)], 조치 5건 [안전관리(3), 예방(2)]",resolved,text,459,469,153
반도체장비,LM1903060329_19v1_반도체_장비_안전관리,93,3,구체적 대책,아니오,"안전 28건 [안전(17), 위험(9), 사고(2)], 조치 29건 [안전관리(16), 예방(12), 대처(1)]",resolved,text,1234,533,153
반도체장비,LM1903060329_19v1_반도체_장비_안전관리,94,3,구체적 대책,아니오,"안전 14건 [안전(14)], 조치 13건 [안전관리(13)]",resolved,text,411,595,153
반도체장비,LM1903060329_19v1_반도체_장비_안전관리,95,3,구체적 대책,아니오,"안전 22건 [안전(13), 사고(8), 유해(1)], 조치 13건 [안전관리(9), 응급조치(4)]",resolved,text,456,528,153
반도체장비,LM1903060329_19v1_반도체_장비_안전관리,96,1,미흡·없음,아니오,"안전 5건 [중독(3), 위험(1), 유해(1)], 구체적 조치 언급 없음",resolved,text,727,669,153
반도체장비,LM1903060329_19v1_반도체_장비_안전관리,97,2,형식적 언급,예,"안전 7건 [유해(3), 중독(3), 사망(1)], 구체적 조치 언급 없음",resolved,text,539,586,154
반도체장비,LM1903060329_19v1_반도체_장비_안전관리,98,2,형식적 언급,아니오,"안전 16건 [중독(8), 유해(4), 위험(2), 방사선(1), 질식(1)], 구체적 조치 언급 없음",resolved,text,603,594,154
반도체장비,LM1903060329_19v1_반도체_장비_안전관리,99,1,미흡·없음,아니오,"안전 3건 [유해(1), 화학물질(1), 방사선(1)], 구체적 조치 언급 없음",resolved,text,950,797,154
반도체장비,LM1903060329_19v1_반도체_장비_안전관리,101,1,미흡·없음,아니오,"안전 4건 [유해(2), 화학물질(1), 작업환경(1)], 구체적 조치 언급 없음",resolved,text,616,838,154
반도체장비,LM1903060329_19v1_반도체_장비_안전관리,102,2,형식적 언급,아니오,"안전 7건 [유해(2), 사고(1), 누출(1), 화학물질(1), 보호구(1)], 조치 4건 [착용(2), 보안경(1), 보호장비(1)]",resolved,text,728,959,154
반도체장비,LM1903060329_19v1_반도체_장비_안전관리,103,3,구체적 대책,예,"안전 18건 [화학물질(6), 누출(4), 사고(2), 유해(2), 중독(2)], 조치 10건 [예방(2), 착용(2), 응급조치(2), 보호장비(2), 대처(1)]",resolved,text,1361,1135,154
반도체장비,LM1903060329_19v1_반도체_장비_안전관리,104,1,미흡·없음,아니오,"안전 2건 [중독(1), 작업환경(1)], 조치 1건 [환기(1)]",resolved,text,1082,884,154
반도체장비,LM1903060329_19v1_반도체_장비_안전관리,105,3,구체적 대책,예,"안전 25건 [사고(6), 유해(4), 누출(3), 중독(3), 주의(2)], 조치 7건 [보호장비(2), 예방(1), 착용(1), 환기(1), 대처(1)]",resolved,text,1187,1011,154
반도체장비,LM1903060329_19v1_반도체_장비_안전관리,106,1,미흡·없음,아니오,"안전 4건 [화학물질(2), 사고(1), 누출(1)], 구체적 조치 언급 없음",resolved,text,1005,1044,154
반도체장비,LM1903060329_19v1_반도체_장비_안전관리,107,3,구체적 대책,예,"안전 19건 [유해(4), 누출(3), 보호구(3), 중독(3), 사고(2)], 조치 11건 [착용(4), 예방(3), 보호장비(2), 대처(1), 보안경(1)]",resolved,text,702,794,154
반도체장비,LM1903060329_19v1_반도체_장비_안전관리,108,1,미흡·없음,아니오,"안전 3건 [유해(2), 화학물질(1)], 구체적 조치 언급 없음",resolved,text,1196,897,154
반도체장비,LM1903060329_19v1_반도체_장비_안전관리,109,3,구체적 대책,아니오,"안전 14건 [유해(6), 화학물질(2), 보호구(2), 위험(1), 누출(1)], 조치 5건 [예방(2), 착용(2), 대처(1)]",resolved,text,535,997,154
반도체장비,LM1903060329_19v1_반도체_장비_안전관리,110,3,구체적 대책,예,"안전 20건 [유해(8), 방사선(5), 작업환경(3), 화학물질(2), 누출(1)], 조치 5건 [예방(2), 착용(1), 대처(1), 보호장비(1)]",resolved,text,1373,953,154
반도체장비,LM1903060329_19v1_반도체_장비_안전관리,111,2,형식적 언급,아니오,"안전 10건 [방사선(4), 유해(2), 화학물질(2), 안전(1), 위험(1)], 조치 4건 [착용(2), 안전관리(1), 대처(1)]",resolved,text,570,939,154
반도체장비,LM1903060329_19v1_반도체_장비_안전관리,112,3,구체적 대책,예,"안전 18건 [유해(5), 보호구(4), 화학물질(3), 작업환경(2), 위험(1)], 조치 14건 [착용(6), 방지(4), 보호장비(2), 예방(1), 대처(1)]",resolved,text,1239,757,154
반도체장비,LM1903060329_19v1_반도체_장비_안전관리,113,1,미흡·없음,아니오,"안전 4건 [작업환경(2), 유해(1), 보호구(1)], 조치 3건 [방지(1), 착용(1), 보호장비(1)]",resolved,text,748,893,154
반도체장비,LM1903060329_19v1_반도체_장비_안전관리,114,3,구체적 대책,아니오,"안전 6건 [유해(3), 보호구(2), 작업환경(1)], 조치 5건 [방지(2), 착용(2), 예방(1)]",resolved,text,1168,724,154
반도체장비,LM1903060329_19v1_반도체_장비_안전관리,115,3,구체적 대책,아니오,"안전 6건 [유해(2), 보호구(2), 분진(1), 작업환경(1)], 조치 5건 [착용(3), 예방(1), 보안경(1)]",resolved,text,702,870,154
반도체장비,LM1903060329_19v1_반도체_장비_안전관리,116,1,미흡·없음,아니오,"안전 5건 [유해(2), 작업환경(2), 보호구(1)], 조치 2건 [착용(1), 보안경(1)]",resolved,text,775,779,154
반도체장비,LM1903060329_19v1_반도체_장비_안전관리,117,3,구체적 대책,아니오,"안전 12건 [방사선(6), 유해(2), 작업환경(2), 안전(1), 화학물질(1)], 조치 5건 [착용(2), 예방(1), 안전관리(1), 격리(1)]",resolved,text,795,855,154
반도체장비,LM1903060329_19v1_반도체_장비_안전관리,118,2,형식적 언급,아니오,"안전 18건 [위험(5), 화재(5), 폭발(2), 화학물질(2), 주의(1)], 조치 4건 [대처(4)]",resolved,text,564,798,154
반도체장비,LM1903060329_19v1_반도체_장비_안전관리,119,3,구체적 대책,아니오,"안전 7건 [누출(6), 주의(1)], 조치 7건 [마스크(3), 격리(2), 예방(1), 착용(1)]",resolved,text,560,602,154
반도체장비,LM1903060329_19v1_반도체_장비_안전관리,121,2,형식적 언급,아니오,"안전 18건 [안전(7), 보건(4), 사고(2), 유의 사항(1), 유해(1)], 조치 2건 [안전관리(2)]",resolved,text,393,484,154
반도체장비,LM1903060329_19v1_반도체_장비_안전관리,122,2,형식적 언급,아니오,"안전 20건 [위험(8), 유해(4), 안전(1), 주의(1), 유의 사항(1)], 구체적 조치 언급 없음",resolved,text,411,321,154
반도체장비,LM1903060329_19v1_반도체_장비_안전관리,123,2,형식적 언급,아니오,"안전 15건 [유해(6), 위험(5), 안전(1), 주의(1), 사고(1)], 조치 3건 [환기(2), 방지(1)]",resolved,text,397,572,154
반도체장비,LM1903060329_19v1_반도체_장비_안전관리,124,3,구체적 대책,아니오,"안전 39건 [화학물질(9), 유해(7), 누출(7), 보호구(6), 방사선(5)], 조치 16건 [착용(6), 보안경(6), 방지(1), 예방(1), 환기(1)]",resolved,text,1647,761,154
반도체장비,LM1903060329_19v1_반도체_장비_안전관리,125,2,형식적 언급,아니오,"안전 10건 [위험(6), 유해(3), 화학물질(1)], 구체적 조치 언급 없음",resolved,text,162,799,154
반도체장비,LM1903060329_19v1_반도체_장비_안전관리,126,2,형식적 언급,아니오,"안전 55건 [위험(29), 유해(11), 화학물질(8), 분진(5), 주의(2)], 구체적 조치 언급 없음",resolved,text,931,590,154
반도체장비,LM1903060329_19v1_반도체_장비_안전관리,127,2,형식적 언급,아니오,"안전 48건 [사고(14), 유해(7), 안전(5), 화학물질(5), 누출(4)], 조치 2건 [차단(1), 대피(1)]",resolved,text,1020,819,154
반도체장비,LM1903060329_19v1_반도체_장비_안전관리,128,2,형식적 언급,아니오,"안전 20건 [유해(8), 화학물질(4), 주의(2), 누출(2), 화재(2)], 조치 2건 [방지(1), 소화기(1)]",resolved,text,423,746,154
반도체장비,LM1903060329_19v1_반도체_장비_안전관리,129,2,형식적 언급,아니오,"안전 22건 [사고(7), 안전(5), 유해(4), 화학물질(2), 보건(1)], 조치 4건 [착용(2), 안전관리(1), 대처(1)]",resolved,text,508,542,154
반도체장비,LM1903060329_19v1_반도체_장비_안전관리,130,3,구체적 대책,아니오,"안전 33건 [누출(7), 안전(6), 사고(5), 유해(4), 화재(3)], 조치 20건 [차단(7), 방지(5), 안전관리(4), 착용(2), 응급조치(1)]",resolved,text,830,667,154
반도체장비,LM1903060329_19v1_반도체_장비_안전관리,131,3,구체적 대책,아니오,"안전 7건 [안전(2), 사고(2), 유해(2), 주의(1)], 조치 10건 [대피(7), 방지(1), 대처(1), 마스크(1)]",resolved,text,477,698,154
반도체장비,LM1903060329_19v1_반도체_장비_안전관리,132,2,형식적 언급,아니오,"안전 13건 [유해(5), 사고(2), 누출(2), 안전(1), 폭발(1)], 구체적 조치 언급 없음",resolved,text,431,523,154
반도체장비,LM1903060329_19v1_반도체_장비_안전관리,133,3,구체적 대책,아니오,"안전 9건 [안전(4), 사고(2), 유해(2), 위험(1)], 조치 5건 [안전관리(4), 대처(1)]",resolved,text,457,470,154
반도체장비,LM1903060329_19v1_반도체_장비_안전관리,134,3,구체적 대책,아니오,"안전 21건 [안전(13), 사고(8)], 조치 10건 [안전관리(8), 응급조치(2)]",resolved,text,435,582,154
반도체장비,LM1903060329_19v1_반도체_장비_안전관리,135,3,구체적 대책,아니오,"안전 26건 [안전(14), 사고(12)], 조치 16건 [안전관리(10), 응급조치(6)]",resolved,text,698,683,154
반도체장비,LM1903060329_19v1_반도체_장비_안전관리,136,3,구체적 대책,아니오,"안전 59건 [안전(32), 보건(16), 사고(8), 위험(1), 작업환경(1)], 조치 21건 [안전관리(12), 응급조치(6), 예방(1), 안전교육(1), 안전수칙(1)]",resolved,text,947,491,154
반도체장비,LM1903060329_19v1_반도체_장비_안전관리,137,2,형식적 언급,아니오,"안전 7건 [MSDS(3), 유해(1), 보건(1), 화재(1), 질식(1)], 구체적 조치 언급 없음",resolved,text,1153,771,154
반도체장비,LM1903060329_19v1_반도체_장비_안전관리,138,1,미흡·없음,아니오,"안전 4건 [유해(2), 위험(1), 보건(1)], 구체적 조치 언급 없음",resolved,text,1220,804,154
반도체장비,LM1903060329_19v1_반도체_장비_안전관리,139,1,미흡·없음,아니오,"안전 3건 [유해(1), 보건(1), 폭발(1)], 구체적 조치 언급 없음",resolved,text,1332,843,154
반도체장비,LM1903060329_19v1_반도체_장비_안전관리,140,1,미흡·없음,아니오,"안전 3건 [위험(1), 유해(1), MSDS(1)], 구체적 조치 언급 없음",resolved,text,1271,786,154
반도체장비,LM1903060329_19v1_반도체_장비_안전관리,141,2,형식적 언급,아니오,"안전 7건 [질식(2), 인화(2), 위험(1), 유해(1), 폭발(1)], 구체적 조치 언급 없음",resolved,text,1618,867,154
반도체장비,LM1903060329_19v1_반도체_장비_안전관리,142,1,미흡·없음,아니오,"안전 2건 [유해(1), 보건(1)], 구체적 조치 언급 없음",resolved,text,1262,744,154
반도체장비,LM1903060329_19v1_반도체_장비_안전관리,143,1,미흡·없음,아니오,"안전 2건 [유해(1), 폭발(1)], 구체적 조치 언급 없음",resolved,text,1064,782,154
반도체장비,LM1903060329_19v1_반도체_장비_안전관리,144,1,미흡·없음,아니오,"안전 4건 [위험(1), 유해(1), 화재(1), 질식(1)], 구체적 조치 언급 없음",resolved,text,1098,681,154
반도체장비,LM1903060329_19v1_반도체_장비_안전관리,145,1,미흡·없음,아니오,"안전 5건 [유해(2), 보건(2), 화재(1)], 조치 1건 [차단(1)]",resolved,text,1283,804,154
반도체장비,LM1903060329_19v1_반도체_장비_안전관리,146,1,미흡·없음,아니오,"안전 3건 [유해(1), 보건(1), 화재(1)], 구체적 조치 언급 없음",resolved,text,1203,809,154
반도체장비,LM1903060329_19v1_반도체_장비_안전관리,147,1,미흡·없음,아니오,"안전 2건 [유해(1), 보건(1)], 구체적 조치 언급 없음",resolved,text,1388,652,146;154
반도체장비,LM1903060329_19v1_반도체_장비_안전관리,148,1,미흡·없음,아니오,"안전 3건 [위험(1), 유해(1), 폭발(1)], 구체적 조치 언급 없음",resolved,text,1092,624,154
반도체장비,LM1903060329_19v1_반도체_장비_안전관리,149,1,미흡·없음,아니오,"안전 3건 [유해(1), 보건(1), 화재(1)], 구체적 조치 언급 없음",resolved,text,780,573,154
반도체장비,LM1903060329_19v1_반도체_장비_안전관리,150,1,미흡·없음,아니오,"안전 4건 [유해(1), MSDS(1), 보건(1), 화재(1)], 조치 1건 [차단(1)]",resolved,text,1078,722,154
반도체장비,LM1903060329_19v1_반도체_장비_안전관리,151,1,미흡·없음,아니오,"안전 3건 [유해(1), 보건(1), 화재(1)], 구체적 조치 언급 없음",resolved,text,422,556,154
반도체장비,LM1903060329_19v1_반도체_장비_안전관리,152,1,미흡·없음,아니오,"안전 1건 [안전(1)], 조치 1건 [안전관리(1)]",resolved,text,267,664,151;154
반도체장비,LM1903060329_19v1_반도체_장비_안전관리,153,1,미흡·없음,아니오,"안전 0건 [], 구체적 조치 언급 없음",resolved,text-fallback,70,285,153
반도체장비,LM1903060329_19v1_반도체_장비_안전관리,154,1,미흡·없음,아니오,"안전 1건 [안전(1)], 조치 1건 [안전관리(1)]",resolved,text,153,571,154
반도체재료,LM1903060401_20v2_반도체용_웨이퍼_재료_제조,15,1,미흡·없음,아니오,"안전 1건 [부상(1)], 구체적 조치 언급 없음",resolved,text,722,719,16
반도체재료,LM1903060401_20v2_반도체용_웨이퍼_재료_제조,16,1,미흡·없음,아니오,"안전 1건 [화재(1)], 구체적 조치 언급 없음",resolved,text,974,974,16
반도체재료,LM1903060401_20v2_반도체용_웨이퍼_재료_제조,20,1,미흡·없음,아니오,"안전 4건 [안전(2), 유의 사항(1), 보건(1)], 구체적 조치 언급 없음",resolved,text,410,404,20;32
반도체재료,LM1903060401_20v2_반도체용_웨이퍼_재료_제조,26,1,미흡·없음,아니오,"안전 3건 [안전(2), 주의(1)], 조치 1건 [방지(1)]",resolved,text,690,674,26
반도체재료,LM1903060401_20v2_반도체용_웨이퍼_재료_제조,29,1,미흡·없음,아니오,"안전 1건 [부상(1)], 구체적 조치 언급 없음",resolved,text,1146,1146,29
반도체재료,LM1903060401_20v2_반도체용_웨이퍼_재료_제조,31,1,미흡·없음,아니오,"안전 4건 [안전(2), 유의 사항(2)], 구체적 조치 언급 없음",resolved,text,449,467,32;47;54
반도체재료,LM1903060401_20v2_반도체용_웨이퍼_재료_제조,37,1,미흡·없음,아니오,"안전 3건 [안전(2), 유의 사항(1)], 조치 2건 [방지(1), 안전관리(1)]",resolved,text,489,501,38
반도체재료,LM1903060401_20v2_반도체용_웨이퍼_재료_제조,49,1,미흡·없음,아니오,"안전 2건 [주의(1), 방사선(1)], 조치 1건 [방지(1)]",resolved,text,1093,1095,49
반도체재료,LM1903060401_20v2_반도체용_웨이퍼_재료_제조,52,1,미흡·없음,아니오,"안전 3건 [진동(2), 소음(1)], 구체적 조치 언급 없음",resolved,text,642,786,52
반도체재료,LM1903060401_20v2_반도체용_웨이퍼_재료_제조,54,1,미흡·없음,아니오,"안전 4건 [안전(2), 유의 사항(2)], 구체적 조치 언급 없음",resolved,text,675,689,54
반도체재료,LM1903060401_20v2_반도체용_웨이퍼_재료_제조,55,1,미흡·없음,아니오,"안전 2건 [진동(2)], 조치 1건 [방지(1)]",resolved,text,771,764,56
반도체재료,LM1903060401_20v2_반도체용_웨이퍼_재료_제조,61,1,미흡·없음,아니오,"안전 1건 [위험(1)], 구체적 조치 언급 없음",resolved,text,1047,1049,62
반도체재료,LM1903060401_20v2_반도체용_웨이퍼_재료_제조,63,1,미흡·없음,아니오,"안전 2건 [안전(1), 유의 사항(1)], 구체적 조치 언급 없음",resolved,text,525,579,63
반도체재료,LM1903060401_20v2_반도체용_웨이퍼_재료_제조,64,1,미흡·없음,아니오,"안전 1건 [위험(1)], 구체적 조치 언급 없음",resolved,text,1126,1128,65
반도체재료,LM1903060401_20v2_반도체용_웨이퍼_재료_제조,75,1,미흡·없음,아니오,"안전 2건 [안전(1), 유의 사항(1)], 구체적 조치 언급 없음",resolved,text,619,635,75
반도체재료,LM1903060401_20v2_반도체용_웨이퍼_재료_제조,78,1,미흡·없음,아니오,"안전 1건 [인화(1)], 구체적 조치 언급 없음",resolved,text,767,770,78
반도체재료,LM1903060401_20v2_반도체용_웨이퍼_재료_제조,88,1,미흡·없음,아니오,"안전 5건 [누출(2), 안전(1), 화재(1), 방사선(1)], 조치 1건 [안전관리(1)]",resolved,text,623,618,88
반도체재료,LM1903060401_20v2_반도체용_웨이퍼_재료_제조,94,2,형식적 언급,아니오,"안전 6건 [안전(2), 누출(2), 유의 사항(1), 화재(1)], 조치 1건 [안전관리(1)]",resolved,text,613,618,94
반도체재료,LM1903060402_14v1_반도체용_리소그래피_재료_제조,20,1,미흡·없음,아니오,"안전 1건 [화학물질(1)], 구체적 조치 언급 없음",resolved,text,531,510,90
반도체재료,LM1903060402_14v1_반도체용_리소그래피_재료_제조,24,1,미흡·없음,아니오,"안전 1건 [MSDS(1)], 구체적 조치 언급 없음",resolved,text,602,590,90
반도체재료,LM1903060402_14v1_반도체용_리소그래피_재료_제조,25,1,미흡·없음,아니오,"안전 5건 [안전(4), 유의 사항(1)], 조치 3건 [마스크(1), 안전화(1), 안전모(1)]",resolved,text,436,445,90
반도체재료,LM1903060402_14v1_반도체용_리소그래피_재료_제조,26,1,미흡·없음,아니오,"안전 1건 [주의(1)], 구체적 조치 언급 없음",resolved,text,479,437,90;91
반도체재료,LM1903060402_14v1_반도체용_리소그래피_재료_제조,29,1,미흡·없음,아니오,"안전 3건 [주의(2), 화학물질(1)], 조치 3건 [마스크(3)]",resolved,text,861,856,90
반도체재료,LM1903060402_14v1_반도체용_리소그래피_재료_제조,32,1,미흡·없음,아니오,"안전 1건 [먼지(1)], 조치 2건 [방지(2)]",resolved,text,943,946,90
반도체재료,LM1903060402_14v1_반도체용_리소그래피_재료_제조,34,1,미흡·없음,아니오,"안전 1건 [MSDS(1)], 구체적 조치 언급 없음",resolved,text,446,438,90
반도체재료,LM1903060402_14v1_반도체용_리소그래피_재료_제조,35,2,형식적 언급,아니오,"안전 6건 [안전(4), 주의(1), 유의 사항(1)], 조치 3건 [마스크(1), 안전화(1), 안전모(1)]",resolved,text,668,667,90;91
반도체재료,LM1903060402_14v1_반도체용_리소그래피_재료_제조,44,1,미흡·없음,아니오,"안전 1건 [MSDS(1)], 구체적 조치 언급 없음",resolved,text,579,567,90
반도체재료,LM1903060402_14v1_반도체용_리소그래피_재료_제조,45,1,미흡·없음,아니오,"안전 5건 [안전(4), 유의 사항(1)], 조치 3건 [마스크(1), 안전화(1), 안전모(1)]",resolved,text,429,438,90
반도체재료,LM1903060402_14v1_반도체용_리소그래피_재료_제조,46,1,미흡·없음,아니오,"안전 1건 [주의(1)], 구체적 조치 언급 없음",resolved,text,750,751,90;91
반도체재료,LM1903060402_14v1_반도체용_리소그래피_재료_제조,53,1,미흡·없음,아니오,"안전 1건 [MSDS(1)], 구체적 조치 언급 없음",resolved,text,502,504,91
반도체재료,LM1903060402_14v1_반도체용_리소그래피_재료_제조,54,2,형식적 언급,아니오,"안전 6건 [안전(4), 주의(1), 유의 사항(1)], 조치 4건 [대처(1), 마스크(1), 안전화(1), 안전모(1)]",resolved,text,691,664,91
반도체재료,LM1903060402_14v1_반도체용_리소그래피_재료_제조,63,1,미흡·없음,아니오,"안전 1건 [MSDS(1)], 구체적 조치 언급 없음",resolved,text,576,564,91
반도체재료,LM1903060402_14v1_반도체용_리소그래피_재료_제조,64,1,미흡·없음,아니오,"안전 5건 [안전(4), 유의 사항(1)], 조치 3건 [마스크(1), 안전화(1), 안전모(1)]",resolved,text,436,445,91
반도체재료,LM1903060402_14v1_반도체용_리소그래피_재료_제조,65,1,미흡·없음,아니오,"안전 1건 [주의(1)], 조치 1건 [대처(1)]",resolved,text,734,718,91
반도체재료,LM1903060402_14v1_반도체용_리소그래피_재료_제조,69,2,형식적 언급,예,"안전 17건 [사고(6), 화학물질(3), 유해(2), 인화(2), 폭발(1)], 조치 1건 [환기(1)]",resolved,text,1203,1222,91
반도체재료,LM1903060402_14v1_반도체용_리소그래피_재료_제조,70,2,형식적 언급,아니오,"안전 6건 [폭발(2), 인화(2), 위험(1), 유해(1)], 구체적 조치 언급 없음",resolved,text,1185,1191,91
반도체재료,LM1903060402_14v1_반도체용_리소그래피_재료_제조,71,2,형식적 언급,아니오,"안전 7건 [인화(5), MSDS(1), 폭발(1)], 조치 1건 [예방(1)]",resolved,text,1044,1046,91
반도체재료,LM1903060402_14v1_반도체용_리소그래피_재료_제조,72,1,미흡·없음,아니오,"안전 5건 [인화(3), 폭발(1), 화학물질(1)], 구체적 조치 언급 없음",resolved,text,1104,1106,91
반도체재료,LM1903060402_14v1_반도체용_리소그래피_재료_제조,73,1,미흡·없음,아니오,"안전 3건 [폭발(3)], 구체적 조치 언급 없음",resolved,text,1040,1042,91
반도체재료,LM1903060402_14v1_반도체용_리소그래피_재료_제조,74,1,미흡·없음,아니오,"안전 1건 [MSDS(1)], 구체적 조치 언급 없음",resolved,text,441,443,91
반도체재료,LM1903060402_14v1_반도체용_리소그래피_재료_제조,75,2,형식적 언급,아니오,"안전 6건 [안전(4), 주의(1), 유의 사항(1)], 조치 4건 [대처(1), 마스크(1), 안전화(1), 안전모(1)]",resolved,text,696,685,91
반도체재료,LM1903060402_14v1_반도체용_리소그래피_재료_제조,76,1,미흡·없음,아니오,"안전 1건 [MSDS(1)], 구체적 조치 언급 없음",resolved,text,862,870,91
반도체재료,LM1903060402_14v1_반도체용_리소그래피_재료_제조,77,2,형식적 언급,아니오,"안전 16건 [인화(12), 진동(2), MSDS(1), 폭발(1)], 구체적 조치 언급 없음",resolved,text,838,818,91
반도체재료,LM1903060402_14v1_반도체용_리소그래피_재료_제조,78,2,형식적 언급,아니오,"안전 7건 [인화(7)], 구체적 조치 언급 없음",resolved,text,769,688,91
반도체재료,LM1903060402_14v1_반도체용_리소그래피_재료_제조,79,1,미흡·없음,아니오,"안전 3건 [폭발(3)], 구체적 조치 언급 없음",resolved,text,484,413,91
반도체재료,LM1903060402_14v1_반도체용_리소그래피_재료_제조,85,1,미흡·없음,아니오,"안전 1건 [PSM(1)], 조치 1건 [마스크(1)]",resolved,text,666,669,91
반도체재료,LM1903060402_14v1_반도체용_리소그래피_재료_제조,86,1,미흡·없음,아니오,"안전 1건 [MSDS(1)], 구체적 조치 언급 없음",resolved,text,528,530,91
반도체재료,LM1903060402_14v1_반도체용_리소그래피_재료_제조,87,1,미흡·없음,아니오,"안전 5건 [안전(4), 유의 사항(1)], 조치 4건 [대처(1), 마스크(1), 안전화(1), 안전모(1)]",resolved,text,722,723,91;93
반도체재료,LM1903060402_14v1_반도체용_리소그래피_재료_제조,89,1,미흡·없음,아니오,"안전 1건 [PSM(1)], 조치 1건 [마스크(1)]",resolved,text,289,289,91
반도체재료,LM1903060402_14v1_반도체용_리소그래피_재료_제조,90,1,미흡·없음,아니오,"안전 0건 [], 구체적 조치 언급 없음",resolved,text-fallback,786,789,90
반도체재료,LM1903060402_14v1_반도체용_리소그래피_재료_제조,91,1,미흡·없음,아니오,"안전 1건 [먼지(1)], 조치 3건 [방지(3)]",resolved,text,949,952,91
반도체재료,LM1903060402_14v1_반도체용_리소그래피_재료_제조,92,1,미흡·없음,아니오,"안전 2건 [MSDS(1), PSM(1)], 조치 1건 [마스크(1)]",resolved,text,516,508,92
반도체재료,LM1903060402_14v1_반도체용_리소그래피_재료_제조,93,1,미흡·없음,아니오,"안전 5건 [안전(4), 유의 사항(1)], 조치 3건 [마스크(1), 안전화(1), 안전모(1)]",resolved,text,662,647,93
반도체재료,LM1903060402_14v1_반도체용_리소그래피_재료_제조,95,1,미흡·없음,아니오,"안전 1건 [PSM(1)], 조치 3건 [방지(2), 마스크(1)]",resolved,text,395,367,96
반도체재료,LM1903060402_14v1_반도체용_리소그래피_재료_제조,102,2,형식적 언급,아니오,"안전 8건 [안전(2), 유해(2), 주의(1), 사고(1), MSDS(1)], 구체적 조치 언급 없음",resolved,text,1048,1006,102;103
반도체재료,LM1903060403_14v1_반도체용_가스_재료_제조,10,1,미흡·없음,아니오,"안전 3건 [안전(3)], 조치 3건 [안전관리(3)]",resolved,text,2196,330,40
반도체재료,LM1903060403_14v1_반도체용_가스_재료_제조,15,1,미흡·없음,아니오,"안전 1건 [위험(1)], 구체적 조치 언급 없음",resolved,text,675,676,54
반도체재료,LM1903060403_14v1_반도체용_가스_재료_제조,16,1,미흡·없음,아니오,"안전 5건 [안전(3), 질식(1), 인화(1)], 구체적 조치 언급 없음",resolved,text,1079,1063,54
반도체재료,LM1903060403_14v1_반도체용_가스_재료_제조,17,1,미흡·없음,아니오,"안전 4건 [안전(1), 위험(1), 유의 사항(1), 인화(1)], 구체적 조치 언급 없음",resolved,text,219,216,54
반도체재료,LM1903060403_14v1_반도체용_가스_재료_제조,20,1,미흡·없음,아니오,"안전 1건 [화학물질(1)], 구체적 조치 언급 없음",resolved,text,1037,701,54
반도체재료,LM1903060403_14v1_반도체용_가스_재료_제조,24,1,미흡·없음,아니오,"안전 2건 [안전(1), 폭발(1)], 조치 1건 [안전대책(1)]",resolved,text,418,429,54
반도체재료,LM1903060403_14v1_반도체용_가스_재료_제조,28,1,미흡·없음,아니오,"안전 2건 [폭발(2)], 구체적 조치 언급 없음",resolved,text,1125,607,54
반도체재료,LM1903060403_14v1_반도체용_가스_재료_제조,30,1,미흡·없음,아니오,"안전 3건 [안전(2), 유의 사항(1)], 구체적 조치 언급 없음",resolved,text,616,601,54
반도체재료,LM1903060403_14v1_반도체용_가스_재료_제조,36,1,미흡·없음,아니오,"안전 4건 [안전(1), 위험(1), 유의 사항(1), 인화(1)], 구체적 조치 언급 없음",resolved,text,820,823,54
반도체재료,LM1903060403_14v1_반도체용_가스_재료_제조,42,1,미흡·없음,아니오,"안전 3건 [안전(1), 유의 사항(1), 폭발(1)], 구체적 조치 언급 없음",resolved,text,468,466,54;60;85
반도체재료,LM1903060403_14v1_반도체용_가스_재료_제조,52,1,미흡·없음,아니오,"안전 1건 [부상(1)], 구체적 조치 언급 없음",resolved,text,766,746,54
반도체재료,LM1903060403_14v1_반도체용_가스_재료_제조,56,1,미흡·없음,아니오,"안전 3건 [안전(1), 유의 사항(1), 폭발(1)], 구체적 조치 언급 없음",resolved,text,425,428,56;57;94
반도체재료,LM1903060403_14v1_반도체용_가스_재료_제조,59,2,형식적 언급,아니오,"안전 11건 [안전(5), 유해(2), 누출(2), 위험(1), 사고(1)], 조치 1건 [안전관리(1)]",resolved,text,500,498,59;60
반도체재료,LM1903060403_14v1_반도체용_가스_재료_제조,60,1,미흡·없음,아니오,"안전 3건 [안전(1), 유의 사항(1), 폭발(1)], 구체적 조치 언급 없음",resolved,text,425,432,60
반도체재료,LM1903060403_14v1_반도체용_가스_재료_제조,61,1,미흡·없음,아니오,"안전 1건 [누출(1)], 구체적 조치 언급 없음",resolved,text,396,345,61
반도체재료,LM1903060403_14v1_반도체용_가스_재료_제조,66,1,미흡·없음,아니오,"안전 2건 [안전(1), 위험(1)], 조치 1건 [안전교육(1)]",resolved,text,618,618,67
반도체재료,LM1903060403_14v1_반도체용_가스_재료_제조,67,1,미흡·없음,아니오,"안전 4건 [안전(3), 인화(1)], 조치 1건 [방지(1)]",resolved,text,529,438,67
반도체재료,LM1903060403_14v1_반도체용_가스_재료_제조,70,2,형식적 언급,아니오,"안전 8건 [누출(4), 위험(2), 안전(1), 주의(1)], 조치 3건 [착용(1), 마스크(1), 방독면(1)]",resolved,text,1120,885,71
반도체재료,LM1903060403_14v1_반도체용_가스_재료_제조,71,1,미흡·없음,아니오,"안전 3건 [주의(1), 누출(1), 화재(1)], 구체적 조치 언급 없음",resolved,text,1138,767,71
반도체재료,LM1903060403_14v1_반도체용_가스_재료_제조,73,2,형식적 언급,아니오,"안전 6건 [안전(2), 위험(1), 유의 사항(1), 폭발(1), 인화(1)], 조치 1건 [방지(1)]",resolved,text,469,472,73;74
반도체재료,LM1903060403_14v1_반도체용_가스_재료_제조,77,1,미흡·없음,아니오,"안전 3건 [유해(2), 위험(1)], 구체적 조치 언급 없음",resolved,text,548,516,78
반도체재료,LM1903060403_14v1_반도체용_가스_재료_제조,81,1,미흡·없음,아니오,"안전 1건 [안전(1)], 구체적 조치 언급 없음",resolved,text,288,306,85
반도체재료,LM1903060403_14v1_반도체용_가스_재료_제조,82,1,미흡·없음,아니오,"안전 4건 [안전(1), 유의 사항(1), 폭발(1), 인화(1)], 구체적 조치 언급 없음",resolved,text,405,391,85
반도체재료,LM1903060403_14v1_반도체용_가스_재료_제조,83,1,미흡·없음,아니오,"안전 0건 [], 조치 1건 [예방(1)]",resolved,text,553,555,86
반도체재료,LM1903060403_14v1_반도체용_가스_재료_제조,85,1,미흡·없음,아니오,"안전 5건 [안전(2), 위험(1), 주의(1), 유해(1)], 구체적 조치 언급 없음",resolved,text,504,499,86
반도체재료,LM1903060403_14v1_반도체용_가스_재료_제조,87,2,형식적 언급,아니오,"안전 6건 [안전(1), 위험(1), 유의 사항(1), 유해(1), 폭발(1)], 구체적 조치 언급 없음",resolved,text,295,298,94
반도체재료,LM1903060403_14v1_반도체용_가스_재료_제조,88,1,미흡·없음,아니오,"안전 3건 [유해(1), 먼지(1), 인화(1)], 구체적 조치 언급 없음",resolved,text,584,577,94
반도체재료,LM1903060403_14v1_반도체용_가스_재료_제조,90,2,형식적 언급,아니오,"안전 7건 [화재(6), 질식(1)], 구체적 조치 언급 없음",resolved,text,1643,940,94
반도체재료,LM1903060403_14v1_반도체용_가스_재료_제조,95,1,미흡·없음,아니오,"안전 1건 [화학물질(1)], 구체적 조치 언급 없음",resolved,text,612,576,96
반도체재료,LM1903060403_14v1_반도체용_가스_재료_제조,98,1,미흡·없음,아니오,"안전 1건 [누출(1)], 구체적 조치 언급 없음",resolved,text,615,566,98
반도체재료,LM1903060403_14v1_반도체용_가스_재료_제조,99,1,미흡·없음,아니오,"안전 2건 [진동(2)], 구체적 조치 언급 없음",resolved,text,388,377,100
반도체재료,LM1903060403_14v1_반도체용_가스_재료_제조,100,2,형식적 언급,아니오,"안전 6건 [안전(2), 유의 사항(2), 주의(1), MSDS(1)], 조치 1건 [착용(1)]",resolved,text,391,405,100;101
반도체재료,LM1903060403_14v1_반도체용_가스_재료_제조,107,1,미흡·없음,아니오,"안전 4건 [안전(1), MSDS(1), 보건(1), 물질안전보건자료(1)], 구체적 조치 언급 없음",resolved,text,388,369,108
반도체재료,LM1903060404_23v3_반도체용_금속_Target_재료_제조,19,1,미흡·없음,아니오,"안전 3건 [안전(1), 유의 사항(1), MSDS(1)], 조치 1건 [대처(1)]",resolved,text,498,527,19;20;61
반도체재료,LM1903060404_23v3_반도체용_금속_Target_재료_제조,25,1,미흡·없음,아니오,"안전 3건 [안전(1), 유의 사항(1), MSDS(1)], 구체적 조치 언급 없음",resolved,text,617,628,26
반도체재료,LM1903060404_23v3_반도체용_금속_Target_재료_제조,26,1,미흡·없음,아니오,"안전 0건 [], 조치 2건 [방지(1), 대처(1)]",resolved,text,685,686,26
반도체재료,LM1903060404_23v3_반도체용_금속_Target_재료_제조,35,1,미흡·없음,아니오,"안전 3건 [위험(1), 폭발(1), 인화(1)], 구체적 조치 언급 없음",resolved,text,615,643,41
반도체재료,LM1903060404_23v3_반도체용_금속_Target_재료_제조,38,1,미흡·없음,아니오,"안전 3건 [안전(1), 유의 사항(1), MSDS(1)], 조치 1건 [대처(1)]",resolved,text,479,515,41;71
반도체재료,LM1903060404_23v3_반도체용_금속_Target_재료_제조,39,1,미흡·없음,아니오,"안전 1건 [주의(1)], 조치 3건 [방지(3)]",resolved,text,715,708,41;47
반도체재료,LM1903060404_23v3_반도체용_금속_Target_재료_제조,41,1,미흡·없음,아니오,"안전 1건 [인화(1)], 조치 1건 [착용(1)]",resolved,text,861,698,42
반도체재료,LM1903060404_23v3_반도체용_금속_Target_재료_제조,44,1,미흡·없음,아니오,"안전 2건 [진동(2)], 구체적 조치 언급 없음",resolved,text,586,572,44
반도체재료,LM1903060404_23v3_반도체용_금속_Target_재료_제조,46,1,미흡·없음,아니오,"안전 1건 [MSDS(1)], 구체적 조치 언급 없음",resolved,text,310,301,47
반도체재료,LM1903060404_23v3_반도체용_금속_Target_재료_제조,47,1,미흡·없음,아니오,"안전 4건 [진동(2), 안전(1), 유의 사항(1)], 조치 1건 [대처(1)]",resolved,text,634,659,47
반도체재료,LM1903060404_23v3_반도체용_금속_Target_재료_제조,60,1,미흡·없음,아니오,"안전 3건 [안전(1), 유의 사항(1), MSDS(1)], 조치 1건 [대처(1)]",resolved,text,505,541,60
반도체재료,LM1903060404_23v3_반도체용_금속_Target_재료_제조,66,1,미흡·없음,아니오,"안전 1건 [폭발(1)], 조치 2건 [방지(2)]",resolved,text,792,794,66
반도체재료,LM1903060404_23v3_반도체용_금속_Target_재료_제조,67,1,미흡·없음,아니오,"안전 2건 [진동(1), 소음(1)], 구체적 조치 언급 없음",resolved,text,707,709,68
반도체재료,LM1903060404_23v3_반도체용_금속_Target_재료_제조,68,1,미흡·없음,아니오,"안전 4건 [안전(1), 유해(1), 누출(1), 분진(1)], 구체적 조치 언급 없음",resolved,text,770,759,68;69
반도체재료,LM1903060404_23v3_반도체용_금속_Target_재료_제조,69,1,미흡·없음,아니오,"안전 2건 [위험(1), 보건(1)], 구체적 조치 언급 없음",resolved,text,373,388,69
반도체재료,LM1903060404_23v3_반도체용_금속_Target_재료_제조,70,1,미흡·없음,아니오,"안전 3건 [안전(1), 유의 사항(1), MSDS(1)], 조치 1건 [대처(1)]",resolved,text,396,434,70
반도체재료,LM1903060404_23v3_반도체용_금속_Target_재료_제조,80,2,형식적 언급,아니오,"안전 6건 [안전(2), 유해(2), MSDS(1), 화학물질(1)], 구체적 조치 언급 없음",resolved,text,925,951,80
반도체재료,LM1903060405_14v1_반도체용_습식화공약품_Wet_Chemical_재료_제조,10,1,미흡·없음,아니오,"안전 3건 [안전(3)], 조치 3건 [안전관리(3)]",resolved,text,2124,330,54
반도체재료,LM1903060405_14v1_반도체용_습식화공약품_Wet_Chemical_재료_제조,19,1,미흡·없음,아니오,"안전 1건 [안전(1)], 구체적 조치 언급 없음",resolved,text,792,793,69
반도체재료,LM1903060405_14v1_반도체용_습식화공약품_Wet_Chemical_재료_제조,20,2,형식적 언급,아니오,"안전 7건 [주의(2), 안전(1), 위험(1), MSDS(1), 화재(1)], 구체적 조치 언급 없음",resolved,text,428,385,69
반도체재료,LM1903060405_14v1_반도체용_습식화공약품_Wet_Chemical_재료_제조,21,2,형식적 언급,아니오,"안전 13건 [주의(3), 유해(3), 인화(3), 화학물질(2), MSDS(1)], 구체적 조치 언급 없음",resolved,text,850,849,69
반도체재료,LM1903060405_14v1_반도체용_습식화공약품_Wet_Chemical_재료_제조,22,1,미흡·없음,아니오,"안전 4건 [주의(2), 안전(1), 유해(1)], 구체적 조치 언급 없음",resolved,text,525,522,69
반도체재료,LM1903060405_14v1_반도체용_습식화공약품_Wet_Chemical_재료_제조,24,1,미흡·없음,아니오,"안전 3건 [안전(1), 주의(1), 유의 사항(1)], 구체적 조치 언급 없음",resolved,text,463,466,69
반도체재료,LM1903060405_14v1_반도체용_습식화공약품_Wet_Chemical_재료_제조,25,1,미흡·없음,아니오,"안전 1건 [MSDS(1)], 구체적 조치 언급 없음",resolved,text,625,628,69
반도체재료,LM1903060405_14v1_반도체용_습식화공약품_Wet_Chemical_재료_제조,27,1,미흡·없음,아니오,"안전 4건 [안전(1), 위험(1), MSDS(1), 화재(1)], 구체적 조치 언급 없음",resolved,text,444,447,69
반도체재료,LM1903060405_14v1_반도체용_습식화공약품_Wet_Chemical_재료_제조,29,1,미흡·없음,아니오,"안전 3건 [안전(2), 화학물질(1)], 조치 1건 [안전관리(1)]",resolved,text,650,643,69
반도체재료,LM1903060405_14v1_반도체용_습식화공약품_Wet_Chemical_재료_제조,30,1,미흡·없음,아니오,"안전 3건 [주의(1), 유해(1), 인화(1)], 구체적 조치 언급 없음",resolved,text,933,932,69
반도체재료,LM1903060405_14v1_반도체용_습식화공약품_Wet_Chemical_재료_제조,32,2,형식적 언급,아니오,"안전 8건 [안전(3), 주의(3), 유의 사항(2)], 조치 1건 [착용(1)]",resolved,text,464,467,69
반도체재료,LM1903060405_14v1_반도체용_습식화공약품_Wet_Chemical_재료_제조,33,1,미흡·없음,아니오,"안전 0건 [], 구체적 조치 언급 없음",resolved,text,588,588,69
반도체재료,LM1903060405_14v1_반도체용_습식화공약품_Wet_Chemical_재료_제조,35,1,미흡·없음,아니오,"안전 2건 [안전(1), MSDS(1)], 구체적 조치 언급 없음",resolved,text,408,414,69
반도체재료,LM1903060405_14v1_반도체용_습식화공약품_Wet_Chemical_재료_제조,38,2,형식적 언급,아니오,"안전 16건 [안전(4), 화학물질(4), 보건(3), MSDS(2), 주의(1)], 구체적 조치 언급 없음",resolved,text,784,775,69
반도체재료,LM1903060405_14v1_반도체용_습식화공약품_Wet_Chemical_재료_제조,43,2,형식적 언급,아니오,"안전 10건 [안전(3), 유의 사항(3), MSDS(2), 폭발(1), 보호구(1)], 조치 2건 [착용(1), 보호복(1)]",resolved,text,467,410,69
반도체재료,LM1903060405_14v1_반도체용_습식화공약품_Wet_Chemical_재료_제조,47,1,미흡·없음,아니오,"안전 3건 [주의(1), MSDS(1), 먼지(1)], 구체적 조치 언급 없음",resolved,text,600,593,69
반도체재료,LM1903060405_14v1_반도체용_습식화공약품_Wet_Chemical_재료_제조,49,2,형식적 언급,아니오,"안전 7건 [안전(2), 주의(2), 유의 사항(2), MSDS(1)], 구체적 조치 언급 없음",resolved,text,403,397,69
반도체재료,LM1903060405_14v1_반도체용_습식화공약품_Wet_Chemical_재료_제조,56,1,미흡·없음,아니오,"안전 2건 [주의(1), 폭발(1)], 구체적 조치 언급 없음",resolved,text,735,736,69
반도체재료,LM1903060405_14v1_반도체용_습식화공약품_Wet_Chemical_재료_제조,57,1,미흡·없음,아니오,"안전 1건 [안전(1)], 구체적 조치 언급 없음",resolved,text,333,325,69
반도체재료,LM1903060405_14v1_반도체용_습식화공약품_Wet_Chemical_재료_제조,58,2,형식적 언급,아니오,"안전 10건 [안전(5), 유의 사항(4), 보호구(1)], 구체적 조치 언급 없음",resolved,text,344,386,69
반도체재료,LM1903060405_14v1_반도체용_습식화공약품_Wet_Chemical_재료_제조,61,1,미흡·없음,아니오,"안전 5건 [안전(2), 주의(1), 유해(1), 인화(1)], 구체적 조치 언급 없음",resolved,text,357,342,69
반도체재료,LM1903060405_14v1_반도체용_습식화공약품_Wet_Chemical_재료_제조,62,1,미흡·없음,아니오,"안전 1건 [위험(1)], 구체적 조치 언급 없음",resolved,text,327,312,69
반도체재료,LM1903060405_14v1_반도체용_습식화공약품_Wet_Chemical_재료_제조,63,2,형식적 언급,아니오,"안전 12건 [폭발(4), 위험(2), 주의(2), 인화(2), 안전(1)], 구체적 조치 언급 없음",resolved,text,442,391,69
반도체재료,LM1903060405_14v1_반도체용_습식화공약품_Wet_Chemical_재료_제조,64,1,미흡·없음,아니오,"안전 3건 [폭발(2), 위험(1)], 조치 1건 [예방(1)]",resolved,text,371,385,69
반도체재료,LM1903060405_14v1_반도체용_습식화공약품_Wet_Chemical_재료_제조,69,1,미흡·없음,아니오,"안전 1건 [화학물질(1)], 구체적 조치 언급 없음",resolved,text,676,640,69
반도체재료,LM1903060405_14v1_반도체용_습식화공약품_Wet_Chemical_재료_제조,71,1,미흡·없음,아니오,"안전 1건 [진동(1)], 구체적 조치 언급 없음",resolved,text,364,350,72
반도체재료,LM1903060405_14v1_반도체용_습식화공약품_Wet_Chemical_재료_제조,72,2,형식적 언급,아니오,"안전 6건 [안전(2), 유의 사항(2), 주의(1), MSDS(1)], 조치 1건 [착용(1)]",resolved,text,326,340,72
반도체재료,LM1903060405_14v1_반도체용_습식화공약품_Wet_Chemical_재료_제조,77,2,형식적 언급,아니오,"안전 7건 [안전(3), 보건(2), 물질안전보건자료(1), 산업안전보건법(1)], 구체적 조치 언급 없음",resolved,text,1174,1151,77;78
반도체재료,LM1903060405_14v1_반도체용_습식화공약품_Wet_Chemical_재료_제조,78,2,형식적 언급,아니오,"안전 19건 [유해(4), 위험(3), 안전(2), MSDS(2), 보호구(2)], 조치 4건 [대처(2), 방지(1), 예방(1)]",resolved,text,356,374,78;79
반도체재료,LM1903060405_14v1_반도체용_습식화공약품_Wet_Chemical_재료_제조,79,2,형식적 언급,아니오,"안전 19건 [유해(4), 안전(3), 인화(3), 주의(2), 화학물질(2)], 구체적 조치 언급 없음",resolved,text,487,480,79;80
반도체재료,LM1903060405_14v1_반도체용_습식화공약품_Wet_Chemical_재료_제조,80,2,형식적 언급,아니오,"안전 12건 [안전(5), 위험(2), 보건(2), 폭발(1), 분진(1)], 조치 1건 [안전관리(1)]",resolved,text,486,482,80;81
반도체재료,LM1903060405_14v1_반도체용_습식화공약품_Wet_Chemical_재료_제조,81,1,미흡·없음,아니오,"안전 3건 [MSDS(2), 유해(1)], 구체적 조치 언급 없음",resolved,text,313,15,82
반도체재료,LM1903060406_20v2_반도체_패키지_재료_제조,15,1,미흡·없음,아니오,"안전 1건 [MSDS(1)], 구체적 조치 언급 없음",resolved,text,602,579,17
반도체재료,LM1903060406_20v2_반도체_패키지_재료_제조,18,1,미흡·없음,아니오,"안전 1건 [화재(1)], 구체적 조치 언급 없음",resolved,text,563,619,19
반도체재료,LM1903060406_20v2_반도체_패키지_재료_제조,19,1,미흡·없음,아니오,"안전 0건 [], 조치 1건 [방지(1)]",resolved,text-fallback,705,632,19
반도체재료,LM1903060406_20v2_반도체_패키지_재료_제조,30,1,미흡·없음,아니오,"안전 3건 [안전(2), 유의사항(1)], 구체적 조치 언급 없음",resolved,text,488,500,30
반도체재료,LM1903060406_20v2_반도체_패키지_재료_제조,38,2,형식적 언급,아니오,"안전 14건 [안전(4), 유해(2), 보건(2), 위험(1), 유의사항(1)], 구체적 조치 언급 없음",resolved,text,487,503,38
반도체재료,LM1903060406_20v2_반도체_패키지_재료_제조,49,1,미흡·없음,아니오,"안전 3건 [안전(2), 유의사항(1)], 구체적 조치 언급 없음",resolved,text,492,504,49
반도체재료,LM1903060406_20v2_반도체_패키지_재료_제조,53,1,미흡·없음,아니오,"안전 1건 [안전(1)], 구체적 조치 언급 없음",resolved,text,577,583,53
반도체재료,LM1903060406_20v2_반도체_패키지_재료_제조,56,1,미흡·없음,아니오,"안전 3건 [안전(1), 위험(1), 유의사항(1)], 구체적 조치 언급 없음",resolved,text,480,501,56
반도체재료,LM1903060406_20v2_반도체_패키지_재료_제조,61,1,미흡·없음,아니오,"안전 2건 [안전(1), 유의사항(1)], 구체적 조치 언급 없음",resolved,text,418,395,61
반도체재료,LM1903060406_20v2_반도체_패키지_재료_제조,68,1,미흡·없음,아니오,"안전 3건 [안전(2), 유의사항(1)], 구체적 조치 언급 없음",resolved,text,478,488,69
반도체재료,LM1903060406_20v2_반도체_패키지_재료_제조,76,1,미흡·없음,아니오,"안전 4건 [위험(2), 안전(1), 유의사항(1)], 구체적 조치 언급 없음",resolved,text,438,439,76
반도체재료,LM1903060406_20v2_반도체_패키지_재료_제조,81,1,미흡·없음,아니오,"안전 2건 [안전(1), 유의사항(1)], 구체적 조치 언급 없음",resolved,text,418,436,81
반도체재료,LM1903060406_20v2_반도체_패키지_재료_제조,90,1,미흡·없음,아니오,"안전 1건 [방사선(1)], 조치 1건 [환기(1)]",resolved,text,917,913,90
반도체재료,LM1903060406_20v2_반도체_패키지_재료_제조,95,1,미흡·없음,아니오,"안전 3건 [안전(2), 유의사항(1)], 구체적 조치 언급 없음",resolved,text,381,393,49;96
반도체재료,LM1903060406_20v2_반도체_패키지_재료_제조,102,1,미흡·없음,아니오,"안전 3건 [안전(1), 주의(1), 유의사항(1)], 조치 1건 [방지(1)]",resolved,text,407,421,102
반도체재료,LM1903060406_20v2_반도체_패키지_재료_제조,106,1,미흡·없음,아니오,"안전 4건 [진동(2), 화재(1), 방사선(1)], 구체적 조치 언급 없음",resolved,text,632,634,106;107
반도체재료,LM1903060406_20v2_반도체_패키지_재료_제조,107,1,미흡·없음,아니오,"안전 4건 [진동(2), 먼지(2)], 구체적 조치 언급 없음",resolved,text,842,844,107
반도체재료,LM1903060406_20v2_반도체_패키지_재료_제조,110,1,미흡·없음,아니오,"안전 3건 [안전(1), 유의사항(1), 진동(1)], 구체적 조치 언급 없음",resolved,text,377,393,110;111
반도체재료,LM1903060406_20v2_반도체_패키지_재료_제조,113,1,미흡·없음,아니오,"안전 1건 [안전(1)], 구체적 조치 언급 없음",resolved,text,588,571,114
반도체재료,LM1903060406_20v2_반도체_패키지_재료_제조,118,2,형식적 언급,아니오,"안전 7건 [안전(3), 주의(1), 유의사항(1), 사고(1), 감전(1)], 조치 3건 [예방(1), 착용(1), 차단(1)]",resolved,text,485,504,118
반도체재료,LM1903060406_20v2_반도체_패키지_재료_제조,119,1,미흡·없음,아니오,"안전 3건 [안전(2), 유의사항(1)], 조치 2건 [차단(1), 소화기(1)]",resolved,text,329,332,119
반도체재료,LM1903060408_23v3_반도체_재료_개발,118,2,형식적 언급,아니오,"안전 19건 [안전(6), 유의 사항(6), 유의사항(4), 위험(2), 주의(1)], 구체적 조치 언급 없음",unresolved,label,,,118
반도체재료,LM1903060408_23v3_반도체_재료_개발,119,2,형식적 언급,아니오,"안전 24건 [안전(10), 유의 사항(6), 유의사항(4), 주의(4)], 조치 2건 [대처(2)] (구체적 대책 미흡)",unresolved,label,,,119
반도체재료,LM1903060409_23v3_반도체_재료_생산관리,22,1,미흡·없음,아니오,"안전 2건 [안전(1), 유의 사항(1)], 구체적 조치 언급 없음",resolved,text,401,423,22
반도체재료,LM1903060409_23v3_반도체_재료_생산관리,29,1,미흡·없음,아니오,"안전 2건 [안전(1), 유의 사항(1)], 구체적 조치 언급 없음",resolved,text,166,179,78
반도체재료,LM1903060409_23v3_반도체_재료_생산관리,30,1,미흡·없음,아니오,"안전 0건 [], 구체적 조치 언급 없음",resolved,text,578,555,30
반도체재료,LM1903060409_23v3_반도체_재료_생산관리,37,1,미흡·없음,아니오,"안전 2건 [안전(1), 유의 사항(1)], 구체적 조치 언급 없음",resolved,text-fallback,529,549,37
반도체재료,LM1903060409_23v3_반도체_재료_생산관리,49,1,미흡·없음,아니오,"안전 5건 [안전(3), 유의 사항(2)], 조치 2건 [예방(2)]",resolved,text,402,424,49;50
반도체재료,LM1903060409_23v3_반도체_재료_생산관리,53,2,형식적 언급,아니오,"안전 6건 [안전(4), 위험(2)], 조치 2건 [착용(1), 조치사항(1)]",resolved,text,763,721,53
반도체재료,LM1903060409_23v3_반도체_재료_생산관리,56,1,미흡·없음,아니오,"안전 1건 [안전(1)], 조치 3건 [예방(3)]",resolved,text,749,732,56
반도체재료,LM1903060409_23v3_반도체_재료_생산관리,59,2,형식적 언급,아니오,"안전 8건 [안전(4), 주의(2), 유의 사항(2)], 조치 1건 [예방(1)]",resolved,text,462,464,50;59;60
반도체재료,LM1903060409_23v3_반도체_재료_생산관리,60,2,형식적 언급,아니오,"안전 6건 [진동(3), 소음(3)], 구체적 조치 언급 없음",resolved,text,665,675,60
반도체재료,LM1903060409_23v3_반도체_재료_생산관리,67,2,형식적 언급,아니오,"안전 7건 [안전(3), 유의 사항(2), 위험(1), 유해(1)], 조치 1건 [차단(1)]",resolved,text,324,329,60;67;68
반도체재료,LM1903060409_23v3_반도체_재료_생산관리,69,1,미흡·없음,아니오,"안전 1건 [안전(1)], 구체적 조치 언급 없음",resolved,text,537,526,70
반도체재료,LM1903060409_23v3_반도체_재료_생산관리,78,1,미흡·없음,아니오,"안전 2건 [안전(1), 유의 사항(1)], 구체적 조치 언급 없음",resolved,text,646,461,85
반도체재료,LM1903060409_23v3_반도체_재료_생산관리,81,1,미흡·없음,아니오,"안전 3건 [안전(1), 위험(1), 주의(1)], 조치 4건 [방지(4)]",resolved,text,671,661,82
반도체재료,LM1903060409_23v3_반도체_재료_생산관리,85,1,미흡·없음,아니오,"안전 3건 [안전(2), 주의(1)], 조치 1건 [관리방법(1)]",resolved,text,834,836,86
반도체재료,LM1903060409_23v3_반도체_재료_생산관리,88,1,미흡·없음,아니오,"안전 3건 [주의(1), 진동(1), 작업환경(1)], 조치 1건 [예방(1)]",resolved,text,524,596,88
반도체재료,LM1903060409_23v3_반도체_재료_생산관리,91,1,미흡·없음,아니오,"안전 4건 [안전(2), 유의 사항(2)], 조치 2건 [방지(1), 응급조치(1)]",resolved,text,398,426,67;92
반도체재료,LM1903060410_23v3_반도체_재료_품질관리,20,2,형식적 언급,아니오,"안전 9건 [안전(3), MSDS(2), 보건(2), 물질안전보건자료(2)], 구체적 조치 언급 없음",resolved,text,454,455,20;21
반도체재료,LM1903060410_23v3_반도체_재료_품질관리,21,2,형식적 언급,아니오,"안전 10건 [안전(3), MSDS(3), 보건(2), 유의 사항(1), 물질안전보건자료(1)], 구체적 조치 언급 없음",resolved,text,510,525,21;22;28;41
반도체재료,LM1903060410_23v3_반도체_재료_품질관리,22,1,미흡·없음,아니오,"안전 4건 [안전(2), MSDS(1), 보건(1)], 조치 1건 [환기(1)]",resolved,text,512,435,23
반도체재료,LM1903060410_23v3_반도체_재료_품질관리,27,1,미흡·없음,아니오,"안전 5건 [안전(2), 위험(1), 보건(1), 산업안전보건법(1)], 조치 1건 [안전관리(1)]",resolved,text,266,232,28;41
반도체재료,LM1903060410_23v3_반도체_재료_품질관리,28,1,미흡·없음,아니오,"안전 2건 [안전(1), 유의 사항(1)], 구체적 조치 언급 없음",resolved,text,276,350,61
반도체재료,LM1903060410_23v3_반도체_재료_품질관리,41,2,형식적 언급,아니오,"안전 9건 [안전(3), 위험(1), 유의 사항(1), 유해(1), 보건(1)], 조치 1건 [안전관리(1)]",resolved,text,432,453,41
반도체재료,LM1903060410_23v3_반도체_재료_품질관리,44,1,미흡·없음,아니오,"안전 1건 [화학물질(1)], 구체적 조치 언급 없음",resolved,text,270,302,44
반도체재료,LM1903060410_23v3_반도체_재료_품질관리,47,1,미흡·없음,아니오,"안전 1건 [안전(1)], 구체적 조치 언급 없음",resolved,text,705,707,47
반도체재료,LM1903060410_23v3_반도체_재료_품질관리,48,1,미흡·없음,아니오,"안전 2건 [유의 사항(1), 화학물질(1)], 구체적 조치 언급 없음",resolved,text,391,390,49
반도체재료,LM1903060410_23v3_반도체_재료_품질관리,49,2,형식적 언급,아니오,"안전 25건 [위험(8), 유해(8), 화학물질(4), 안전(1), 사고(1)], 조치 2건 [예방(1), 응급조치(1)]",resolved,text,612,375,49;50
반도체재료,LM1903060410_23v3_반도체_재료_품질관리,50,3,구체적 대책,아니오,"안전 14건 [안전(8), 보호구(6)], 조치 9건 [착용(6), 안전모(3)]",resolved,text,273,255,50
반도체재료,LM1903060410_23v3_반도체_재료_품질관리,51,1,미흡·없음,아니오,"안전 3건 [안전(3)], 조치 7건 [착용(4), 안전모(2), 안전화(1)]",resolved,text,157,100,50;51
반도체재료,LM1903060410_23v3_반도체_재료_품질관리,52,1,미흡·없음,아니오,"안전 0건 [], 조치 10건 [마스크(8), 착용(2)]",resolved,text,539,470,52
반도체재료,LM1903060410_23v3_반도체_재료_품질관리,53,1,미흡·없음,아니오,"안전 5건 [안전(3), 보건(1), 보호구(1)], 조치 4건 [착용(4)]",resolved,text,242,199,54
반도체재료,LM1903060410_23v3_반도체_재료_품질관리,54,2,형식적 언급,아니오,"안전 12건 [안전(4), 위험(3), 폭발(2), 유의 사항(1), 누출(1)], 조치 1건 [착용(1)]",resolved,text,502,487,54;55
반도체재료,LM1903060410_23v3_반도체_재료_품질관리,55,2,형식적 언급,아니오,"안전 10건 [안전(6), 보호구(2), 유의 사항(1), 보건(1)], 조치 4건 [착용(1), 마스크(1), 보안경(1), 안전모(1)]",resolved,text,256,311,55;56
반도체재료,LM1903060410_23v3_반도체_재료_품질관리,56,1,미흡·없음,아니오,"안전 4건 [안전(2), 유의사항(1), 보호구(1)], 조치 3건 [착용(1), 마스크(1), 보안경(1)]",resolved,text,471,473,56;57
반도체재료,LM1903060410_23v3_반도체_재료_품질관리,57,3,구체적 대책,아니오,"안전 16건 [안전(5), 화학물질(5), 보호구(2), 위험(1), 유의사항(1)], 조치 8건 [착용(3), 마스크(2), 방독면(2), 방지(1)]",resolved,text,641,643,57;58
반도체재료,LM1903060410_23v3_반도체_재료_품질관리,58,2,형식적 언급,아니오,"안전 6건 [안전(4), 유의사항(1), 보호구(1)], 조치 1건 [착용(1)]",resolved,text,153,146,58;59
반도체재료,LM1903060410_23v3_반도체_재료_품질관리,60,1,미흡·없음,아니오,"안전 1건 [안전(1)], 구체적 조치 언급 없음",resolved,text,520,469,61
반도체재료,LM1903060410_23v3_반도체_재료_품질관리,69,1,미흡·없음,아니오,"안전 2건 [안전(1), 사고(1)], 조치 5건 [방지(3), 예방(2)]",resolved,text,557,559,70
반도체재료,LM1903060410_23v3_반도체_재료_품질관리,71,1,미흡·없음,아니오,"안전 2건 [안전(1), 유의 사항(1)], 조치 1건 [방지(1)]",resolved,text,309,300,71
반도체재료,LM1903060410_23v3_반도체_재료_품질관리,81,1,미흡·없음,아니오,"안전 3건 [안전(2), 유의 사항(1)], 조치 1건 [착용(1)]",resolved,text,310,307,81
반도체재료,LM1903060410_23v3_반도체_재료_품질관리,89,1,미흡·없음,아니오,"안전 4건 [안전(2), 위험(1), 유의 사항(1)], 구체적 조치 언급 없음",resolved,text,310,314,89;90
반도체재료,LM1903060410_23v3_반도체_재료_품질관리,103,1,미흡·없음,아니오,"안전 2건 [안전(1), 유의 사항(1)], 구체적 조치 언급 없음",resolved,text,451,459,103
반도체재료,LM1903060410_23v3_반도체_재료_품질관리,106,1,미흡·없음,아니오,"안전 3건 [진동(1), 화재(1), 소음(1)], 조치 1건 [예방(1)]",resolved,text,566,568,106
반도체재료,LM1903060410_23v3_반도체_재료_품질관리,107,1,미흡·없음,아니오,"안전 3건 [안전(2), 유의 사항(1)], 구체적 조치 언급 없음",resolved,text,325,340,108
반도체재료,LM1903060410_23v3_반도체_재료_품질관리,108,1,미흡·없음,아니오,"안전 0건 [], 조치 2건 [예방(1), 관리방법(1)]",resolved,text,445,450,108
반도체재료,LM1903060410_23v3_반도체_재료_품질관리,110,1,미흡·없음,아니오,"안전 1건 [안전(1)], 조치 2건 [방지(2)]",resolved,text,398,375,111
반도체재료,LM1903060410_23v3_반도체_재료_품질관리,114,2,형식적 언급,아니오,"안전 40건 [화학물질(15), 안전(5), 주의(5), 유해(5), MSDS(5)], 구체적 조치 언급 없음",resolved,text,1112,418,113;114;115
반도체재료,LM1903060410_23v3_반도체_재료_품질관리,116,1,미흡·없음,아니오,"안전 3건 [화학물질(2), 안전(1)], 조치 1건 [안전관리(1)]",resolved,text,473,462,115;117
반도체재료,LM1903060411_23v3_반도체_재료_안전관리,12,2,형식적 언급,아니오,"안전 6건 [위험(3), 안전(2), 사고(1)], 조치 2건 [방지(1), 안전관리(1)]",resolved,text,140,150,12;38;62
반도체재료,LM1903060411_23v3_반도체_재료_안전관리,13,3,구체적 대책,아니오,"안전 18건 [안전(8), 위험(7), 사고(1), 유해(1), 작업환경(1)], 조치 6건 [안전관리(5), 방지(1)]",resolved,text,382,373,13;15
반도체재료,LM1903060411_23v3_반도체_재료_안전관리,15,2,형식적 언급,아니오,"안전 8건 [유해(3), 안전(2), 위험(2), MSDS(1)], 조치 3건 [안전관리(2), 마스크(1)]",resolved,text,280,255,15;64
반도체재료,LM1903060411_23v3_반도체_재료_안전관리,16,1,미흡·없음,아니오,"안전 3건 [방사선(2), 유해(1)], 조치 1건 [예방(1)]",resolved,text,940,865,17
반도체재료,LM1903060411_23v3_반도체_재료_안전관리,17,2,형식적 언급,아니오,"안전 23건 [화학물질(5), 유해(3), MSDS(3), 안전(2), 위험(2)], 조치 2건 [예방(1), 응급조치(1)]",resolved,text,958,936,17;18
반도체재료,LM1903060411_23v3_반도체_재료_안전관리,19,2,형식적 언급,아니오,"안전 29건 [유해(9), MSDS(4), 인화(4), 위험(3), 화학물질(3)], 구체적 조치 언급 없음",resolved,text,571,575,19;20;42;51
반도체재료,LM1903060411_23v3_반도체_재료_안전관리,20,2,형식적 언급,아니오,"안전 16건 [MSDS(8), 화학물질(6), 안전(1), 폭발(1)], 조치 1건 [안전관리(1)]",resolved,text,690,584,20;21
반도체재료,LM1903060411_23v3_반도체_재료_안전관리,21,2,형식적 언급,아니오,"안전 8건 [안전(3), MSDS(2), 화학물질(2), 유해(1)], 조치 3건 [안전관리(3)]",resolved,text,313,276,21;22
반도체재료,LM1903060411_23v3_반도체_재료_안전관리,22,2,형식적 언급,아니오,"안전 12건 [MSDS(5), 안전(2), 유해(2), 화학물질(2), 위험(1)], 조치 4건 [안전관리(2), 응급조치(2)]",resolved,text,441,397,22
반도체재료,LM1903060411_23v3_반도체_재료_안전관리,23,3,구체적 대책,아니오,"안전 11건 [유해(4), 안전(2), 사고(1), MSDS(1), 폭발(1)], 조치 5건 [안전관리(2), 대처(2), 응급조치(1)]",resolved,text,577,310,23
반도체재료,LM1903060411_23v3_반도체_재료_안전관리,24,2,형식적 언급,아니오,"안전 11건 [유해(6), 중독(3), 안전(1), 사고(1)], 조치 1건 [방지(1)]",resolved,text,374,368,24
반도체재료,LM1903060411_23v3_반도체_재료_안전관리,25,3,구체적 대책,아니오,"안전 18건 [위험(10), 사고(4), 안전(2), 유해(2)], 조치 5건 [방지(3), 예방(1), 안전관리(1)]",resolved,text,562,546,25;26
반도체재료,LM1903060411_23v3_반도체_재료_안전관리,26,2,형식적 언급,아니오,"안전 13건 [사고(7), 안전(6)], 조치 2건 [방지(1), 안전관리(1)]",resolved,text,548,540,26
반도체재료,LM1903060411_23v3_반도체_재료_안전관리,27,2,형식적 언급,예,"안전 22건 [사고(11), 안전(5), 보건(2), 주의(1), 유의 사항(1)], 조치 1건 [방지(1)]",resolved,text,357,372,27;28
반도체재료,LM1903060411_23v3_반도체_재료_안전관리,28,3,구체적 대책,아니오,"안전 19건 [사고(10), 안전(6), 누출(2), 위험(1)], 조치 5건 [방지(3), 안전관리(1), 대피(1)]",resolved,text,505,480,28;29
반도체재료,LM1903060411_23v3_반도체_재료_안전관리,29,3,구체적 대책,아니오,"안전 16건 [안전(9), 유해(4), 위험(2), 사고(1)], 조치 10건 [예방(6), 환기(1), 안전관리(1), 대처(1), 마스크(1)]",resolved,text,566,548,29
반도체재료,LM1903060411_23v3_반도체_재료_안전관리,30,3,구체적 대책,아니오,"안전 7건 [사고(5), 안전(1), 유해(1)], 조치 8건 [착용(3), 마스크(3), 방지(1), 예방(1)]",resolved,text,400,399,30
반도체재료,LM1903060411_23v3_반도체_재료_안전관리,31,2,형식적 언급,아니오,"안전 34건 [사고(17), 안전(9), 보호구(4), 위험(2), 폭발(1)], 조치 2건 [안전장치(1), 안전화(1)]",resolved,text,569,552,31;32
반도체재료,LM1903060411_23v3_반도체_재료_안전관리,32,2,형식적 언급,아니오,"안전 12건 [사고(6), 화재(6)], 구체적 조치 언급 없음",resolved,text,410,423,32;33
반도체재료,LM1903060411_23v3_반도체_재료_안전관리,33,2,형식적 언급,예,"안전 11건 [사고(7), 안전(2), 추락(1), 사망(1)], 조치 3건 [방지(1), 예방(1), 안전관리(1)]",resolved,text,490,487,33
반도체재료,LM1903060411_23v3_반도체_재료_안전관리,35,2,형식적 언급,아니오,"안전 19건 [사고(6), 유해(6), MSDS(3), 위험(2), 누출(1)], 조치 2건 [방지(1), 대처(1)]",resolved,text,524,528,35;36
반도체재료,LM1903060411_23v3_반도체_재료_안전관리,36,3,구체적 대책,아니오,"안전 20건 [사고(6), 유해(6), 안전(4), 위험(2), MSDS(2)], 조치 5건 [방지(5)]",resolved,text,436,410,36;37
반도체재료,LM1903060411_23v3_반도체_재료_안전관리,37,2,형식적 언급,아니오,"안전 20건 [유해(6), 안전(5), 사고(4), 주의(2), MSDS(2)], 조치 3건 [방지(3)]",resolved,text,486,481,37;38
반도체재료,LM1903060411_23v3_반도체_재료_안전관리,38,2,형식적 언급,아니오,"안전 7건 [위험(4), 안전(1), 유해(1), 중독(1)], 조치 1건 [안전관리(1)]",resolved,text,408,405,38
반도체재료,LM1903060411_23v3_반도체_재료_안전관리,39,1,미흡·없음,아니오,"안전 4건 [중독(2), 위험(1), 유해(1)], 조치 1건 [소화기(1)]",resolved,text,646,646,39
반도체재료,LM1903060411_23v3_반도체_재료_안전관리,40,2,형식적 언급,아니오,"안전 10건 [유해(4), 중독(4), 질식(1), 사망(1)], 구체적 조치 언급 없음",resolved,text,616,619,40;41
반도체재료,LM1903060411_23v3_반도체_재료_안전관리,41,2,형식적 언급,아니오,"안전 14건 [중독(7), 유해(4), 위험(2), 방사선(1)], 조치 1건 [소화기(1)]",resolved,text,573,581,40;41
반도체재료,LM1903060411_23v3_반도체_재료_안전관리,42,2,형식적 언급,아니오,"안전 24건 [안전(6), 위험(5), 보건(4), 사고(2), 화학물질(2)], 조치 1건 [안전관리(1)]",resolved,text,351,352,42;43;66
반도체재료,LM1903060411_23v3_반도체_재료_안전관리,43,2,형식적 언급,아니오,"안전 21건 [위험(8), 유해(5), 안전(2), 보건(2), 주의(1)], 조치 3건 [환기(2), 방지(1)]",resolved,text,439,441,43;51
반도체재료,LM1903060411_23v3_반도체_재료_안전관리,44,3,구체적 대책,아니오,"안전 20건 [유해(6), 화학물질(6), 위험(4), 누출(2), 보호구(2)], 조치 5건 [착용(2), 보안경(2), 환기(1)]",resolved,text,813,637,43;44
반도체재료,LM1903060411_23v3_반도체_재료_안전관리,45,3,구체적 대책,아니오,"안전 23건 [유해(5), 누출(5), 화학물질(4), 보호구(4), 방사선(4)], 조치 11건 [착용(5), 보안경(4), 방지(1), 안전관리(1)]",resolved,text,810,721,45
반도체재료,LM1903060411_23v3_반도체_재료_안전관리,46,2,형식적 언급,아니오,"안전 22건 [위험(7), 화학물질(5), 분진(5), 유해(4), 방사선(1)], 조치 1건 [예방(1)]",resolved,text,606,576,44;46;47
반도체재료,LM1903060411_23v3_반도체_재료_안전관리,47,2,형식적 언급,아니오,"안전 29건 [위험(17), 유해(8), 화학물질(3), 주의(1)], 구체적 조치 언급 없음",resolved,text,458,457,47;48
반도체재료,LM1903060411_23v3_반도체_재료_안전관리,48,2,형식적 언급,아니오,"안전 13건 [위험(7), 유해(5), 화학물질(1)], 구체적 조치 언급 없음",resolved,text,252,246,48;49
반도체재료,LM1903060411_23v3_반도체_재료_안전관리,49,2,형식적 언급,아니오,"안전 20건 [화재(7), 위험(6), 사고(2), 폭발(2), 주의(1)], 조치 4건 [대처(3), 방지(1)]",resolved,text,650,603,49;50
반도체재료,LM1903060411_23v3_반도체_재료_안전관리,50,3,구체적 대책,아니오,"안전 8건 [누출(7), 주의(1)], 조치 8건 [마스크(3), 격리(2), 착용(1), 대처(1), 보호장비(1)]",resolved,text,403,380,50;51
반도체재료,LM1903060411_23v3_반도체_재료_안전관리,51,2,형식적 언급,아니오,"안전 26건 [안전(7), 보건(4), 위험(3), MSDS(3), 화학물질(3)], 조치 2건 [안전관리(2)]",resolved,text,609,517,51
반도체재료,LM1903060411_23v3_반도체_재료_안전관리,52,2,형식적 언급,아니오,"안전 17건 [화학물질(6), 사고(4), 유해(3), 안전(2), MSDS(2)], 조치 2건 [안전관리(2)]",resolved,text,441,424,52;53
반도체재료,LM1903060411_23v3_반도체_재료_안전관리,53,2,형식적 언급,아니오,"안전 33건 [사고(11), 누출(6), 유해(5), 안전(4), 화재(4)], 조치 3건 [차단(1), 안전관리(1), 대피(1)]",resolved,text,657,656,53;54
반도체재료,LM1903060411_23v3_반도체_재료_안전관리,54,2,형식적 언급,아니오,"안전 26건 [유해(8), 안전(5), 사고(4), 화학물질(3), 화재(2)], 조치 3건 [방지(1), 착용(1), 소화기(1)]",resolved,text,566,561,54;55
반도체재료,LM1903060411_23v3_반도체_재료_안전관리,55,3,구체적 대책,아니오,"안전 16건 [사고(5), 유해(3), 안전(1), 위험(1), 주의(1)], 조치 6건 [차단(3), 착용(1), 안전관리(1), 격리(1)]",resolved,text,454,456,55;56
반도체재료,LM1903060411_23v3_반도체_재료_안전관리,56,3,구체적 대책,아니오,"안전 29건 [안전(6), 누출(6), 사고(5), 유해(4), 화재(2)], 조치 14건 [방지(4), 차단(4), 착용(2), 안전관리(2), 대피(1)]",resolved,text,716,708,56;57
반도체재료,LM1903060411_23v3_반도체_재료_안전관리,57,1,미흡·없음,아니오,"안전 5건 [사고(2), 유해(2), 안전(1)], 조치 10건 [대피(7), 방지(1), 대처(1), 마스크(1)]",resolved,text,547,554,57
반도체재료,LM1903060411_23v3_반도체_재료_안전관리,58,2,형식적 언급,아니오,"안전 14건 [유해(5), 누출(3), 사고(2), 안전(1), 폭발(1)], 조치 1건 [마스크(1)]",resolved,text,351,345,58;59
반도체재료,LM1903060411_23v3_반도체_재료_안전관리,59,2,형식적 언급,아니오,"안전 13건 [사고(5), 유해(3), 위험(2), 화학물질(2), MSDS(1)], 구체적 조치 언급 없음",resolved,text,391,397,60
반도체재료,LM1903060411_23v3_반도체_재료_안전관리,60,2,형식적 언급,아니오,"안전 10건 [위험(7), 사고(1), 유해(1), 화재(1)], 조치 1건 [방지(1)]",resolved,text,431,416,60;61
반도체재료,LM1903060411_23v3_반도체_재료_안전관리,61,2,형식적 언급,아니오,"안전 17건 [위험(8), 사고(8), 유해(1)], 구체적 조치 언급 없음",resolved,text,550,527,61;62
반도체재료,LM1903060411_23v3_반도체_재료_안전관리,62,1,미흡·없음,아니오,"안전 4건 [안전(3), 유해(1)], 조치 2건 [안전관리(2)]",resolved,text,341,352,62;63
반도체재료,LM1903060411_23v3_반도체_재료_안전관리,63,1,미흡·없음,아니오,"안전 4건 [유해(2), 분진(1), 질병(1)], 구체적 조치 언급 없음",resolved,text,777,735,63
반도체재료,LM1903060411_23v3_반도체_재료_안전관리,64,1,미흡·없음,아니오,"안전 2건 [안전(1), 보건(1)], 조치 1건 [안전관리(1)]",resolved,text,605,601,64
반도체재료,LM1903060411_23v3_반도체_재료_안전관리,65,2,형식적 언급,아니오,"안전 7건 [안전(3), 위험(2), 유의 사항(1), 유해(1)], 조치 1건 [안전관리(1)]",resolved,text,359,360,65;66
반도체재료,LM1903060411_23v3_반도체_재료_안전관리,66,1,미흡·없음,아니오,"안전 2건 [위험(1), 분진(1)], 조치 1건 [방지(1)]",resolved,text,828,852,66
반도체재료,LM1903060411_23v3_반도체_재료_안전관리,67,2,형식적 언급,아니오,"안전 9건 [주의(2), 사고(2), 폭발(2), 화재(2), 안전(1)], 구체적 조치 언급 없음",resolved,text,654,647,68
반도체재료,LM1903060411_23v3_반도체_재료_안전관리,69,1,미흡·없음,아니오,"안전 4건 [유해(3), 먼지(1)], 구체적 조치 언급 없음",resolved,text,605,594,69
반도체재료,LM1903060411_23v3_반도체_재료_안전관리,70,1,미흡·없음,아니오,"안전 5건 [화재(2), 안전(1), 사고(1), 유해(1)], 조치 2건 [예방(1), 안전관리(1)]",resolved,text,727,712,70
반도체재료,LM1903060411_23v3_반도체_재료_안전관리,73,1,미흡·없음,아니오,"안전 2건 [안전(1), 사고(1)], 조치 1건 [대처(1)]",resolved,text,285,291,74
반도체재료,LM1903060411_23v3_반도체_재료_안전관리,74,1,미흡·없음,아니오,"안전 4건 [안전(2), 유해(2)], 구체적 조치 언급 없음",resolved,text,428,415,74
반도체재료,LM1903060411_23v3_반도체_재료_안전관리,76,3,구체적 대책,아니오,"안전 27건 [안전(10), 보건(5), 사고(4), 위험(2), 유해(2)], 조치 7건 [예방(2), 안전관리(2), 응급조치(1), 조치사항(1), 안전대책(1)]",resolved,text,652,389,76;77;78
반도체재료,LM1903060411_23v3_반도체_재료_안전관리,79,2,형식적 언급,아니오,"안전 9건 [안전(1), 주의(1), 사고(1), 누출(1), MSDS(1)], 조치 1건 [대처(1)]",resolved,text,82,138,79;80
반도체재료,LM1903060411_23v3_반도체_재료_안전관리,80,1,미흡·없음,아니오,"안전 2건 [안전(2)], 조치 2건 [안전관리(2)]",resolved,text,443,433,80
반도체재료,LM1903060412_20v1_반도체용_마스크_재료_제조,17,1,미흡·없음,아니오,"안전 1건 [PSM(1)], 조치 10건 [마스크(10)]",resolved,text,680,653,18
반도체재료,LM1903060412_20v1_반도체용_마스크_재료_제조,22,3,구체적 대책,아니오,"안전 8건 [안전(6), 유의 사항(1), MSDS(1)], 조치 7건 [방지(1), 착용(1), 환기(1), 마스크(1), 안전장치(1)]",resolved,text,572,574,22;23;55
반도체재료,LM1903060412_20v1_반도체용_마스크_재료_제조,28,1,미흡·없음,아니오,"안전 1건 [먼지(1)], 조치 3건 [방지(2), 마스크(1)]",resolved,text,563,546,28
반도체재료,LM1903060412_20v1_반도체용_마스크_재료_제조,33,1,미흡·없음,아니오,"안전 1건 [먼지(1)], 조치 17건 [마스크(16), 차단(1)]",resolved,text,516,518,34
반도체재료,LM1903060412_20v1_반도체용_마스크_재료_제조,34,1,미흡·없음,아니오,"안전 1건 [먼지(1)], 조치 4건 [마스크(4)]",resolved,text,751,753,35
반도체재료,LM1903060412_20v1_반도체용_마스크_재료_제조,35,1,미흡·없음,아니오,"안전 2건 [먼지(2)], 조치 4건 [마스크(3), 방지(1)]",resolved,text,510,494,35
반도체재료,LM1903060412_20v1_반도체용_마스크_재료_제조,37,1,미흡·없음,아니오,"안전 1건 [MSDS(1)], 조치 2건 [마스크(2)]",resolved,text,515,517,37
반도체재료,LM1903060412_20v1_반도체용_마스크_재료_제조,38,1,미흡·없음,아니오,"안전 3건 [안전(3)], 조치 3건 [마스크(1), 안전화(1), 안전모(1)]",resolved,text,451,453,38
반도체재료,LM1903060412_20v1_반도체용_마스크_재료_제조,39,1,미흡·없음,아니오,"안전 5건 [안전(3), 주의(1), 유의 사항(1)], 조치 5건 [방지(2), 착용(1), 환기(1), 안전장치(1)]",resolved,text,587,589,39
반도체재료,LM1903060412_20v1_반도체용_마스크_재료_제조,53,1,미흡·없음,아니오,"안전 1건 [MSDS(1)], 조치 2건 [마스크(2)]",resolved,text,530,532,53
반도체재료,LM1903060412_20v1_반도체용_마스크_재료_제조,54,2,형식적 언급,아니오,"안전 7건 [안전(5), 유의 사항(1), MSDS(1)], 조치 3건 [마스크(1), 안전화(1), 안전모(1)]",resolved,text,449,449,55
반도체재료,LM1903060412_20v1_반도체용_마스크_재료_제조,55,1,미흡·없음,아니오,"안전 2건 [안전(2)], 조치 8건 [마스크(3), 착용(2), 방지(1), 환기(1), 안전장치(1)]",resolved,text,626,628,55
반도체재료,LM1903060412_20v1_반도체용_마스크_재료_제조,57,1,미흡·없음,아니오,"안전 2건 [먼지(2)], 조치 4건 [마스크(4)]",resolved,text,413,397,57
반도체재료,LM1903060412_20v1_반도체용_마스크_재료_제조,68,1,미흡·없음,아니오,"안전 3건 [안전(1), 주의(1), 유의 사항(1)], 조치 3건 [마스크(3)]",resolved,text,566,564,69
반도체재료,LM1903060412_20v1_반도체용_마스크_재료_제조,76,2,형식적 언급,아니오,"안전 7건 [안전(2), 유해(2), 주의(1), 사고(1), MSDS(1)], 구체적 조치 언급 없음",resolved,text,989,984,77
반도체재료,LM1903060412_20v1_반도체용_마스크_재료_제조,77,1,미흡·없음,아니오,"안전 1건 [안전(1)], 조치 1건 [마스크(1)]",resolved,text,378,367,77
반도체재료,LM1903060414_20v1_반도체용_플립칩_재료_제조,13,1,미흡·없음,아니오,"안전 1건 [MSDS(1)], 구체적 조치 언급 없음",resolved,text,491,457,15
반도체재료,LM1903060414_20v1_반도체용_플립칩_재료_제조,16,1,미흡·없음,아니오,"안전 1건 [화재(1)], 구체적 조치 언급 없음",resolved,text,564,620,17
반도체재료,LM1903060414_20v1_반도체용_플립칩_재료_제조,17,1,미흡·없음,아니오,"안전 0건 [], 조치 1건 [방지(1)]",resolved,text-fallback,695,622,17
반도체재료,LM1903060414_20v1_반도체용_플립칩_재료_제조,34,1,미흡·없음,아니오,"안전 1건 [안전(1)], 조치 1건 [방지(1)]",resolved,text,665,703,35
반도체재료,LM1903060414_20v1_반도체용_플립칩_재료_제조,37,2,형식적 언급,아니오,"안전 12건 [안전(5), 보건(2), 위험(1), 유의 사항(1), 사고(1)], 구체적 조치 언급 없음",resolved,text,492,491,37;38
반도체재료,LM1903060414_20v1_반도체용_플립칩_재료_제조,46,2,형식적 언급,아니오,"안전 7건 [안전(7)], 구체적 조치 언급 없음",resolved,text,841,839,47
반도체재료,LM1903060414_20v1_반도체용_플립칩_재료_제조,47,3,구체적 대책,아니오,"안전 15건 [안전(8), 위험(2), 유해(2), 폭발(1), 화재(1)], 조치 7건 [방지(3), 착용(3), 환기(1)]",resolved,text,607,613,47;48
반도체재료,LM1903060414_20v1_반도체용_플립칩_재료_제조,48,3,구체적 대책,아니오,"안전 10건 [안전(6), 위험(2), 유해(1), 보호구(1)], 조치 9건 [착용(4), 방지(3), 대처(2)]",resolved,text,598,597,48;49
반도체재료,LM1903060414_20v1_반도체용_플립칩_재료_제조,49,1,미흡·없음,아니오,"안전 2건 [안전(2)], 구체적 조치 언급 없음",resolved,text,681,684,49
반도체재료,LM1903060414_20v1_반도체용_플립칩_재료_제조,55,1,미흡·없음,아니오,"안전 1건 [진동(1)], 구체적 조치 언급 없음",resolved,text,421,426,55
반도체재료,LM1903060414_20v1_반도체용_플립칩_재료_제조,75,1,미흡·없음,아니오,"안전 1건 [안전(1)], 구체적 조치 언급 없음",resolved,text,365,367,75
반도체재료,LM1903060414_20v1_반도체용_플립칩_재료_제조,79,1,미흡·없음,아니오,"안전 5건 [안전(4), 유의 사항(1)], 조치 1건 [착용(1)]",resolved,text,374,376,80
반도체재료,LM1903060414_20v1_반도체용_플립칩_재료_제조,80,1,미흡·없음,아니오,"안전 2건 [안전(1), 주의(1)], 조치 1건 [방지(1)]",resolved,text,546,546,80
반도체재료,LM1903060414_20v1_반도체용_플립칩_재료_제조,105,2,형식적 언급,아니오,"안전 7건 [안전(6), 유의 사항(1)], 조치 2건 [착용(1), 마스크(1)]",resolved,text,416,408,105;106
반도체재료,LM1903060414_20v1_반도체용_플립칩_재료_제조,106,1,미흡·없음,아니오,"안전 2건 [위험(2)], 구체적 조치 언급 없음",resolved,text,587,595,106
반도체재료,LM1903060414_20v1_반도체용_플립칩_재료_제조,122,1,미흡·없음,아니오,"안전 1건 [방사선(1)], 조치 1건 [환기(1)]",resolved,text,858,887,122
반도체재료,LM1903060414_20v1_반도체용_플립칩_재료_제조,129,1,미흡·없음,아니오,"안전 2건 [위험(1), 사고(1)], 구체적 조치 언급 없음",resolved,text,830,797,129
반도체재료,LM1903060414_20v1_반도체용_플립칩_재료_제조,130,1,미흡·없음,아니오,"안전 5건 [진동(2), 화재(1), 먼지(1), 방사선(1)], 구체적 조치 언급 없음",resolved,text,398,452,130;131
반도체재료,LM1903060414_20v1_반도체용_플립칩_재료_제조,131,1,미흡·없음,아니오,"안전 1건 [진동(1)], 구체적 조치 언급 없음",resolved,text,757,745,131
반도체재료,LM1903060414_20v1_반도체용_플립칩_재료_제조,135,2,형식적 언급,아니오,"안전 10건 [안전(6), 주의(1), 유의 사항(1), 사고(1), 감전(1)], 조치 4건 [예방(1), 착용(1), 차단(1), 마스크(1)]",resolved,text,481,480,136
반도체재료,LM1903060414_20v1_반도체용_플립칩_재료_제조,142,1,미흡·없음,아니오,"안전 1건 [위험(1)], 구체적 조치 언급 없음",resolved,text,624,624,142
반도체재료,LM1903060414_20v1_반도체용_플립칩_재료_제조,145,1,미흡·없음,아니오,"안전 1건 [위험(1)], 구체적 조치 언급 없음",resolved,text,622,622,146
반도체재료,LM1903060414_20v1_반도체용_플립칩_재료_제조,151,1,미흡·없음,아니오,"안전 1건 [안전(1)], 구체적 조치 언급 없음",resolved,text,379,367,151
반도체재료,LM1903060415_20v1_반도체용_CMP_재료_제조,20,1,미흡·없음,아니오,"안전 2건 [위험(2)], 구체적 조치 언급 없음",resolved,text,576,577,20
반도체재료,LM1903060415_20v1_반도체용_CMP_재료_제조,22,3,구체적 대책,아니오,"안전 10건 [안전(7), 주의(1), 유의 사항(1), MSDS(1)], 조치 6건 [착용(1), 환기(1), 마스크(1), 안전장치(1), 안전화(1)]",resolved,text,629,627,22
반도체재료,LM1903060415_20v1_반도체용_CMP_재료_제조,35,3,구체적 대책,아니오,"안전 10건 [안전(7), 주의(1), 유의 사항(1), MSDS(1)], 조치 6건 [착용(1), 환기(1), 마스크(1), 안전장치(1), 안전화(1)]",resolved,text,623,621,35;36
반도체재료,LM1903060415_20v1_반도체용_CMP_재료_제조,46,3,구체적 대책,아니오,"안전 14건 [안전(8), MSDS(2), 위험(1), 유의 사항(1), 보건(1)], 조치 6건 [착용(1), 환기(1), 마스크(1), 안전장치(1), 안전화(1)]",resolved,text,648,646,46;47
반도체재료,LM1903060415_20v1_반도체용_CMP_재료_제조,49,1,미흡·없음,아니오,"안전 1건 [진동(1)], 조치 1건 [방지(1)]",resolved,text,512,497,49
반도체재료,LM1903060415_20v1_반도체용_CMP_재료_제조,60,3,구체적 대책,아니오,"안전 14건 [안전(8), MSDS(2), 위험(1), 유의 사항(1), 보건(1)], 조치 6건 [착용(1), 환기(1), 마스크(1), 안전장치(1), 안전화(1)]",resolved,text,648,646,60;61
반도체재료,LM1903060415_20v1_반도체용_CMP_재료_제조,69,1,미흡·없음,아니오,"안전 1건 [안전(1)], 구체적 조치 언급 없음",resolved,text,418,402,69
반도체재료,LM1903060415_20v1_반도체용_CMP_재료_제조,71,3,구체적 대책,아니오,"안전 6건 [폭발(2), 분진(2), 안전(1), 화학물질(1)], 조치 11건 [방지(11)]",resolved,text,866,841,71;72
반도체재료,LM1903060415_20v1_반도체용_CMP_재료_제조,74,1,미흡·없음,아니오,"안전 1건 [안전(1)], 구체적 조치 언급 없음",resolved,text,378,367,74
반도체재료,LM1903060416_23v3_반도체용_식각_공정_가스_제조,13,1,미흡·없음,아니오,"안전 4건 [안전(1), 유해(1), MSDS(1), 보건(1)], 구체적 조치 언급 없음",resolved,text,408,393,15
반도체재료,LM1903060416_23v3_반도체용_식각_공정_가스_제조,18,1,미흡·없음,아니오,"안전 4건 [안전(1), 위험(1), 주의(1), 질식(1)], 조치 1건 [착용(1)]",resolved,text,898,908,18
반도체재료,LM1903060416_23v3_반도체용_식각_공정_가스_제조,20,2,형식적 언급,아니오,"안전 11건 [안전(3), 주의(2), 보건(2), 위험(1), 유의 사항(1)], 구체적 조치 언급 없음",resolved,text,359,394,20
반도체재료,LM1903060416_23v3_반도체용_식각_공정_가스_제조,21,1,미흡·없음,아니오,"안전 1건 [안전(1)], 구체적 조치 언급 없음",resolved,text,857,858,20
반도체재료,LM1903060416_23v3_반도체용_식각_공정_가스_제조,22,1,미흡·없음,아니오,"안전 4건 [안전(2), 질식(2)], 조치 1건 [관리방법(1)]",resolved,text,309,311,22
반도체재료,LM1903060416_23v3_반도체용_식각_공정_가스_제조,25,2,형식적 언급,아니오,"안전 9건 [위험(3), 주의(3), 안전(2), 사고(1)], 구체적 조치 언급 없음",resolved,text,622,624,25;26
반도체재료,LM1903060416_23v3_반도체용_식각_공정_가스_제조,26,1,미흡·없음,아니오,"안전 1건 [안전(1)], 구체적 조치 언급 없음",resolved,text-fallback,793,789,26
반도체재료,LM1903060416_23v3_반도체용_식각_공정_가스_제조,27,1,미흡·없음,아니오,"안전 1건 [안전(1)], 구체적 조치 언급 없음",resolved,text,405,398,27
반도체재료,LM1903060416_23v3_반도체용_식각_공정_가스_제조,28,2,형식적 언급,아니오,"안전 12건 [안전(4), 주의(2), 보건(2), 위험(1), 유의 사항(1)], 구체적 조치 언급 없음",resolved,text,400,431,21;28;29
반도체재료,LM1903060416_23v3_반도체용_식각_공정_가스_제조,29,2,형식적 언급,아니오,"안전 9건 [안전(9)], 조치 2건 [방지(1), 보호복(1)]",resolved,text,675,672,29;30
반도체재료,LM1903060416_23v3_반도체용_식각_공정_가스_제조,30,1,미흡·없음,아니오,"안전 5건 [안전(5)], 구체적 조치 언급 없음",resolved,text,781,792,30;31
반도체재료,LM1903060416_23v3_반도체용_식각_공정_가스_제조,31,2,형식적 언급,아니오,"안전 26건 [안전(9), 보건(7), 유해(2), MSDS(2), 위험(1)], 조치 2건 [대처(1), 응급조치(1)]",resolved,text,681,683,31;32
반도체재료,LM1903060416_23v3_반도체용_식각_공정_가스_제조,32,3,구체적 대책,아니오,"안전 37건 [유해(6), 안전(5), 위험(5), 보호구(5), 주의(3)], 조치 8건 [대처(3), 예방(2), 방지(1), 착용(1), 응급조치(1)]",resolved,text,974,959,32;33
반도체재료,LM1903060416_23v3_반도체용_식각_공정_가스_제조,33,2,형식적 언급,아니오,"안전 14건 [안전(3), 보건(3), 위험(2), 유해(2), 물질안전보건자료(2)], 조치 1건 [예방(1)]",resolved,text,193,348,33;82
반도체재료,LM1903060416_23v3_반도체용_식각_공정_가스_제조,34,2,형식적 언급,아니오,"안전 19건 [안전(7), 보건(5), 물질안전보건자료(2), 위험(1), 주의(1)], 구체적 조치 언급 없음",resolved,text,325,369,34
반도체재료,LM1903060416_23v3_반도체용_식각_공정_가스_제조,35,2,형식적 언급,아니오,"안전 15건 [안전(5), 위험(5), 주의(2), 사고(1), 누출(1)], 조치 2건 [예방(1), 환기(1)]",resolved,text,823,823,35;36
반도체재료,LM1903060416_23v3_반도체용_식각_공정_가스_제조,36,2,형식적 언급,아니오,"안전 8건 [안전(2), 위험(2), 주의(2), 폭발(2)], 조치 2건 [환기(2)]",resolved,text,660,657,36;37
반도체재료,LM1903060416_23v3_반도체용_식각_공정_가스_제조,37,3,구체적 대책,아니오,"안전 9건 [안전(6), 누출(2), 위험(1)], 조치 10건 [방지(2), 착용(2), 안전화(2), 보호복(2), 환기(1)]",resolved,text,637,631,37;38
반도체재료,LM1903060416_23v3_반도체용_식각_공정_가스_제조,38,2,형식적 언급,아니오,"안전 12건 [안전(6), 유해(2), MSDS(2), 보건(2)], 구체적 조치 언급 없음",resolved,text,472,478,39
반도체재료,LM1903060416_23v3_반도체용_식각_공정_가스_제조,39,1,미흡·없음,아니오,"안전 5건 [안전(2), 유해(1), MSDS(1), 보건(1)], 구체적 조치 언급 없음",resolved,text,443,406,40
반도체재료,LM1903060416_23v3_반도체용_식각_공정_가스_제조,40,2,형식적 언급,아니오,"안전 8건 [안전(4), 유해(2), 보건(2)], 구체적 조치 언급 없음",resolved,text,527,496,40
반도체재료,LM1903060416_23v3_반도체용_식각_공정_가스_제조,41,1,미흡·없음,아니오,"안전 1건 [안전(1)], 구체적 조치 언급 없음",resolved,text,355,360,41
반도체재료,LM1903060416_23v3_반도체용_식각_공정_가스_제조,44,1,미흡·없음,아니오,"안전 2건 [안전(1), 주의(1)], 구체적 조치 언급 없음",resolved,text,926,765,45
반도체재료,LM1903060416_23v3_반도체용_식각_공정_가스_제조,45,1,미흡·없음,아니오,"안전 3건 [안전(1), 주의(1), 보건(1)], 구체적 조치 언급 없음",resolved,text,481,456,46
반도체재료,LM1903060416_23v3_반도체용_식각_공정_가스_제조,46,2,형식적 언급,아니오,"안전 11건 [안전(3), 주의(3), 위험(1), 유의 사항(1), MSDS(1)], 구체적 조치 언급 없음",resolved,text,872,775,47
반도체재료,LM1903060416_23v3_반도체용_식각_공정_가스_제조,54,1,미흡·없음,아니오,"안전 4건 [안전(2), 보호구(2)], 구체적 조치 언급 없음",resolved,text,518,531,55
반도체재료,LM1903060416_23v3_반도체용_식각_공정_가스_제조,55,2,형식적 언급,아니오,"안전 11건 [안전(4), 주의(2), 보건(2), 위험(1), 유의 사항(1)], 구체적 조치 언급 없음",resolved,text,420,418,55;56
반도체재료,LM1903060416_23v3_반도체용_식각_공정_가스_제조,56,1,미흡·없음,아니오,"안전 5건 [안전(3), 유해(1), 질식(1)], 구체적 조치 언급 없음",resolved,text,611,617,56;57
반도체재료,LM1903060416_23v3_반도체용_식각_공정_가스_제조,57,2,형식적 언급,아니오,"안전 8건 [누출(2), 화재(2), 안전(1), 사고(1), 유해(1)], 조치 2건 [환기(1), 대처(1)]",resolved,text,970,911,57
반도체재료,LM1903060416_23v3_반도체용_식각_공정_가스_제조,58,1,미흡·없음,아니오,"안전 5건 [누출(2), 안전(1), 위험(1), 사고(1)], 조치 1건 [예방(1)]",resolved,text,748,801,58;59
반도체재료,LM1903060416_23v3_반도체용_식각_공정_가스_제조,59,2,형식적 언급,아니오,"안전 19건 [누출(10), 안전(2), 위험(2), 주의(2), 폭발(1)], 조치 1건 [환기(1)]",resolved,text,799,783,59;60
반도체재료,LM1903060416_23v3_반도체용_식각_공정_가스_제조,61,1,미흡·없음,아니오,"안전 2건 [위험(2)], 구체적 조치 언급 없음",resolved,text,431,553,61
반도체재료,LM1903060416_23v3_반도체용_식각_공정_가스_제조,62,3,구체적 대책,아니오,"안전 25건 [보호구(14), 안전(6), 위험(4), 추락(1)], 조치 5건 [방지(1), 착용(1), 안전화(1), 보안경(1), 안전모(1)]",resolved,text,689,654,62;63
반도체재료,LM1903060416_23v3_반도체용_식각_공정_가스_제조,63,1,미흡·없음,아니오,"안전 4건 [주의(2), 보호구(2)], 구체적 조치 언급 없음",resolved,text,322,328,64
반도체재료,LM1903060416_23v3_반도체용_식각_공정_가스_제조,64,1,미흡·없음,아니오,"안전 1건 [보호구(1)], 구체적 조치 언급 없음",resolved,text,380,348,65
반도체재료,LM1903060416_23v3_반도체용_식각_공정_가스_제조,65,1,미흡·없음,아니오,"안전 2건 [누출(1), 보호구(1)], 구체적 조치 언급 없음",resolved,text,424,405,65
반도체재료,LM1903060416_23v3_반도체용_식각_공정_가스_제조,66,1,미흡·없음,아니오,"안전 1건 [보호구(1)], 구체적 조치 언급 없음",resolved,text,335,346,67
반도체재료,LM1903060416_23v3_반도체용_식각_공정_가스_제조,70,1,미흡·없음,아니오,"안전 2건 [안전(2)], 구체적 조치 언급 없음",resolved,text,689,691,70
반도체재료,LM1903060416_23v3_반도체용_식각_공정_가스_제조,71,2,형식적 언급,아니오,"안전 11건 [안전(4), 주의(2), 보건(2), 위험(1), 유의 사항(1)], 구체적 조치 언급 없음",resolved,text,422,420,56;71;72
반도체재료,LM1903060416_23v3_반도체용_식각_공정_가스_제조,72,2,형식적 언급,아니오,"안전 6건 [안전(2), 주의(2), 위험(1), 유해(1)], 조치 1건 [방지(1)]",resolved,text,595,564,72;73
반도체재료,LM1903060416_23v3_반도체용_식각_공정_가스_제조,77,1,미흡·없음,아니오,"안전 2건 [안전(1), 위험(1)], 구체적 조치 언급 없음",resolved,text,823,797,78
반도체재료,LM1903060416_23v3_반도체용_식각_공정_가스_제조,79,1,미흡·없음,아니오,"안전 3건 [폭발(2), 위험(1)], 구체적 조치 언급 없음",resolved,text,930,932,79
반도체재료,LM1903060416_23v3_반도체용_식각_공정_가스_제조,81,2,형식적 언급,아니오,"안전 16건 [안전(6), 누출(4), 보건(2), 주의(1), 사고(1)], 구체적 조치 언급 없음",resolved,text,327,316,81;82
반도체재료,LM1903060416_23v3_반도체용_식각_공정_가스_제조,82,2,형식적 언급,아니오,"안전 15건 [유해(3), 누출(3), 사망(3), 안전(2), 위험(1)], 조치 1건 [환기(1)]",resolved,text,832,795,82;83
반도체재료,LM1903060416_23v3_반도체용_식각_공정_가스_제조,83,1,미흡·없음,아니오,"안전 2건 [위험(1), 유해(1)], 구체적 조치 언급 없음",resolved,text,784,835,84
반도체재료,LM1903060416_23v3_반도체용_식각_공정_가스_제조,84,2,형식적 언급,아니오,"안전 10건 [안전(4), 주의(2), 유해(1), 누출(1), 보건(1)], 조치 2건 [안전관리(1), 대피(1)]",resolved,text,825,820,84;85
반도체재료,LM1903060416_23v3_반도체용_식각_공정_가스_제조,85,1,미흡·없음,아니오,"안전 5건 [안전(2), 사고(1), 누출(1), 보호구(1)], 조치 2건 [환기(1), 소화기(1)]",resolved,text,408,417,85;86
반도체재료,LM1903060416_23v3_반도체용_식각_공정_가스_제조,86,2,형식적 언급,아니오,"안전 11건 [안전(4), 주의(2), 보건(2), 위험(1), 유의 사항(1)], 구체적 조치 언급 없음",resolved,text,426,424,72;86;87
반도체재료,LM1903060416_23v3_반도체용_식각_공정_가스_제조,87,3,구체적 대책,아니오,"안전 27건 [누출(7), 유해(6), 안전(5), 위험(3), 사고(3)], 조치 9건 [예방(4), 환기(2), 격리(2), 방지(1)]",resolved,text,907,913,87;88
반도체재료,LM1903060416_23v3_반도체용_식각_공정_가스_제조,88,3,구체적 대책,아니오,"안전 11건 [안전(3), 누출(3), 위험(2), 유해(2), 주의(1)], 조치 10건 [격리(4), 환기(3), 예방(2), 방지(1)]",resolved,text,829,821,88;89
반도체재료,LM1903060416_23v3_반도체용_식각_공정_가스_제조,89,3,구체적 대책,아니오,"안전 12건 [안전(5), 주의(2), 유해(2), 위험(1), 보건(1)], 조치 8건 [방지(1), 예방(1), 착용(1), 안전장치(1), 안전화(1)]",resolved,text,785,797,89;90
반도체재료,LM1903060416_23v3_반도체용_식각_공정_가스_제조,91,2,형식적 언급,아니오,"안전 13건 [주의(5), 안전(3), 사고(2), 위험(1), 누출(1)], 조치 4건 [환기(4)]",resolved,text,797,799,91;92
반도체재료,LM1903060416_23v3_반도체용_식각_공정_가스_제조,92,2,형식적 언급,아니오,"안전 10건 [안전(4), 위험(2), 누출(2), 유해(1), 보호구(1)], 조치 1건 [안전장치(1)]",resolved,text,752,754,92;93
반도체재료,LM1903060416_23v3_반도체용_식각_공정_가스_제조,95,2,형식적 언급,아니오,"안전 11건 [안전(4), 위험(3), 사고(1), 유해(1), 누출(1)], 조치 3건 [차단(1), 안전관리(1), 대피(1)]",resolved,text,816,797,95;96
반도체재료,LM1903060416_23v3_반도체용_식각_공정_가스_제조,96,3,구체적 대책,아니오,"안전 14건 [안전(7), 위험(5), 사고(1), 보건(1)], 조치 6건 [보호복(3), 예방(1), 착용(1), 안전화(1)]",resolved,text,491,514,96;97
반도체재료,LM1903060416_23v3_반도체용_식각_공정_가스_제조,97,1,미흡·없음,아니오,"안전 1건 [안전(1)], 조치 2건 [예방(1), 보호복(1)]",resolved,text,430,419,97
반도체재료,LM1903060416_23v3_반도체용_식각_공정_가스_제조,98,2,형식적 언급,아니오,"안전 13건 [안전(9), 주의(2), 누출(2)], 구체적 조치 언급 없음",resolved,text,559,565,99
반도체재료,LM1903060416_23v3_반도체용_식각_공정_가스_제조,100,2,형식적 언급,아니오,"안전 10건 [안전(6), 주의(2), 누출(2)], 구체적 조치 언급 없음",resolved,text,545,459,100
반도체재료,LM1903060416_23v3_반도체용_식각_공정_가스_제조,101,1,미흡·없음,아니오,"안전 1건 [안전(1)], 구체적 조치 언급 없음",resolved,text,342,347,101
반도체재료,LM1903060416_23v3_반도체용_식각_공정_가스_제조,102,2,형식적 언급,아니오,"안전 7건 [안전(4), 보건(2), MSDS(1)], 구체적 조치 언급 없음",resolved,text,355,343,102;103
반도체재료,LM1903060416_23v3_반도체용_식각_공정_가스_제조,103,1,미흡·없음,아니오,"안전 1건 [안전(1)], 구체적 조치 언급 없음",resolved,text,380,368,103
반도체재료,LM1903060417_23v3_반도체용_세정_공정_가스_제조,15,1,미흡·없음,아니오,"안전 1건 [위험(1)], 구체적 조치 언급 없음",resolved,text,666,667,15
반도체재료,LM1903060417_23v3_반도체용_세정_공정_가스_제조,16,1,미흡·없음,아니오,"안전 4건 [안전(4)], 조치 3건 [착용(3)]",resolved,text,653,635,16;17
반도체재료,LM1903060417_23v3_반도체용_세정_공정_가스_제조,17,1,미흡·없음,아니오,"안전 2건 [안전(1), 인화(1)], 구체적 조치 언급 없음",resolved,text,852,876,18
반도체재료,LM1903060417_23v3_반도체용_세정_공정_가스_제조,18,2,형식적 언급,아니오,"안전 6건 [안전(3), 주의(1), 폭발(1), 질식(1)], 구체적 조치 언급 없음",resolved,text,915,916,18;19
반도체재료,LM1903060417_23v3_반도체용_세정_공정_가스_제조,20,1,미흡·없음,아니오,"안전 4건 [주의(2), 폭발(2)], 구체적 조치 언급 없음",resolved,text,1111,833,20
반도체재료,LM1903060417_23v3_반도체용_세정_공정_가스_제조,21,1,미흡·없음,아니오,"안전 2건 [안전(1), 주의(1)], 구체적 조치 언급 없음",resolved,text,750,696,22
반도체재료,LM1903060417_23v3_반도체용_세정_공정_가스_제조,22,2,형식적 언급,아니오,"안전 8건 [안전(5), 주의(1), 유해(1), 폭발(1)], 구체적 조치 언급 없음",resolved,text,623,616,22;23
반도체재료,LM1903060417_23v3_반도체용_세정_공정_가스_제조,23,3,구체적 대책,아니오,"안전 18건 [안전(9), 위험(3), 유해(3), MSDS(2), 화재(1)], 조치 8건 [방지(3), 환기(2), 대처(2), 착용(1)]",resolved,text,846,857,23;24
반도체재료,LM1903060417_23v3_반도체용_세정_공정_가스_제조,24,2,형식적 언급,아니오,"안전 6건 [안전(5), 누출(1)], 조치 1건 [착용(1)]",resolved,text,442,444,25
반도체재료,LM1903060417_23v3_반도체용_세정_공정_가스_제조,25,1,미흡·없음,아니오,"안전 5건 [안전(4), 누출(1)], 조치 1건 [착용(1)]",resolved,text,266,243,26
반도체재료,LM1903060417_23v3_반도체용_세정_공정_가스_제조,26,2,형식적 언급,아니오,"안전 7건 [안전(4), 위험(1), 유의 사항(1), 인화(1)], 구체적 조치 언급 없음",resolved,text,602,633,26;27
반도체재료,LM1903060417_23v3_반도체용_세정_공정_가스_제조,28,1,미흡·없음,아니오,"안전 4건 [안전(3), 인화(1)], 구체적 조치 언급 없음",resolved,text,569,578,28
반도체재료,LM1903060417_23v3_반도체용_세정_공정_가스_제조,29,1,미흡·없음,아니오,"안전 1건 [안전(1)], 구체적 조치 언급 없음",resolved,text,483,517,29
반도체재료,LM1903060417_23v3_반도체용_세정_공정_가스_제조,30,1,미흡·없음,아니오,"안전 2건 [안전(2)], 구체적 조치 언급 없음",resolved,text,498,468,31
반도체재료,LM1903060417_23v3_반도체용_세정_공정_가스_제조,31,2,형식적 언급,아니오,"안전 9건 [안전(3), 폭발(3), 위험(2), 화재(1)], 구체적 조치 언급 없음",resolved,text,741,736,31;32
반도체재료,LM1903060417_23v3_반도체용_세정_공정_가스_제조,32,2,형식적 언급,아니오,"안전 6건 [안전(5), 주의(1)], 구체적 조치 언급 없음",resolved,text,876,885,33
반도체재료,LM1903060417_23v3_반도체용_세정_공정_가스_제조,33,1,미흡·없음,아니오,"안전 2건 [안전(2)], 구체적 조치 언급 없음",resolved,text,510,512,33;34
반도체재료,LM1903060417_23v3_반도체용_세정_공정_가스_제조,34,2,형식적 언급,아니오,"안전 10건 [안전(6), 폭발(2), 위험(1), 주의(1)], 구체적 조치 언급 없음",resolved,text,619,621,34;35
반도체재료,LM1903060417_23v3_반도체용_세정_공정_가스_제조,35,1,미흡·없음,아니오,"안전 1건 [안전(1)], 구체적 조치 언급 없음",resolved,text,790,792,35
반도체재료,LM1903060417_23v3_반도체용_세정_공정_가스_제조,36,1,미흡·없음,아니오,"안전 2건 [안전(1), 주의(1)], 구체적 조치 언급 없음",resolved,text,813,815,37
반도체재료,LM1903060417_23v3_반도체용_세정_공정_가스_제조,37,1,미흡·없음,아니오,"안전 5건 [안전(4), 폭발(1)], 구체적 조치 언급 없음",resolved,text,797,799,37;38
반도체재료,LM1903060417_23v3_반도체용_세정_공정_가스_제조,38,1,미흡·없음,아니오,"안전 3건 [안전(2), 폭발(1)], 구체적 조치 언급 없음",resolved,text,536,538,39
반도체재료,LM1903060417_23v3_반도체용_세정_공정_가스_제조,40,1,미흡·없음,아니오,"안전 1건 [안전(1)], 조치 2건 [방지(1), 예방(1)]",resolved,text-fallback,616,591,40
반도체재료,LM1903060417_23v3_반도체용_세정_공정_가스_제조,41,1,미흡·없음,아니오,"안전 4건 [안전(4)], 구체적 조치 언급 없음",resolved,text,529,541,41;42
반도체재료,LM1903060417_23v3_반도체용_세정_공정_가스_제조,42,2,형식적 언급,아니오,"안전 10건 [안전(5), 사고(2), 위험(1), 주의(1), 폭발(1)], 구체적 조치 언급 없음",resolved,text,188,181,42;43
반도체재료,LM1903060417_23v3_반도체용_세정_공정_가스_제조,46,1,미흡·없음,아니오,"안전 1건 [안전(1)], 구체적 조치 언급 없음",resolved,text,431,424,47
반도체재료,LM1903060417_23v3_반도체용_세정_공정_가스_제조,47,1,미흡·없음,아니오,"안전 4건 [안전(1), 위험(1), 유해(1), 인화(1)], 구체적 조치 언급 없음",resolved,text,358,369,47;48
반도체재료,LM1903060417_23v3_반도체용_세정_공정_가스_제조,48,1,미흡·없음,아니오,"안전 5건 [주의(2), 안전(1), 유해(1), 폭발(1)], 구체적 조치 언급 없음",resolved,text,371,373,48;49
반도체재료,LM1903060417_23v3_반도체용_세정_공정_가스_제조,49,2,형식적 언급,아니오,"안전 8건 [안전(5), 위험(1), 주의(1), 인화(1)], 구체적 조치 언급 없음",resolved,text,510,512,49;50
반도체재료,LM1903060417_23v3_반도체용_세정_공정_가스_제조,50,2,형식적 언급,아니오,"안전 6건 [안전(4), 누출(2)], 조치 1건 [보호복(1)]",resolved,text,653,655,50
반도체재료,LM1903060417_23v3_반도체용_세정_공정_가스_제조,51,3,구체적 대책,아니오,"안전 16건 [안전(7), 누출(4), 위험(2), 인화(2), 사고(1)], 조치 5건 [방지(2), 대처(2), 방독면(1)]",resolved,text,716,711,51;52
반도체재료,LM1903060417_23v3_반도체용_세정_공정_가스_제조,52,2,형식적 언급,아니오,"안전 16건 [안전(13), 누출(2), 주의(1)], 조치 1건 [방지(1)]",resolved,text,710,713,52;53
반도체재료,LM1903060417_23v3_반도체용_세정_공정_가스_제조,53,2,형식적 언급,아니오,"안전 12건 [안전(6), 누출(3), 위험(1), 주의(1), 인화(1)], 조치 3건 [환기(2), 착용(1)]",resolved,text,762,760,53;54
반도체재료,LM1903060417_23v3_반도체용_세정_공정_가스_제조,54,1,미흡·없음,아니오,"안전 5건 [안전(3), 사고(1), 누출(1)], 조치 2건 [대처(2)]",resolved,text,687,697,54
반도체재료,LM1903060417_23v3_반도체용_세정_공정_가스_제조,55,1,미흡·없음,아니오,"안전 3건 [안전(2), 유해(1)], 구체적 조치 언급 없음",resolved,text,599,601,54
반도체재료,LM1903060417_23v3_반도체용_세정_공정_가스_제조,56,2,형식적 언급,아니오,"안전 7건 [안전(4), 유의 사항(1), 폭발(1), 인화(1)], 구체적 조치 언급 없음",resolved,text,417,437,56;57
반도체재료,LM1903060417_23v3_반도체용_세정_공정_가스_제조,57,1,미흡·없음,아니오,"안전 2건 [안전(2)], 조치 1건 [환기(1)]",resolved,text,767,769,57
반도체재료,LM1903060417_23v3_반도체용_세정_공정_가스_제조,58,2,형식적 언급,아니오,"안전 10건 [안전(5), 화재(2), 위험(1), 누출(1), 폭발(1)], 조치 2건 [예방(1), 차단(1)]",resolved,text,882,884,58;59
반도체재료,LM1903060417_23v3_반도체용_세정_공정_가스_제조,59,1,미흡·없음,아니오,"안전 4건 [안전(3), 폭발(1)], 조치 1건 [안전장치(1)]",resolved,text,664,666,59
반도체재료,LM1903060417_23v3_반도체용_세정_공정_가스_제조,60,1,미흡·없음,아니오,"안전 3건 [안전(3)], 구체적 조치 언급 없음",resolved,text,648,639,60;61
반도체재료,LM1903060417_23v3_반도체용_세정_공정_가스_제조,61,1,미흡·없음,아니오,"안전 2건 [안전(2)], 구체적 조치 언급 없음",resolved,text,423,478,61
반도체재료,LM1903060417_23v3_반도체용_세정_공정_가스_제조,62,2,형식적 언급,아니오,"안전 9건 [안전(4), 화재(2), 위험(1), 누출(1), 폭발(1)], 조치 1건 [환기(1)]",resolved,text,675,680,62
반도체재료,LM1903060417_23v3_반도체용_세정_공정_가스_제조,63,3,구체적 대책,아니오,"안전 16건 [안전(11), 누출(2), 위험(1), 사고(1), 화재(1)], 조치 6건 [차단(2), 안전장치(2), 방지(1), 환기(1)]",resolved,text,708,682,63;64
반도체재료,LM1903060417_23v3_반도체용_세정_공정_가스_제조,64,1,미흡·없음,아니오,"안전 1건 [안전(1)], 구체적 조치 언급 없음",resolved,text,652,687,64
반도체재료,LM1903060417_23v3_반도체용_세정_공정_가스_제조,65,1,미흡·없음,아니오,"안전 3건 [안전(2), 위험(1)], 구체적 조치 언급 없음",resolved,text,676,678,66
반도체재료,LM1903060417_23v3_반도체용_세정_공정_가스_제조,66,2,형식적 언급,아니오,"안전 6건 [안전(5), 위험(1)], 조치 1건 [대처(1)]",resolved,text,460,458,66;92
반도체재료,LM1903060417_23v3_반도체용_세정_공정_가스_제조,67,1,미흡·없음,아니오,"안전 4건 [안전(3), 누출(1)], 조치 3건 [착용(1), 환기(1), 대처(1)]",resolved,text,557,506,67
반도체재료,LM1903060417_23v3_반도체용_세정_공정_가스_제조,68,1,미흡·없음,아니오,"안전 1건 [안전(1)], 구체적 조치 언급 없음",resolved,text,528,530,68
반도체재료,LM1903060417_23v3_반도체용_세정_공정_가스_제조,69,1,미흡·없음,아니오,"안전 3건 [안전(3)], 조치 1건 [예방(1)]",resolved,text,612,640,70
반도체재료,LM1903060417_23v3_반도체용_세정_공정_가스_제조,73,1,미흡·없음,아니오,"안전 2건 [안전(2)], 구체적 조치 언급 없음",resolved,text,671,673,73
반도체재료,LM1903060417_23v3_반도체용_세정_공정_가스_제조,74,1,미흡·없음,아니오,"안전 3건 [안전(3)], 구체적 조치 언급 없음",resolved,text,673,675,74;75
반도체재료,LM1903060417_23v3_반도체용_세정_공정_가스_제조,76,3,구체적 대책,아니오,"안전 27건 [안전(12), 위험(6), 누출(3), 주의(2), 폭발(1)], 조치 8건 [착용(3), 대처(2), 차단(1), 마스크(1), 대피(1)]",resolved,text,757,759,76;77;83
반도체재료,LM1903060417_23v3_반도체용_세정_공정_가스_제조,77,3,구체적 대책,아니오,"안전 15건 [안전(7), 누출(3), 사고(2), 주의(1), 유해(1)], 조치 8건 [환기(2), 대처(2), 대피(2), 방지(1), 소화기(1)]",resolved,text,684,686,77
반도체재료,LM1903060417_23v3_반도체용_세정_공정_가스_제조,78,1,미흡·없음,아니오,"안전 2건 [안전(1), 위험(1)], 구체적 조치 언급 없음",resolved,text,98,87,79
반도체재료,LM1903060417_23v3_반도체용_세정_공정_가스_제조,82,1,미흡·없음,아니오,"안전 2건 [안전(2)], 조치 1건 [환기(1)]",resolved,text,524,526,83
반도체재료,LM1903060417_23v3_반도체용_세정_공정_가스_제조,83,3,구체적 대책,아니오,"안전 8건 [안전(4), 위험(2), 누출(1), 화재(1)], 조치 5건 [예방(2), 차단(1), 대처(1), 소화기(1)]",resolved,text,673,675,83
반도체재료,LM1903060417_23v3_반도체용_세정_공정_가스_제조,84,3,구체적 대책,아니오,"안전 15건 [안전(7), 위험(2), 사고(2), 주의(1), 누출(1)], 조치 5건 [대처(2), 예방(1), 착용(1), 환기(1)]",resolved,text,599,601,84;85;107
반도체재료,LM1903060417_23v3_반도체용_세정_공정_가스_제조,85,1,미흡·없음,아니오,"안전 4건 [안전(4)], 조치 2건 [예방(2)]",resolved,text,577,579,86
반도체재료,LM1903060417_23v3_반도체용_세정_공정_가스_제조,86,2,형식적 언급,아니오,"안전 8건 [안전(6), 누출(1), 화재(1)], 조치 1건 [환기(1)]",resolved,text,516,518,86;87
반도체재료,LM1903060417_23v3_반도체용_세정_공정_가스_제조,87,3,구체적 대책,아니오,"안전 17건 [안전(7), 위험(3), 누출(2), 인화(2), 주의(1)], 조치 7건 [환기(2), 방지(1), 착용(1), 대처(1), 마스크(1)]",resolved,text,733,735,87;88
반도체재료,LM1903060417_23v3_반도체용_세정_공정_가스_제조,88,2,형식적 언급,아니오,"안전 17건 [안전(6), 누출(5), 위험(2), 사고(2), 주의(1)], 조치 2건 [대처(1), 소화기(1)]",resolved,text,614,612,88;89
반도체재료,LM1903060417_23v3_반도체용_세정_공정_가스_제조,89,2,형식적 언급,아니오,"안전 9건 [안전(5), 유의 사항(2), 폭발(1), 인화(1)], 구체적 조치 언급 없음",resolved,text,366,373,89;90
반도체재료,LM1903060417_23v3_반도체용_세정_공정_가스_제조,90,1,미흡·없음,아니오,"안전 1건 [안전(1)], 구체적 조치 언급 없음",resolved,text,403,410,91
반도체재료,LM1903060417_23v3_반도체용_세정_공정_가스_제조,91,2,형식적 언급,아니오,"안전 11건 [안전(8), 누출(2), 화재(1)], 조치 2건 [대처(1), 소화기(1)]",resolved,text,446,457,91;92;104
반도체재료,LM1903060417_23v3_반도체용_세정_공정_가스_제조,93,1,미흡·없음,아니오,"안전 1건 [안전(1)], 구체적 조치 언급 없음",resolved,text,706,721,93
반도체재료,LM1903060417_23v3_반도체용_세정_공정_가스_제조,95,2,형식적 언급,아니오,"안전 9건 [안전(8), 누출(1)], 조치 1건 [차단(1)]",resolved,text,692,694,95;96
반도체재료,LM1903060417_23v3_반도체용_세정_공정_가스_제조,96,1,미흡·없음,아니오,"안전 4건 [안전(2), 누출(1), 화재(1)], 조치 1건 [대처(1)]",resolved,text,708,710,96;97
반도체재료,LM1903060417_23v3_반도체용_세정_공정_가스_제조,97,1,미흡·없음,아니오,"안전 5건 [안전(4), 누출(1)], 구체적 조치 언급 없음",resolved,text,474,459,99
반도체재료,LM1903060417_23v3_반도체용_세정_공정_가스_제조,98,1,미흡·없음,아니오,"안전 1건 [안전(1)], 구체적 조치 언급 없음",resolved,text,264,319,99
반도체재료,LM1903060417_23v3_반도체용_세정_공정_가스_제조,99,2,형식적 언급,아니오,"안전 7건 [안전(5), 사고(1), 누출(1)], 조치 3건 [방지(1), 차단(1), 안전장치(1)]",resolved,text,713,715,99;100
반도체재료,LM1903060417_23v3_반도체용_세정_공정_가스_제조,100,2,형식적 언급,아니오,"안전 7건 [안전(5), 주의(1), 사고(1)], 조치 3건 [예방(1), 마스크(1), 소화기(1)]",resolved,text,736,738,100;101
반도체재료,LM1903060417_23v3_반도체용_세정_공정_가스_제조,101,3,구체적 대책,아니오,"안전 10건 [안전(7), 누출(2), 화재(1)], 조치 5건 [예방(3), 대처(1), 소화기(1)]",resolved,text,693,695,101;102
반도체재료,LM1903060417_23v3_반도체용_세정_공정_가스_제조,102,1,미흡·없음,아니오,"안전 3건 [안전(2), 위험(1)], 조치 3건 [예방(3)]",resolved,text,778,780,102
반도체재료,LM1903060417_23v3_반도체용_세정_공정_가스_제조,103,2,형식적 언급,아니오,"안전 7건 [안전(6), 누출(1)], 조치 1건 [차단(1)]",resolved,text,671,673,103
반도체재료,LM1903060417_23v3_반도체용_세정_공정_가스_제조,104,2,형식적 언급,아니오,"안전 10건 [안전(7), 누출(2), 화재(1)], 조치 2건 [대처(1), 소화기(1)]",resolved,text,544,556,104
반도체재료,LM1903060417_23v3_반도체용_세정_공정_가스_제조,105,1,미흡·없음,아니오,"안전 1건 [안전(1)], 조치 1건 [대처(1)]",resolved,text,682,663,106
반도체재료,LM1903060417_23v3_반도체용_세정_공정_가스_제조,106,1,미흡·없음,아니오,"안전 2건 [안전(2)], 조치 2건 [착용(1), 환기(1)]",resolved,text,428,434,106;107
반도체재료,LM1903060417_23v3_반도체용_세정_공정_가스_제조,107,1,미흡·없음,아니오,"안전 3건 [안전(2), 누출(1)], 조치 2건 [착용(1), 대처(1)]",resolved,text,397,396,107
반도체재료,LM1903060417_23v3_반도체용_세정_공정_가스_제조,108,1,미흡·없음,아니오,"안전 1건 [누출(1)], 조치 2건 [차단(1), 대처(1)]",resolved,text,537,542,109
반도체재료,LM1903060417_23v3_반도체용_세정_공정_가스_제조,109,1,미흡·없음,아니오,"안전 2건 [누출(1), 먼지(1)], 구체적 조치 언급 없음",resolved,text,658,660,110
반도체재료,LM1903060417_23v3_반도체용_세정_공정_가스_제조,110,2,형식적 언급,아니오,"안전 10건 [안전(8), 사고(2)], 조치 4건 [방지(2), 예방(1), 소화기(1)]",resolved,text,641,636,111
반도체재료,LM1903060417_23v3_반도체용_세정_공정_가스_제조,111,1,미흡·없음,아니오,"안전 4건 [안전(3), 사고(1)], 구체적 조치 언급 없음",resolved,text,655,664,111
반도체재료,LM1903060417_23v3_반도체용_세정_공정_가스_제조,113,1,미흡·없음,아니오,"안전 3건 [누출(2), 안전(1)], 조치 4건 [방지(2), 예방(2)]",resolved,text,769,772,114
반도체재료,LM1903060417_23v3_반도체용_세정_공정_가스_제조,114,3,구체적 대책,아니오,"안전 11건 [누출(7), 안전(3), 위험(1)], 조치 5건 [방지(3), 예방(1), 대처(1)]",resolved,text,631,634,114;115
반도체재료,LM1903060417_23v3_반도체용_세정_공정_가스_제조,115,2,형식적 언급,아니오,"안전 9건 [안전(6), 사고(2), 위험(1)], 조치 1건 [예방(1)]",resolved,text,736,739,115;116
반도체재료,LM1903060417_23v3_반도체용_세정_공정_가스_제조,116,1,미흡·없음,아니오,"안전 2건 [위험(2)], 구체적 조치 언급 없음",resolved,text,644,647,116
반도체재료,LM1903060417_23v3_반도체용_세정_공정_가스_제조,117,2,형식적 언급,아니오,"안전 12건 [안전(5), 누출(5), 유해(2)], 구체적 조치 언급 없음",resolved,text,738,741,118
반도체재료,LM1903060417_23v3_반도체용_세정_공정_가스_제조,118,3,구체적 대책,아니오,"안전 30건 [화재(6), 소음(6), 유해(5), 안전(4), 위험(4)], 조치 7건 [방지(3), 차단(3), 소화기(1)]",resolved,text,607,610,118;119
반도체재료,LM1903060417_23v3_반도체용_세정_공정_가스_제조,119,2,형식적 언급,아니오,"안전 24건 [안전(17), 사고(3), 위험(1), 누출(1), 폭발(1)], 구체적 조치 언급 없음",resolved,text,660,658,119
반도체재료,LM1903060417_23v3_반도체용_세정_공정_가스_제조,124,1,미흡·없음,아니오,"안전 3건 [안전(1), MSDS(1), 보건(1)], 구체적 조치 언급 없음",resolved,text,371,363,125
반도체재료,LM1903060417_23v3_반도체용_세정_공정_가스_제조,125,1,미흡·없음,아니오,"안전 1건 [안전(1)], 구체적 조치 언급 없음",resolved,text,380,368,125
반도체재료,LM1903060418_23v3_반도체용_박막_공정_가스_제조,13,1,미흡·없음,아니오,"안전 4건 [안전(1), 유해(1), MSDS(1), 보건(1)], 구체적 조치 언급 없음",resolved,text,424,403,15;23
반도체재료,LM1903060418_23v3_반도체용_박막_공정_가스_제조,23,2,형식적 언급,아니오,"안전 11건 [안전(3), 주의(2), 보건(2), 위험(1), 유의 사항(1)], 구체적 조치 언급 없음",resolved,text,376,412,23;36
반도체재료,LM1903060418_23v3_반도체용_박막_공정_가스_제조,24,1,미흡·없음,아니오,"안전 1건 [안전(1)], 구체적 조치 언급 없음",resolved,text,914,915,23
반도체재료,LM1903060418_23v3_반도체용_박막_공정_가스_제조,25,1,미흡·없음,아니오,"안전 3건 [안전(2), 질식(1)], 구체적 조치 언급 없음",resolved,text,920,894,25
반도체재료,LM1903060418_23v3_반도체용_박막_공정_가스_제조,27,2,형식적 언급,아니오,"안전 7건 [안전(2), 사고(1), 유해(1), 보건(1), 폭발(1)], 구체적 조치 언급 없음",resolved,text,1236,771,28
반도체재료,LM1903060418_23v3_반도체용_박막_공정_가스_제조,28,2,형식적 언급,아니오,"안전 25건 [유해(7), 위험(4), 폭발(3), 안전(2), 사고(2)], 구체적 조치 언급 없음",resolved,text,889,853,28;50;60
반도체재료,LM1903060418_23v3_반도체용_박막_공정_가스_제조,29,2,형식적 언급,아니오,"안전 9건 [유해(4), 위험(2), 폭발(1), 화재(1), 인화(1)], 조치 1건 [예방(1)]",resolved,text,188,206,29
반도체재료,LM1903060418_23v3_반도체용_박막_공정_가스_제조,30,2,형식적 언급,아니오,"안전 27건 [안전(6), 위험(5), 주의(3), 화재(3), 유해(2)], 조치 4건 [안전관리(2), 방지(1), 응급조치(1)]",resolved,text,437,459,30;31
반도체재료,LM1903060418_23v3_반도체용_박막_공정_가스_제조,31,2,형식적 언급,아니오,"안전 12건 [안전(8), 위험(2), 주의(2)], 구체적 조치 언급 없음",resolved,text,710,712,31;32
반도체재료,LM1903060418_23v3_반도체용_박막_공정_가스_제조,32,1,미흡·없음,아니오,"안전 2건 [위험(2)], 조치 1건 [차단(1)]",resolved,text,695,697,33
반도체재료,LM1903060418_23v3_반도체용_박막_공정_가스_제조,33,2,형식적 언급,아니오,"안전 18건 [위험(11), 누출(2), 안전(1), 주의(1), MSDS(1)], 구체적 조치 언급 없음",resolved,text,839,803,33;34;78
반도체재료,LM1903060418_23v3_반도체용_박막_공정_가스_제조,34,2,형식적 언급,아니오,"안전 10건 [위험(3), 질식(3), 누출(2), 주의(1), 사고(1)], 구체적 조치 언급 없음",resolved,text,771,802,34;35
반도체재료,LM1903060418_23v3_반도체용_박막_공정_가스_제조,35,2,형식적 언급,아니오,"안전 10건 [위험(3), 누출(3), 안전(2), 사고(2)], 조치 2건 [응급조치(1), 격리(1)]",resolved,text,772,759,35;36
반도체재료,LM1903060418_23v3_반도체용_박막_공정_가스_제조,36,2,형식적 언급,아니오,"안전 11건 [안전(3), 주의(2), 보건(2), 위험(1), 유의 사항(1)], 구체적 조치 언급 없음",resolved,text,375,410,36;92
반도체재료,LM1903060418_23v3_반도체용_박막_공정_가스_제조,37,3,구체적 대책,아니오,"안전 12건 [안전(6), 위험(2), 누출(2), 폭발(2)], 조치 8건 [예방(4), 격리(2), 방지(1), 환기(1)]",resolved,text,837,839,24;37;38
반도체재료,LM1903060418_23v3_반도체용_박막_공정_가스_제조,38,3,구체적 대책,아니오,"안전 13건 [안전(4), 위험(3), 주의(3), 누출(2), 질식(1)], 조치 13건 [예방(4), 격리(4), 환기(3), 방지(1), 안전장치(1)]",resolved,text,827,829,38;39
반도체재료,LM1903060418_23v3_반도체용_박막_공정_가스_제조,39,3,구체적 대책,아니오,"안전 13건 [안전(6), 누출(2), 보건(2), 위험(1), 주의(1)], 조치 9건 [예방(2), 환기(2), 착용(1), 안전화(1), 대피(1)]",resolved,text,827,829,39;40
반도체재료,LM1903060418_23v3_반도체용_박막_공정_가스_제조,40,2,형식적 언급,아니오,"안전 13건 [주의(3), 사고(3), 안전(2), 위험(2), 누출(2)], 조치 3건 [방지(2), 환기(1)]",resolved,text,734,736,40;41
반도체재료,LM1903060418_23v3_반도체용_박막_공정_가스_제조,41,3,구체적 대책,아니오,"안전 10건 [안전(3), 사고(2), 화재(2), 위험(1), 주의(1)], 조치 6건 [환기(4), 차단(1), 대피(1)]",resolved,text,747,749,41;42
반도체재료,LM1903060418_23v3_반도체용_박막_공정_가스_제조,42,3,구체적 대책,아니오,"안전 14건 [안전(7), 위험(5), 사고(1), 보건(1)], 조치 11건 [보호복(8), 예방(1), 착용(1), 안전화(1)]",resolved,text,524,513,42;43;104
반도체재료,LM1903060418_23v3_반도체용_박막_공정_가스_제조,43,2,형식적 언급,아니오,"안전 9건 [안전(5), 위험(2), 사고(2)], 구체적 조치 언급 없음",resolved,text,501,507,44
반도체재료,LM1903060418_23v3_반도체용_박막_공정_가스_제조,44,1,미흡·없음,아니오,"안전 2건 [안전(1), 위험(1)], 구체적 조치 언급 없음",resolved,text,461,419,45
반도체재료,LM1903060418_23v3_반도체용_박막_공정_가스_제조,45,1,미흡·없음,아니오,"안전 5건 [안전(3), 위험(1), 사고(1)], 구체적 조치 언급 없음",resolved,text,406,392,45
반도체재료,LM1903060418_23v3_반도체용_박막_공정_가스_제조,46,1,미흡·없음,아니오,"안전 1건 [안전(1)], 구체적 조치 언급 없음",resolved,text,324,335,47
반도체재료,LM1903060418_23v3_반도체용_박막_공정_가스_제조,48,1,미흡·없음,아니오,"안전 3건 [폭발(2), 주의(1)], 구체적 조치 언급 없음",resolved,text,1043,820,48
반도체재료,LM1903060418_23v3_반도체용_박막_공정_가스_제조,49,1,미흡·없음,아니오,"안전 3건 [주의(2), 폭발(1)], 구체적 조치 언급 없음",resolved,text,957,819,49
반도체재료,LM1903060418_23v3_반도체용_박막_공정_가스_제조,50,2,형식적 언급,아니오,"안전 8건 [유해(3), 안전(1), 주의(1), MSDS(1), 보건(1)], 구체적 조치 언급 없음",resolved,text,438,448,50
반도체재료,LM1903060418_23v3_반도체용_박막_공정_가스_제조,51,2,형식적 언급,아니오,"안전 14건 [안전(5), 주의(5), 위험(1), 유의 사항(1), 보건(1)], 조치 1건 [차단(1)]",resolved,text,851,851,36;51;61;79
반도체재료,LM1903060418_23v3_반도체용_박막_공정_가스_제조,52,1,미흡·없음,아니오,"안전 5건 [안전(3), 주의(1), 유해(1)], 조치 1건 [차단(1)]",resolved,text,456,432,52
반도체재료,LM1903060418_23v3_반도체용_박막_공정_가스_제조,53,1,미흡·없음,아니오,"안전 5건 [안전(3), 주의(2)], 조치 1건 [차단(1)]",resolved,text,504,488,53
반도체재료,LM1903060418_23v3_반도체용_박막_공정_가스_제조,55,2,형식적 언급,아니오,"안전 9건 [유해(5), 폭발(2), 주의(1), 질식(1)], 구체적 조치 언급 없음",resolved,text,758,647,55
반도체재료,LM1903060418_23v3_반도체용_박막_공정_가스_제조,56,2,형식적 언급,아니오,"안전 6건 [폭발(3), 안전(1), 주의(1), 인화(1)], 구체적 조치 언급 없음",resolved,text,724,734,56;57
반도체재료,LM1903060418_23v3_반도체용_박막_공정_가스_제조,57,2,형식적 언급,아니오,"안전 7건 [폭발(4), 안전(2), 주의(1)], 조치 2건 [방지(1), 환기(1)]",resolved,text,789,749,57;58
반도체재료,LM1903060418_23v3_반도체용_박막_공정_가스_제조,59,2,형식적 언급,아니오,"안전 9건 [질식(6), 위험(1), 사고(1), 유해(1)], 조치 1건 [환기(1)]",resolved,text,863,852,59
반도체재료,LM1903060418_23v3_반도체용_박막_공정_가스_제조,60,2,형식적 언급,아니오,"안전 11건 [안전(3), 주의(2), 보건(2), 위험(1), 유의 사항(1)], 구체적 조치 언급 없음",resolved,text,403,405,61;93
반도체재료,LM1903060418_23v3_반도체용_박막_공정_가스_제조,61,2,형식적 언급,아니오,"안전 8건 [안전(4), 유해(2), 주의(1), 보호구(1)], 구체적 조치 언급 없음",resolved,text,652,645,37;61;62
반도체재료,LM1903060418_23v3_반도체용_박막_공정_가스_제조,62,2,형식적 언급,아니오,"안전 11건 [폭발(8), 위험(2), 유해(1)], 구체적 조치 언급 없음",resolved,text,931,938,63
반도체재료,LM1903060418_23v3_반도체용_박막_공정_가스_제조,63,2,형식적 언급,아니오,"안전 7건 [폭발(3), 유해(2), 위험(1), 화재(1)], 구체적 조치 언급 없음",resolved,text,926,923,63;64
반도체재료,LM1903060418_23v3_반도체용_박막_공정_가스_제조,64,2,형식적 언급,아니오,"안전 10건 [폭발(4), 유해(3), 화재(2), 위험(1)], 조치 3건 [차단(2), 방지(1)]",resolved,text,1049,966,64;65
반도체재료,LM1903060418_23v3_반도체용_박막_공정_가스_제조,65,2,형식적 언급,아니오,"안전 12건 [안전(2), 주의(2), 유해(2), 누출(2), 화재(2)], 조치 2건 [환기(1), 대처(1)]",resolved,text,1019,1003,65;66
반도체재료,LM1903060418_23v3_반도체용_박막_공정_가스_제조,66,2,형식적 언급,아니오,"안전 16건 [누출(11), 사고(2), 안전(1), 위험(1), 유해(1)], 조치 1건 [예방(1)]",resolved,text,862,864,66;67
반도체재료,LM1903060418_23v3_반도체용_박막_공정_가스_제조,67,2,형식적 언급,아니오,"안전 8건 [안전(2), 위험(1), 주의(1), 누출(1), 폭발(1)], 조치 1건 [환기(1)]",resolved,text,536,502,67
반도체재료,LM1903060418_23v3_반도체용_박막_공정_가스_제조,68,1,미흡·없음,아니오,"안전 3건 [위험(2), 유해(1)], 구체적 조치 언급 없음",resolved,text,568,570,68
반도체재료,LM1903060418_23v3_반도체용_박막_공정_가스_제조,69,2,형식적 언급,아니오,"안전 11건 [위험(4), 보호구(4), 안전(2), 사고(1)], 조치 1건 [착용(1)]",resolved,text,584,573,69;70
반도체재료,LM1903060418_23v3_반도체용_박막_공정_가스_제조,70,2,형식적 언급,아니오,"안전 9건 [주의(4), 유해(3), 안전(2)], 구체적 조치 언급 없음",resolved,text,347,353,71
반도체재료,LM1903060418_23v3_반도체용_박막_공정_가스_제조,72,2,형식적 언급,아니오,"안전 7건 [주의(5), 안전(2)], 구체적 조치 언급 없음",resolved,text,496,420,72
반도체재료,LM1903060418_23v3_반도체용_박막_공정_가스_제조,73,1,미흡·없음,아니오,"안전 2건 [안전(1), 유해(1)], 구체적 조치 언급 없음",resolved,text,357,362,73
반도체재료,LM1903060418_23v3_반도체용_박막_공정_가스_제조,77,1,미흡·없음,아니오,"안전 1건 [중독(1)], 조치 1건 [차단(1)]",resolved,text,969,962,78
반도체재료,LM1903060418_23v3_반도체용_박막_공정_가스_제조,78,2,형식적 언급,아니오,"안전 12건 [안전(3), 주의(2), MSDS(2), 보건(2), 위험(1)], 구체적 조치 언급 없음",resolved,text,378,410,79
반도체재료,LM1903060418_23v3_반도체용_박막_공정_가스_제조,79,1,미흡·없음,아니오,"안전 3건 [안전(1), 위험(1), 주의(1)], 구체적 조치 언급 없음",resolved,text,702,667,61;79
반도체재료,LM1903060418_23v3_반도체용_박막_공정_가스_제조,87,2,형식적 언급,아니오,"안전 11건 [안전(6), 주의(1), 사고(1), 보건(1), 분진(1)], 조치 2건 [안전관리(2)]",resolved,text,798,731,87
반도체재료,LM1903060418_23v3_반도체용_박막_공정_가스_제조,88,2,형식적 언급,아니오,"안전 10건 [누출(5), 안전(3), 유해(2)], 구체적 조치 언급 없음",resolved,text,850,795,88;89
반도체재료,LM1903060418_23v3_반도체용_박막_공정_가스_제조,89,1,미흡·없음,아니오,"안전 5건 [누출(4), 폭발(1)], 구체적 조치 언급 없음",resolved,text,566,562,89;90
반도체재료,LM1903060418_23v3_반도체용_박막_공정_가스_제조,90,2,형식적 언급,아니오,"안전 10건 [누출(4), 안전(3), 주의(1), 사고(1), 폭발(1)], 조치 2건 [방지(1), 안전관리(1)]",resolved,text,735,743,90;91
반도체재료,LM1903060418_23v3_반도체용_박막_공정_가스_제조,91,1,미흡·없음,아니오,"안전 4건 [누출(2), 안전(1), 보호구(1)], 조치 2건 [환기(1), 소화기(1)]",resolved,text,382,384,91;92
반도체재료,LM1903060418_23v3_반도체용_박막_공정_가스_제조,92,2,형식적 언급,아니오,"안전 11건 [안전(3), 주의(2), 보건(2), 위험(1), 유의 사항(1)], 구체적 조치 언급 없음",resolved,text,411,413,93
반도체재료,LM1903060418_23v3_반도체용_박막_공정_가스_제조,93,3,구체적 대책,아니오,"안전 21건 [누출(8), 안전(4), 유해(4), 위험(2), 사고(2)], 조치 8건 [예방(3), 환기(3), 방지(1), 격리(1)]",resolved,text,857,859,61;93;94
반도체재료,LM1903060418_23v3_반도체용_박막_공정_가스_제조,94,3,구체적 대책,아니오,"안전 10건 [주의(3), 누출(3), 안전(2), 위험(2)], 조치 9건 [환기(3), 격리(3), 예방(2), 방지(1)]",resolved,text,787,789,94;95
반도체재료,LM1903060418_23v3_반도체용_박막_공정_가스_제조,95,3,구체적 대책,아니오,"안전 8건 [안전(5), 유해(1), 누출(1), 보건(1)], 조치 7건 [방지(1), 예방(1), 착용(1), 안전장치(1), 대피(1)]",resolved,text,679,680,95
반도체재료,LM1903060418_23v3_반도체용_박막_공정_가스_제조,96,2,형식적 언급,아니오,"안전 12건 [화재(5), 주의(2), 사고(2), 안전(1), 위험(1)], 조치 1건 [환기(1)]",resolved,text,944,847,96;97
반도체재료,LM1903060418_23v3_반도체용_박막_공정_가스_제조,97,2,형식적 언급,아니오,"안전 14건 [안전(6), 위험(2), 주의(2), 보호구(2), 유해(1)], 조치 3건 [환기(2), 안전장치(1)]",resolved,text,764,772,97;98
반도체재료,LM1903060418_23v3_반도체용_박막_공정_가스_제조,99,2,형식적 언급,아니오,"안전 12건 [누출(9), 폭발(2), 유해(1)], 구체적 조치 언급 없음",resolved,text,897,899,99;100
반도체재료,LM1903060418_23v3_반도체용_박막_공정_가스_제조,100,3,구체적 대책,아니오,"안전 6건 [안전(3), 누출(3)], 조치 14건 [차단(9), 안전장치(3), 방지(1), 환기(1)]",resolved,text,549,495,100;101
반도체재료,LM1903060418_23v3_반도체용_박막_공정_가스_제조,101,1,미흡·없음,아니오,"안전 3건 [누출(2), 유해(1)], 조치 12건 [방지(5), 환기(5), 차단(2)]",resolved,text-fallback,653,536,101
반도체재료,LM1903060418_23v3_반도체용_박막_공정_가스_제조,102,2,형식적 언급,아니오,"안전 6건 [안전(2), 중독(2), 사고(1), 누출(1)], 조치 2건 [방지(2)]",resolved,text,451,453,101;102;103
반도체재료,LM1903060418_23v3_반도체용_박막_공정_가스_제조,103,2,형식적 언급,아니오,"안전 19건 [안전(9), 위험(5), 사고(1), 누출(1), MSDS(1)], 조치 4건 [예방(1), 차단(1), 안전화(1), 대피(1)]",resolved,text,551,531,103;104
반도체재료,LM1903060418_23v3_반도체용_박막_공정_가스_제조,104,1,미흡·없음,아니오,"안전 2건 [안전(1), 위험(1)], 조치 6건 [보호복(4), 예방(1), 착용(1)]",resolved,text,579,590,104
반도체재료,LM1903060418_23v3_반도체용_박막_공정_가스_제조,105,2,형식적 언급,아니오,"안전 8건 [안전(6), 누출(2)], 구체적 조치 언급 없음",resolved,text,450,456,106
반도체재료,LM1903060418_23v3_반도체용_박막_공정_가스_제조,106,1,미흡·없음,아니오,"안전 4건 [안전(3), 누출(1)], 구체적 조치 언급 없음",resolved,text,445,415,107
반도체재료,LM1903060418_23v3_반도체용_박막_공정_가스_제조,107,1,미흡·없음,아니오,"안전 3건 [안전(2), 누출(1)], 구체적 조치 언급 없음",resolved,text,466,423,107
반도체재료,LM1903060418_23v3_반도체용_박막_공정_가스_제조,109,2,형식적 언급,아니오,"안전 16건 [안전(10), 보건(4), 유해(1), MSDS(1)], 구체적 조치 언급 없음",resolved,text,487,455,109;110
반도체재료,LM1903060418_23v3_반도체용_박막_공정_가스_제조,111,1,미흡·없음,아니오,"안전 1건 [안전(1)], 구체적 조치 언급 없음",resolved,text,380,368,111
반도체재료,LM1903060419_23v3_반도체용_이온_주입_공정_가스_제조,13,1,미흡·없음,아니오,"안전 4건 [안전(1), 유해(1), MSDS(1), 보건(1)], 구체적 조치 언급 없음",resolved,text,443,425,15;20
반도체재료,LM1903060419_23v3_반도체용_이온_주입_공정_가스_제조,20,2,형식적 언급,아니오,"안전 11건 [안전(4), 주의(2), 보건(2), 유의 사항(1), MSDS(1)], 구체적 조치 언급 없음",resolved,text,412,445,21;30
반도체재료,LM1903060419_23v3_반도체용_이온_주입_공정_가스_제조,23,1,미흡·없음,아니오,"안전 3건 [안전(2), 질식(1)], 구체적 조치 언급 없음",resolved,text,781,765,23
반도체재료,LM1903060419_23v3_반도체용_이온_주입_공정_가스_제조,26,2,형식적 언급,아니오,"안전 16건 [위험(5), 화재(3), 안전(2), 주의(2), 사고(2)], 조치 1건 [예방(1)]",resolved,text,699,701,26;27
반도체재료,LM1903060419_23v3_반도체용_이온_주입_공정_가스_제조,27,1,미흡·없음,아니오,"안전 3건 [위험(2), 폭발(1)], 조치 1건 [환기(1)]",resolved,text,872,857,27
반도체재료,LM1903060419_23v3_반도체용_이온_주입_공정_가스_제조,28,2,형식적 언급,아니오,"안전 27건 [위험(7), 화재(6), 폭발(4), 안전(3), 보건(3)], 구체적 조치 언급 없음",resolved,text,454,480,28;29;108
반도체재료,LM1903060419_23v3_반도체용_이온_주입_공정_가스_제조,29,1,미흡·없음,아니오,"안전 1건 [안전(1)], 구체적 조치 언급 없음",resolved,text,373,360,29
반도체재료,LM1903060419_23v3_반도체용_이온_주입_공정_가스_제조,30,2,형식적 언급,아니오,"안전 12건 [안전(4), 주의(2), MSDS(2), 보건(2), 유의 사항(1)], 구체적 조치 언급 없음",resolved,text,416,447,30;48
반도체재료,LM1903060419_23v3_반도체용_이온_주입_공정_가스_제조,31,2,형식적 언급,아니오,"안전 19건 [안전(9), 위험(4), 주의(2), 누출(2), MSDS(1)], 조치 2건 [예방(1), 환기(1)]",resolved,text,732,738,31;32
반도체재료,LM1903060419_23v3_반도체용_이온_주입_공정_가스_제조,32,3,구체적 대책,아니오,"안전 14건 [안전(11), 폭발(2), 누출(1)], 조치 5건 [환기(3), 차단(1), 안전장치(1)]",resolved,text,805,807,32;33
반도체재료,LM1903060419_23v3_반도체용_이온_주입_공정_가스_제조,33,1,미흡·없음,아니오,"안전 5건 [위험(2), 주의(2), 사고(1)], 조치 2건 [방지(1), 차단(1)]",resolved,text,927,929,33
반도체재료,LM1903060419_23v3_반도체용_이온_주입_공정_가스_제조,34,2,형식적 언급,아니오,"안전 10건 [위험(3), 주의(3), 안전(2), 폭발(1), 화재(1)], 조치 2건 [방지(2)]",resolved,text,953,955,34;35
반도체재료,LM1903060419_23v3_반도체용_이온_주입_공정_가스_제조,35,3,구체적 대책,아니오,"안전 36건 [위험(19), 안전(6), 사고(4), 폭발(3), 주의(2)], 조치 5건 [방지(4), 예방(1)]",resolved,text,950,952,35;36
반도체재료,LM1903060419_23v3_반도체용_이온_주입_공정_가스_제조,36,2,형식적 언급,아니오,"안전 22건 [위험(8), 폭발(6), 주의(4), 안전(2), 유해(1)], 구체적 조치 언급 없음",resolved,text,830,832,36;37
반도체재료,LM1903060419_23v3_반도체용_이온_주입_공정_가스_제조,37,3,구체적 대책,아니오,"안전 14건 [위험(5), 누출(2), 화재(2), 인화(2), 폭발(1)], 조치 6건 [환기(4), 방지(1), 예방(1)]",resolved,text,814,814,37;38
반도체재료,LM1903060419_23v3_반도체용_이온_주입_공정_가스_제조,38,3,구체적 대책,아니오,"안전 15건 [위험(6), 누출(3), 유해(2), 안전(1), 주의(1)], 조치 7건 [방지(2), 환기(2), 차단(2), 소화기(1)]",resolved,text,753,755,38;39
반도체재료,LM1903060419_23v3_반도체용_이온_주입_공정_가스_제조,39,2,형식적 언급,아니오,"안전 18건 [위험(5), 주의(3), 안전(2), 누출(2), 폭발(2)], 조치 1건 [방지(1)]",resolved,text,833,835,39;40
반도체재료,LM1903060419_23v3_반도체용_이온_주입_공정_가스_제조,40,2,형식적 언급,아니오,"안전 6건 [주의(2), 안전(1), 위험(1), 화재(1), 분진(1)], 조치 1건 [착용(1)]",resolved,text,556,545,40;41
반도체재료,LM1903060419_23v3_반도체용_이온_주입_공정_가스_제조,41,2,형식적 언급,아니오,"안전 6건 [안전(4), 주의(2)], 구체적 조치 언급 없음",resolved,text,412,418,42
반도체재료,LM1903060419_23v3_반도체용_이온_주입_공정_가스_제조,42,1,미흡·없음,아니오,"안전 1건 [안전(1)], 구체적 조치 언급 없음",resolved,text,460,421,43
반도체재료,LM1903060419_23v3_반도체용_이온_주입_공정_가스_제조,43,1,미흡·없음,아니오,"안전 5건 [안전(3), 주의(2)], 구체적 조치 언급 없음",resolved,text,413,394,43
반도체재료,LM1903060419_23v3_반도체용_이온_주입_공정_가스_제조,44,2,형식적 언급,아니오,"안전 6건 [안전(3), 주의(2), 유해(1)], 구체적 조치 언급 없음",resolved,text,349,360,44;45
반도체재료,LM1903060419_23v3_반도체용_이온_주입_공정_가스_제조,47,1,미흡·없음,아니오,"안전 5건 [폭발(3), 위험(1), 주의(1)], 구체적 조치 언급 없음",resolved,text,1199,991,47
반도체재료,LM1903060419_23v3_반도체용_이온_주입_공정_가스_제조,48,2,형식적 언급,아니오,"안전 13건 [누출(3), 폭발(3), 안전(2), 위험(1), 주의(1)], 구체적 조치 언급 없음",resolved,text,639,586,48;63
반도체재료,LM1903060419_23v3_반도체용_이온_주입_공정_가스_제조,49,2,형식적 언급,아니오,"안전 11건 [안전(4), 주의(4), 유의 사항(1), 보건(1), 인화(1)], 구체적 조치 언급 없음",resolved,text,685,676,21;49;50
반도체재료,LM1903060419_23v3_반도체용_이온_주입_공정_가스_제조,50,1,미흡·없음,아니오,"안전 0건 [], 구체적 조치 언급 없음",resolved,text-fallback,592,577,50
반도체재료,LM1903060419_23v3_반도체용_이온_주입_공정_가스_제조,52,1,미흡·없음,아니오,"안전 1건 [안전(1)], 조치 3건 [차단(2), 예방(1)]",resolved,text,924,926,52
반도체재료,LM1903060419_23v3_반도체용_이온_주입_공정_가스_제조,53,1,미흡·없음,아니오,"안전 1건 [안전(1)], 조치 3건 [예방(2), 차단(1)]",resolved,text,658,660,54
반도체재료,LM1903060419_23v3_반도체용_이온_주입_공정_가스_제조,55,1,미흡·없음,아니오,"안전 3건 [주의(2), 진동(1)], 구체적 조치 언급 없음",resolved,text,963,965,56
반도체재료,LM1903060419_23v3_반도체용_이온_주입_공정_가스_제조,57,2,형식적 언급,아니오,"안전 8건 [폭발(4), 유해(2), 주의(1), 질식(1)], 구체적 조치 언급 없음",resolved,text,617,530,57
반도체재료,LM1903060419_23v3_반도체용_이온_주입_공정_가스_제조,60,1,미흡·없음,아니오,"안전 4건 [폭발(3), 주의(1)], 구체적 조치 언급 없음",resolved,text,816,818,60
반도체재료,LM1903060419_23v3_반도체용_이온_주입_공정_가스_제조,61,1,미흡·없음,아니오,"안전 3건 [위험(2), 폭발(1)], 구체적 조치 언급 없음",resolved,text,647,649,61;62
반도체재료,LM1903060419_23v3_반도체용_이온_주입_공정_가스_제조,62,1,미흡·없음,아니오,"안전 3건 [안전(1), MSDS(1), 보건(1)], 구체적 조치 언급 없음",resolved,text,440,427,79
반도체재료,LM1903060419_23v3_반도체용_이온_주입_공정_가스_제조,63,2,형식적 언급,아니오,"안전 9건 [안전(4), 주의(2), 유의 사항(1), 보건(1), 인화(1)], 구체적 조치 언급 없음",resolved,text,510,506,49;64
반도체재료,LM1903060419_23v3_반도체용_이온_주입_공정_가스_제조,64,2,형식적 언급,아니오,"안전 11건 [유해(4), 안전(2), 주의(2), 폭발(1), 보호구(1)], 구체적 조치 언급 없음",resolved,text,785,829,64;65
반도체재료,LM1903060419_23v3_반도체용_이온_주입_공정_가스_제조,65,2,형식적 언급,아니오,"안전 13건 [위험(5), 화재(4), 누출(3), 폭발(1)], 조치 4건 [방지(2), 차단(2)]",resolved,text,985,915,65;66;110
반도체재료,LM1903060419_23v3_반도체용_이온_주입_공정_가스_제조,66,2,형식적 언급,아니오,"안전 14건 [폭발(9), 위험(3), 안전(1), 주의(1)], 구체적 조치 언급 없음",resolved,text,951,935,66;67
반도체재료,LM1903060419_23v3_반도체용_이온_주입_공정_가스_제조,67,2,형식적 언급,아니오,"안전 14건 [위험(6), 안전(5), 누출(1), 화재(1), 부상(1)], 조치 2건 [예방(1), 환기(1)]",resolved,text,860,862,67;68
반도체재료,LM1903060419_23v3_반도체용_이온_주입_공정_가스_제조,68,2,형식적 언급,아니오,"안전 10건 [안전(3), 위험(3), 주의(2), 폭발(2)], 조치 2건 [환기(2)]",resolved,text,685,687,68;69
반도체재료,LM1903060419_23v3_반도체용_이온_주입_공정_가스_제조,69,3,구체적 대책,아니오,"안전 7건 [안전(5), 누출(2)], 조치 10건 [방지(2), 착용(2), 안전화(2), 보호복(2), 환기(1)]",resolved,text,625,617,69;70
반도체재료,LM1903060419_23v3_반도체용_이온_주입_공정_가스_제조,70,1,미흡·없음,아니오,"안전 2건 [안전(1), 위험(1)], 구체적 조치 언급 없음",resolved,text,120,119,71
반도체재료,LM1903060419_23v3_반도체용_이온_주입_공정_가스_제조,71,2,형식적 언급,아니오,"안전 8건 [주의(4), 안전(2), 유해(2)], 구체적 조치 언급 없음",resolved,text,462,468,72
반도체재료,LM1903060419_23v3_반도체용_이온_주입_공정_가스_제조,73,2,형식적 언급,아니오,"안전 7건 [주의(3), 안전(2), 유해(2)], 구체적 조치 언급 없음",resolved,text,411,395,73
반도체재료,LM1903060419_23v3_반도체용_이온_주입_공정_가스_제조,74,1,미흡·없음,아니오,"안전 2건 [안전(1), 보호구(1)], 구체적 조치 언급 없음",resolved,text,355,360,74
반도체재료,LM1903060419_23v3_반도체용_이온_주입_공정_가스_제조,75,1,미흡·없음,아니오,"안전 1건 [위험(1)], 구체적 조치 언급 없음",resolved,text,720,722,75
반도체재료,LM1903060419_23v3_반도체용_이온_주입_공정_가스_제조,76,1,미흡·없음,아니오,"안전 1건 [먼지(1)], 조치 1건 [환기(1)]",resolved,text,1005,1086,76
반도체재료,LM1903060419_23v3_반도체용_이온_주입_공정_가스_제조,79,2,형식적 언급,아니오,"안전 11건 [안전(4), 주의(2), 보건(2), 유의 사항(1), MSDS(1)], 구체적 조치 언급 없음",resolved,text,445,441,49;80;94
반도체재료,LM1903060419_23v3_반도체용_이온_주입_공정_가스_제조,80,1,미흡·없음,아니오,"안전 3건 [안전(2), 유해(1)], 조치 1건 [환기(1)]",resolved,text,972,950,80
반도체재료,LM1903060419_23v3_반도체용_이온_주입_공정_가스_제조,82,1,미흡·없음,아니오,"안전 4건 [안전(2), 위험(1), 보건(1)], 구체적 조치 언급 없음",resolved,text,551,517,85;86
반도체재료,LM1903060419_23v3_반도체용_이온_주입_공정_가스_제조,83,1,미흡·없음,아니오,"안전 3건 [위험(1), 주의(1), 사고(1)], 조치 1건 [환기(1)]",resolved,text,433,417,86
반도체재료,LM1903060419_23v3_반도체용_이온_주입_공정_가스_제조,86,1,미흡·없음,아니오,"안전 5건 [안전(2), 누출(2), 보호구(1)], 조치 3건 [환기(1), 대처(1), 소화기(1)]",resolved,text,853,818,86;87
반도체재료,LM1903060419_23v3_반도체용_이온_주입_공정_가스_제조,87,1,미흡·없음,아니오,"안전 1건 [안전(1)], 구체적 조치 언급 없음",resolved,text,709,753,87
반도체재료,LM1903060419_23v3_반도체용_이온_주입_공정_가스_제조,88,2,형식적 언급,아니오,"안전 7건 [안전(3), 주의(2), 유해(2)], 구체적 조치 언급 없음",resolved,text,197,157,88;89
반도체재료,LM1903060419_23v3_반도체용_이온_주입_공정_가스_제조,89,2,형식적 언급,아니오,"안전 21건 [누출(9), 안전(8), 사고(2), 주의(1), 유해(1)], 조치 1건 [방지(1)]",resolved,text,501,503,89;90
반도체재료,LM1903060419_23v3_반도체용_이온_주입_공정_가스_제조,90,3,구체적 대책,아니오,"안전 20건 [안전(8), 보건(5), 누출(2), 위험(1), 주의(1)], 조치 5건 [방지(2), 응급조치(2), 차단(1)]",resolved,text,595,549,90;91
반도체재료,LM1903060419_23v3_반도체용_이온_주입_공정_가스_제조,91,2,형식적 언급,아니오,"안전 16건 [안전(5), 보건(3), 유해(2), 폭발(2), 위험(1)], 조치 1건 [대처(1)]",resolved,text,206,248,91;92
반도체재료,LM1903060419_23v3_반도체용_이온_주입_공정_가스_제조,92,2,형식적 언급,아니오,"안전 23건 [위험(7), 안전(5), 유해(5), 누출(3), 유의 사항(1)], 조치 4건 [예방(2), 착용(1), 응급조치(1)]",resolved,text,615,558,92;93
반도체재료,LM1903060419_23v3_반도체용_이온_주입_공정_가스_제조,93,1,미흡·없음,아니오,"안전 4건 [안전(4)], 구체적 조치 언급 없음",resolved,text,160,193,93
반도체재료,LM1903060419_23v3_반도체용_이온_주입_공정_가스_제조,94,2,형식적 언급,아니오,"안전 11건 [안전(4), 주의(2), 보건(2), 유의 사항(1), MSDS(1)], 구체적 조치 언급 없음",resolved,text,445,443,63;64;80;95
반도체재료,LM1903060419_23v3_반도체용_이온_주입_공정_가스_제조,95,1,미흡·없음,아니오,"안전 4건 [사고(2), 안전(1), 누출(1)], 구체적 조치 언급 없음",resolved,text,786,790,95
반도체재료,LM1903060419_23v3_반도체용_이온_주입_공정_가스_제조,96,2,형식적 언급,아니오,"안전 10건 [누출(4), 안전(3), 사고(3)], 조치 4건 [방지(1), 예방(1), 차단(1), 응급조치(1)]",resolved,text,790,792,97
반도체재료,LM1903060419_23v3_반도체용_이온_주입_공정_가스_제조,97,2,형식적 언급,아니오,"안전 18건 [안전(9), 사고(3), 위험(2), 주의(2), 유해(1)], 조치 1건 [대처(1)]",resolved,text,803,805,97;98
반도체재료,LM1903060419_23v3_반도체용_이온_주입_공정_가스_제조,98,3,구체적 대책,아니오,"안전 15건 [안전(4), 위험(4), 주의(3), 폭발(2), 먼지(1)], 조치 6건 [방지(4), 환기(2)]",resolved,text,964,966,98;99
반도체재료,LM1903060419_23v3_반도체용_이온_주입_공정_가스_제조,99,2,형식적 언급,아니오,"안전 11건 [안전(5), 주의(3), 위험(1), 유의 사항(1), 보건(1)], 조치 3건 [방지(3)]",resolved,text,958,927,99;100
반도체재료,LM1903060419_23v3_반도체용_이온_주입_공정_가스_제조,100,2,형식적 언급,아니오,"안전 16건 [안전(4), 위험(4), 누출(3), 화재(2), 주의(1)], 조치 1건 [대피(1)]",resolved,text,751,753,101
반도체재료,LM1903060419_23v3_반도체용_이온_주입_공정_가스_제조,101,2,형식적 언급,아니오,"안전 11건 [안전(4), 위험(3), 누출(2), 사고(1), 보건(1)], 조치 1건 [차단(1)]",resolved,text,697,697,101;102
반도체재료,LM1903060419_23v3_반도체용_이온_주입_공정_가스_제조,102,2,형식적 언급,아니오,"안전 12건 [안전(3), 사망(3), 사고(2), 위험(1), 보건(1)], 조치 1건 [착용(1)]",resolved,text,637,617,102;103
반도체재료,LM1903060419_23v3_반도체용_이온_주입_공정_가스_제조,103,3,구체적 대책,아니오,"안전 19건 [누출(4), 안전(3), 사고(3), 폭발(2), 화재(2)], 조치 5건 [대피(3), 차단(1), 보호복(1)]",resolved,text,709,694,103;104
반도체재료,LM1903060419_23v3_반도체용_이온_주입_공정_가스_제조,104,2,형식적 언급,아니오,"안전 8건 [안전(2), 누출(2), 보건(1), 폭발(1), 화재(1)], 구체적 조치 언급 없음",resolved,text,297,262,104;105
반도체재료,LM1903060419_23v3_반도체용_이온_주입_공정_가스_제조,105,2,형식적 언급,아니오,"안전 17건 [안전(8), 유해(3), 누출(2), 보건(2), 유의 사항(1)], 구체적 조치 언급 없음",resolved,text,519,523,105;106
반도체재료,LM1903060419_23v3_반도체용_이온_주입_공정_가스_제조,106,1,미흡·없음,아니오,"안전 4건 [안전(2), 누출(1), 보건(1)], 구체적 조치 언급 없음",resolved,text,447,405,107
반도체재료,LM1903060419_23v3_반도체용_이온_주입_공정_가스_제조,107,2,형식적 언급,아니오,"안전 8건 [안전(5), 누출(2), 유의 사항(1)], 구체적 조치 언급 없음",resolved,text,525,497,107
반도체재료,LM1903060419_23v3_반도체용_이온_주입_공정_가스_제조,109,2,형식적 언급,아니오,"안전 25건 [안전(13), 보건(7), 위험(1), 유해(1), 누출(1)], 구체적 조치 언급 없음",resolved,text,661,518,108;109;110
반도체재료,LM1903060419_23v3_반도체용_이온_주입_공정_가스_제조,110,2,형식적 언급,아니오,"안전 12건 [안전(7), 보건(3), 위험(1), 누출(1)], 구체적 조치 언급 없음",resolved,label,0,108,110
반도체재료,LM1903060419_23v3_반도체용_이온_주입_공정_가스_제조,111,1,미흡·없음,아니오,"안전 1건 [안전(1)], 구체적 조치 언급 없음",resolved,text,382,370,111
반도체재료,LM1903060420_23v3_반도체용_박막_공정_전구체_제조,18,1,미흡·없음,아니오,"안전 1건 [안전(1)], 구체적 조치 언급 없음",resolved,text,667,665,19
반도체재료,LM1903060420_23v3_반도체용_박막_공정_전구체_제조,19,2,형식적 언급,아니오,"안전 9건 [안전(6), 위험(3)], 구체적 조치 언급 없음",resolved,text,711,715,19;20
반도체재료,LM1903060420_23v3_반도체용_박막_공정_전구체_제조,20,1,미흡·없음,아니오,"안전 2건 [안전(2)], 구체적 조치 언급 없음",resolved,text,763,764,20
반도체재료,LM1903060420_23v3_반도체용_박막_공정_전구체_제조,21,1,미흡·없음,아니오,"안전 1건 [MSDS(1)], 구체적 조치 언급 없음",resolved,text,557,572,22
반도체재료,LM1903060420_23v3_반도체용_박막_공정_전구체_제조,22,1,미흡·없음,아니오,"안전 4건 [안전(3), 유의 사항(1)], 조치 1건 [대처(1)]",resolved,text,594,597,22;23
반도체재료,LM1903060420_23v3_반도체용_박막_공정_전구체_제조,23,1,미흡·없음,아니오,"안전 2건 [안전(2)], 구체적 조치 언급 없음",resolved,text,408,419,23;24
반도체재료,LM1903060420_23v3_반도체용_박막_공정_전구체_제조,24,2,형식적 언급,아니오,"안전 12건 [안전(8), 누출(3), 화재(1)], 조치 4건 [대처(2), 착용(1), 소화기(1)]",resolved,text,566,559,24
반도체재료,LM1903060420_23v3_반도체용_박막_공정_전구체_제조,26,1,미흡·없음,아니오,"안전 5건 [안전(3), 주의(2)], 조치 1건 [착용(1)]",resolved,text,455,457,26;27
반도체재료,LM1903060420_23v3_반도체용_박막_공정_전구체_제조,27,1,미흡·없음,아니오,"안전 4건 [안전(3), 위험(1)], 구체적 조치 언급 없음",resolved,text,998,987,28
반도체재료,LM1903060420_23v3_반도체용_박막_공정_전구체_제조,28,1,미흡·없음,아니오,"안전 5건 [안전(2), 위험(1), 폭발(1), 화재(1)], 구체적 조치 언급 없음",resolved,text,546,561,29
반도체재료,LM1903060420_23v3_반도체용_박막_공정_전구체_제조,30,2,형식적 언급,아니오,"안전 8건 [안전(3), 주의(2), 위험(1), 폭발(1), 화재(1)], 구체적 조치 언급 없음",resolved,text,766,768,30
반도체재료,LM1903060420_23v3_반도체용_박막_공정_전구체_제조,31,1,미흡·없음,아니오,"안전 4건 [안전(3), 유해(1)], 조치 1건 [차단(1)]",resolved,text,673,675,32
반도체재료,LM1903060420_23v3_반도체용_박막_공정_전구체_제조,32,1,미흡·없음,아니오,"안전 1건 [안전(1)], 구체적 조치 언급 없음",resolved,text,773,775,32
반도체재료,LM1903060420_23v3_반도체용_박막_공정_전구체_제조,33,1,미흡·없음,아니오,"안전 1건 [인화(1)], 조치 3건 [방지(2), 차단(1)]",resolved,text,777,779,34
반도체재료,LM1903060420_23v3_반도체용_박막_공정_전구체_제조,35,2,형식적 언급,아니오,"안전 18건 [안전(12), 위험(4), 폭발(1), 화재(1)], 조치 4건 [방지(1), 착용(1), 마스크(1), 응급조치(1)]",resolved,text,885,885,35;36
반도체재료,LM1903060420_23v3_반도체용_박막_공정_전구체_제조,36,2,형식적 언급,아니오,"안전 8건 [사고(3), 누출(2), 안전(1), 위험(1), 화재(1)], 조치 4건 [방지(2), 환기(1), 응급조치(1)]",resolved,text,722,721,36;37
반도체재료,LM1903060420_23v3_반도체용_박막_공정_전구체_제조,37,2,형식적 언급,아니오,"안전 13건 [안전(8), 위험(5)], 구체적 조치 언급 없음",resolved,text,956,961,37;38
반도체재료,LM1903060420_23v3_반도체용_박막_공정_전구체_제조,38,2,형식적 언급,아니오,"안전 6건 [위험(3), 안전(2), 먼지(1)], 구체적 조치 언급 없음",resolved,text,892,894,38;39
반도체재료,LM1903060420_23v3_반도체용_박막_공정_전구체_제조,41,1,미흡·없음,아니오,"안전 3건 [안전(2), 주의(1)], 조치 1건 [착용(1)]",resolved,text,692,627,41
반도체재료,LM1903060420_23v3_반도체용_박막_공정_전구체_제조,44,1,미흡·없음,아니오,"안전 2건 [안전(1), 위험(1)], 조치 1건 [환기(1)]",resolved,text,720,719,44;45
반도체재료,LM1903060420_23v3_반도체용_박막_공정_전구체_제조,45,2,형식적 언급,아니오,"안전 11건 [유해(6), 안전(4), 위험(1)], 조치 1건 [방지(1)]",resolved,text,609,614,45;46
반도체재료,LM1903060420_23v3_반도체용_박막_공정_전구체_제조,47,2,형식적 언급,아니오,"안전 7건 [안전(3), 유해(2), 위험(1), 주의(1)], 구체적 조치 언급 없음",resolved,text,609,609,48
반도체재료,LM1903060420_23v3_반도체용_박막_공정_전구체_제조,48,2,형식적 언급,아니오,"안전 18건 [누출(8), 안전(6), 위험(2), 사고(1), 유해(1)], 조치 2건 [예방(2)]",resolved,text,648,645,48;49
반도체재료,LM1903060420_23v3_반도체용_박막_공정_전구체_제조,49,1,미흡·없음,아니오,"안전 5건 [안전(5)], 조치 2건 [대처(2)]",resolved,text,376,370,49;50
반도체재료,LM1903060420_23v3_반도체용_박막_공정_전구체_제조,55,1,미흡·없음,아니오,"안전 1건 [안전(1)], 구체적 조치 언급 없음",resolved,text,488,481,56
반도체재료,LM1903060420_23v3_반도체용_박막_공정_전구체_제조,56,1,미흡·없음,아니오,"안전 5건 [안전(3), 주의(2)], 구체적 조치 언급 없음",resolved,text,545,556,57
반도체재료,LM1903060420_23v3_반도체용_박막_공정_전구체_제조,57,1,미흡·없음,아니오,"안전 1건 [안전(1)], 조치 3건 [방지(3)]",resolved,text,699,701,57
반도체재료,LM1903060420_23v3_반도체용_박막_공정_전구체_제조,60,2,형식적 언급,아니오,"안전 7건 [MSDS(4), 안전(2), 보건(1)], 조치 1건 [대처(1)]",resolved,text,674,676,61
반도체재료,LM1903060420_23v3_반도체용_박막_공정_전구체_제조,61,3,구체적 대책,아니오,"안전 7건 [안전(3), 위험(2), 유해(1), MSDS(1)], 조치 5건 [응급조치(5)]",resolved,text,466,463,61;62
반도체재료,LM1903060420_23v3_반도체용_박막_공정_전구체_제조,62,1,미흡·없음,아니오,"안전 4건 [안전(1), 위험(1), 유해(1), MSDS(1)], 조치 3건 [예방(1), 환기(1), 응급조치(1)]",resolved,text,427,434,63
반도체재료,LM1903060420_23v3_반도체용_박막_공정_전구체_제조,63,2,형식적 언급,아니오,"안전 7건 [안전(2), 위험(2), MSDS(2), 유의 사항(1)], 조치 3건 [착용(1), 마스크(1), 보호복(1)]",resolved,text,483,517,63;64
반도체재료,LM1903060420_23v3_반도체용_박막_공정_전구체_제조,64,2,형식적 언급,아니오,"안전 11건 [안전(3), 유해(3), 주의(2), 누출(1), 폭발(1)], 조치 3건 [방지(2), 환기(1)]",resolved,text,740,763,64;65
반도체재료,LM1903060420_23v3_반도체용_박막_공정_전구체_제조,66,1,미흡·없음,아니오,"안전 4건 [안전(3), 위험(1)], 조치 5건 [방지(1), 착용(1), 차단(1), 응급조치(1), 격리(1)]",resolved,text,673,683,66;67
반도체재료,LM1903060420_23v3_반도체용_박막_공정_전구체_제조,67,1,미흡·없음,아니오,"안전 4건 [안전(4)], 구체적 조치 언급 없음",resolved,text,658,660,67;68
반도체재료,LM1903060420_23v3_반도체용_박막_공정_전구체_제조,68,2,형식적 언급,아니오,"안전 9건 [안전(7), 위험(1), 화재(1)], 조치 2건 [방지(1), 환기(1)]",resolved,text,663,652,68;69
반도체재료,LM1903060420_23v3_반도체용_박막_공정_전구체_제조,69,1,미흡·없음,아니오,"안전 1건 [안전(1)], 구체적 조치 언급 없음",resolved,text,674,689,69
반도체재료,LM1903060420_23v3_반도체용_박막_공정_전구체_제조,71,2,형식적 언급,아니오,"안전 9건 [안전(6), 유해(1), 폭발(1), 인화(1)], 조치 3건 [방지(1), 착용(1), 차단(1)]",resolved,text,610,610,71;72
반도체재료,LM1903060420_23v3_반도체용_박막_공정_전구체_제조,72,1,미흡·없음,아니오,"안전 2건 [안전(2)], 조치 1건 [격리(1)]",resolved,text,710,704,72;73
반도체재료,LM1903060420_23v3_반도체용_박막_공정_전구체_제조,73,1,미흡·없음,아니오,"안전 5건 [안전(3), 위험(1), 유해(1)], 조치 1건 [예방(1)]",resolved,text,721,711,73
반도체재료,LM1903060420_23v3_반도체용_박막_공정_전구체_제조,75,2,형식적 언급,아니오,"안전 6건 [안전(4), 위험(1), 유해(1)], 조치 2건 [방지(1), 예방(1)]",resolved,text,785,786,75;76
반도체재료,LM1903060420_23v3_반도체용_박막_공정_전구체_제조,77,1,미흡·없음,아니오,"안전 4건 [안전(3), 위험(1)], 구체적 조치 언급 없음",resolved,text,848,848,78
반도체재료,LM1903060420_23v3_반도체용_박막_공정_전구체_제조,78,1,미흡·없음,아니오,"안전 1건 [안전(1)], 구체적 조치 언급 없음",resolved,text,795,787,78
반도체재료,LM1903060420_23v3_반도체용_박막_공정_전구체_제조,84,1,미흡·없음,아니오,"안전 5건 [안전(4), 폭발(1)], 구체적 조치 언급 없음",resolved,text,767,769,85
반도체재료,LM1903060420_23v3_반도체용_박막_공정_전구체_제조,85,1,미흡·없음,아니오,"안전 1건 [먼지(1)], 구체적 조치 언급 없음",resolved,text,722,724,86
반도체재료,LM1903060420_23v3_반도체용_박막_공정_전구체_제조,86,2,형식적 언급,아니오,"안전 10건 [안전(8), 진동(1), 소음(1)], 조치 2건 [안전장치(2)]",resolved,text,759,761,86;87
반도체재료,LM1903060420_23v3_반도체용_박막_공정_전구체_제조,87,1,미흡·없음,아니오,"안전 1건 [안전(1)], 조치 2건 [예방(2)]",resolved,text,860,862,87
반도체재료,LM1903060420_23v3_반도체용_박막_공정_전구체_제조,88,1,미흡·없음,아니오,"안전 4건 [안전(4)], 구체적 조치 언급 없음",resolved,text,860,862,88
반도체재료,LM1903060420_23v3_반도체용_박막_공정_전구체_제조,94,1,미흡·없음,아니오,"안전 2건 [안전(2)], 구체적 조치 언급 없음",resolved,text,678,678,95
반도체재료,LM1903060420_23v3_반도체용_박막_공정_전구체_제조,95,1,미흡·없음,아니오,"안전 1건 [안전(1)], 구체적 조치 언급 없음",resolved,text,585,574,96
반도체재료,LM1903060420_23v3_반도체용_박막_공정_전구체_제조,96,1,미흡·없음,아니오,"안전 3건 [안전(3)], 조치 2건 [착용(1), 환기(1)]",resolved,text,650,662,96
반도체재료,LM1903060420_23v3_반도체용_박막_공정_전구체_제조,99,3,구체적 대책,아니오,"안전 10건 [안전(4), 보호구(2), 위험(1), 사고(1), 유해(1)], 조치 9건 [착용(6), 방지(1), 예방(1), 환기(1)]",resolved,text,788,782,99;100
반도체재료,LM1903060420_23v3_반도체용_박막_공정_전구체_제조,100,3,구체적 대책,아니오,"안전 15건 [안전(4), MSDS(4), 위험(2), 보건(2), 주의(1)], 조치 12건 [대피(5), 응급조치(3), 환기(2), 소화기(2)]",resolved,text,659,656,100
반도체재료,LM1903060420_23v3_반도체용_박막_공정_전구체_제조,101,2,형식적 언급,아니오,"안전 8건 [안전(6), 사고(1), MSDS(1)], 조치 3건 [예방(1), 착용(1), 응급조치(1)]",resolved,text,445,487,101;102
반도체재료,LM1903060420_23v3_반도체용_박막_공정_전구체_제조,102,2,형식적 언급,아니오,"안전 10건 [안전(4), 위험(1), 유의 사항(1), 유해(1), 누출(1)], 조치 2건 [방지(1), 소화기(1)]",resolved,text,660,682,102
반도체재료,LM1903060420_23v3_반도체용_박막_공정_전구체_제조,103,1,미흡·없음,아니오,"안전 3건 [위험(3)], 구체적 조치 언급 없음",resolved,text,944,946,104
반도체재료,LM1903060420_23v3_반도체용_박막_공정_전구체_제조,105,1,미흡·없음,아니오,"안전 5건 [위험(3), 안전(1), 유해(1)], 구체적 조치 언급 없음",resolved,text,886,888,105;106
반도체재료,LM1903060420_23v3_반도체용_박막_공정_전구체_제조,106,2,형식적 언급,아니오,"안전 6건 [안전(3), 위험(2), 진동(1)], 조치 3건 [방지(1), 대처(1), 대피(1)]",resolved,text,807,809,107
반도체재료,LM1903060420_23v3_반도체용_박막_공정_전구체_제조,107,1,미흡·없음,아니오,"안전 4건 [안전(4)], 조치 1건 [대처(1)]",resolved,text,625,611,107;108
반도체재료,LM1903060420_23v3_반도체용_박막_공정_전구체_제조,108,1,미흡·없음,아니오,"안전 2건 [안전(2)], 구체적 조치 언급 없음",resolved,text,521,539,108
반도체재료,LM1903060420_23v3_반도체용_박막_공정_전구체_제조,109,2,형식적 언급,아니오,"안전 6건 [안전(6)], 조치 3건 [착용(2), 환기(1)]",resolved,text,596,567,109;110
반도체재료,LM1903060420_23v3_반도체용_박막_공정_전구체_제조,110,1,미흡·없음,아니오,"안전 1건 [안전(1)], 구체적 조치 언급 없음",resolved,text,323,454,111
반도체재료,LM1903060420_23v3_반도체용_박막_공정_전구체_제조,111,2,형식적 언급,아니오,"안전 6건 [안전(5), 유해(1)], 조치 4건 [착용(2), 마스크(1), 격리(1)]",resolved,text,509,554,112
반도체재료,LM1903060420_23v3_반도체용_박막_공정_전구체_제조,112,1,미흡·없음,아니오,"안전 3건 [안전(3)], 조치 1건 [차단(1)]",resolved,text,578,597,112;113
반도체재료,LM1903060420_23v3_반도체용_박막_공정_전구체_제조,113,3,구체적 대책,아니오,"안전 6건 [안전(4), 위험(1), 주의(1)], 조치 5건 [착용(3), 환기(1), 마스크(1)]",resolved,text,625,628,113;114;115
반도체재료,LM1903060420_23v3_반도체용_박막_공정_전구체_제조,114,1,미흡·없음,아니오,"안전 5건 [안전(5)], 구체적 조치 언급 없음",resolved,text,631,634,114;115
반도체재료,LM1903060420_23v3_반도체용_박막_공정_전구체_제조,115,1,미흡·없음,아니오,"안전 2건 [안전(2)], 조치 3건 [착용(2), 환기(1)]",resolved,text,607,610,116
반도체재료,LM1903060420_23v3_반도체용_박막_공정_전구체_제조,117,1,미흡·없음,아니오,"안전 2건 [안전(2)], 조치 1건 [방지(1)]",resolved,text,1073,884,118
반도체재료,LM1903060420_23v3_반도체용_박막_공정_전구체_제조,118,1,미흡·없음,아니오,"안전 5건 [안전(4), 위험(1)], 구체적 조치 언급 없음",resolved,text,679,697,118;119
반도체재료,LM1903060420_23v3_반도체용_박막_공정_전구체_제조,119,1,미흡·없음,아니오,"안전 2건 [안전(2)], 조치 3건 [환기(2), 착용(1)]",resolved,text,597,585,119
반도체재료,LM1903060420_23v3_반도체용_박막_공정_전구체_제조,120,1,미흡·없음,아니오,"안전 1건 [안전(1)], 구체적 조치 언급 없음",resolved,text,630,648,121
반도체재료,LM1903060420_23v3_반도체용_박막_공정_전구체_제조,122,1,미흡·없음,아니오,"안전 1건 [안전(1)], 구체적 조치 언급 없음",resolved,text,570,560,122
반도체재료,LM1903060420_23v3_반도체용_박막_공정_전구체_제조,126,1,미흡·없음,아니오,"안전 3건 [안전(1), MSDS(1), 보건(1)], 구체적 조치 언급 없음",resolved,text,371,363,126
반도체재료,LM1903060420_23v3_반도체용_박막_공정_전구체_제조,127,1,미흡·없음,아니오,"안전 1건 [안전(1)], 구체적 조치 언급 없음",resolved,text,381,369,127
반도체재료,LM1903060421_23v3_반도체용_포토_공정_재료_제조,10,1,미흡·없음,아니오,"안전 4건 [안전(3), 유의 사항(1)], 조치 4건 [안전관리(2), 마스크(2)]",resolved,text,2143,363,60
반도체재료,LM1903060421_23v3_반도체용_포토_공정_재료_제조,23,1,미흡·없음,아니오,"안전 1건 [MSDS(1)], 구체적 조치 언급 없음",resolved,text,284,341,60
반도체재료,LM1903060421_23v3_반도체용_포토_공정_재료_제조,24,2,형식적 언급,아니오,"안전 6건 [안전(4), 주의(1), 유의 사항(1)], 조치 2건 [안전화(1), 안전모(1)]",resolved,text,590,591,60
반도체재료,LM1903060421_23v3_반도체용_포토_공정_재료_제조,38,1,미흡·없음,아니오,"안전 2건 [인화(2)], 조치 1건 [마스크(1)]",resolved,text,660,644,60
반도체재료,LM1903060421_23v3_반도체용_포토_공정_재료_제조,47,1,미흡·없음,아니오,"안전 1건 [MSDS(1)], 구체적 조치 언급 없음",resolved,text,369,374,60
반도체재료,LM1903060421_23v3_반도체용_포토_공정_재료_제조,48,1,미흡·없음,아니오,"안전 5건 [안전(4), 유의 사항(1)], 조치 1건 [안전화(1)]",resolved,text,479,504,60
반도체재료,LM1903060421_23v3_반도체용_포토_공정_재료_제조,67,2,형식적 언급,예,"안전 19건 [사고(6), 유해(3), 인화(3), 안전(1), 보건(1)], 조치 1건 [환기(1)]",resolved,text,911,1074,67;68
반도체재료,LM1903060421_23v3_반도체용_포토_공정_재료_제조,68,2,형식적 언급,아니오,"안전 7건 [인화(3), 폭발(2), 위험(1), 유해(1)], 구체적 조치 언급 없음",resolved,text,1272,1113,68;69
반도체재료,LM1903060421_23v3_반도체용_포토_공정_재료_제조,69,2,형식적 언급,아니오,"안전 10건 [인화(8), MSDS(1), 폭발(1)], 조치 1건 [예방(1)]",resolved,text,1066,1068,69;70
반도체재료,LM1903060421_23v3_반도체용_포토_공정_재료_제조,71,1,미흡·없음,아니오,"안전 3건 [폭발(3)], 구체적 조치 언급 없음",resolved,text,1026,1028,71
반도체재료,LM1903060421_23v3_반도체용_포토_공정_재료_제조,72,1,미흡·없음,아니오,"안전 1건 [MSDS(1)], 구체적 조치 언급 없음",resolved,text,403,419,72
반도체재료,LM1903060421_23v3_반도체용_포토_공정_재료_제조,73,2,형식적 언급,아니오,"안전 6건 [안전(4), 주의(1), 유의 사항(1)], 조치 4건 [대처(1), 마스크(1), 안전화(1), 안전모(1)]",resolved,text,684,686,73
반도체재료,LM1903060421_23v3_반도체용_포토_공정_재료_제조,74,1,미흡·없음,아니오,"안전 1건 [MSDS(1)], 구체적 조치 언급 없음",resolved,text,960,980,75
반도체재료,LM1903060421_23v3_반도체용_포토_공정_재료_제조,75,1,미흡·없음,아니오,"안전 3건 [진동(2), MSDS(1)], 구체적 조치 언급 없음",resolved,text,806,787,75;76
반도체재료,LM1903060421_23v3_반도체용_포토_공정_재료_제조,76,2,형식적 언급,아니오,"안전 13건 [인화(12), 폭발(1)], 구체적 조치 언급 없음",resolved,text,1004,1006,76
반도체재료,LM1903060421_23v3_반도체용_포토_공정_재료_제조,77,2,형식적 언급,아니오,"안전 8건 [인화(7), 폭발(1)], 구체적 조치 언급 없음",resolved,text,715,657,76;77
반도체재료,LM1903060421_23v3_반도체용_포토_공정_재료_제조,78,1,미흡·없음,아니오,"안전 4건 [폭발(4)], 구체적 조치 언급 없음",resolved,text,933,1057,78
반도체재료,LM1903060421_23v3_반도체용_포토_공정_재료_제조,82,1,미흡·없음,아니오,"안전 1건 [먼지(1)], 조치 3건 [방지(3)]",resolved,text,807,796,83
반도체재료,LM1903060421_23v3_반도체용_포토_공정_재료_제조,87,2,형식적 언급,아니오,"안전 7건 [안전(2), 유해(2), 주의(1), 사고(1), MSDS(1)], 구체적 조치 언급 없음",resolved,text,993,1006,87;88
반도체재료,LM1903060421_23v3_반도체용_포토_공정_재료_제조,88,1,미흡·없음,아니오,"안전 1건 [안전(1)], 구체적 조치 언급 없음",resolved,text,379,368,88
반도체재료,LM1903060422_23v3_반도체용_트랙_공정_재료_제조,18,1,미흡·없음,아니오,"안전 1건 [먼지(1)], 조치 9건 [마스크(9)]",resolved,text,644,611,18
반도체재료,LM1903060422_23v3_반도체용_트랙_공정_재료_제조,21,1,미흡·없음,아니오,"안전 1건 [MSDS(1)], 구체적 조치 언급 없음",resolved,text,400,485,21
반도체재료,LM1903060422_23v3_반도체용_트랙_공정_재료_제조,22,2,형식적 언급,아니오,"안전 6건 [안전(4), 주의(1), 유의 사항(1)], 조치 2건 [마스크(1), 안전화(1)]",resolved,text,460,481,23
반도체재료,LM1903060422_23v3_반도체용_트랙_공정_재료_제조,25,1,미흡·없음,아니오,"안전 1건 [PSM(1)], 조치 3건 [마스크(3)]",resolved,text,794,716,25
반도체재료,LM1903060422_23v3_반도체용_트랙_공정_재료_제조,43,1,미흡·없음,아니오,"안전 1건 [인화(1)], 조치 4건 [마스크(4)]",resolved,text,324,308,44
반도체재료,LM1903060422_23v3_반도체용_트랙_공정_재료_제조,44,1,미흡·없음,아니오,"안전 1건 [인화(1)], 조치 5건 [마스크(5)]",resolved,text,992,987,44
반도체재료,LM1903060422_23v3_반도체용_트랙_공정_재료_제조,47,2,형식적 언급,아니오,"안전 10건 [안전(5), 유의 사항(4), 보호구(1)], 구체적 조치 언급 없음",resolved,text,644,664,47
반도체재료,LM1903060422_23v3_반도체용_트랙_공정_재료_제조,52,1,미흡·없음,아니오,"안전 1건 [MSDS(1)], 구체적 조치 언급 없음",resolved,text,567,569,52
반도체재료,LM1903060422_23v3_반도체용_트랙_공정_재료_제조,54,1,미흡·없음,아니오,"안전 5건 [안전(1), 위험(1), 주의(1), MSDS(1), 화재(1)], 구체적 조치 언급 없음",resolved,text,534,536,54;55
반도체재료,LM1903060422_23v3_반도체용_트랙_공정_재료_제조,64,1,미흡·없음,아니오,"안전 2건 [안전(2)], 구체적 조치 언급 없음",resolved,text,759,761,64;65
반도체재료,LM1903060422_23v3_반도체용_트랙_공정_재료_제조,65,2,형식적 언급,아니오,"안전 9건 [인화(4), 주의(2), 유해(2), MSDS(1)], 구체적 조치 언급 없음",resolved,text,613,609,65;66
반도체재료,LM1903060422_23v3_반도체용_트랙_공정_재료_제조,66,2,형식적 언급,아니오,"안전 9건 [주의(5), 안전(1), 유해(1), MSDS(1), 폭발(1)], 구체적 조치 언급 없음",resolved,text,836,821,66
반도체재료,LM1903060422_23v3_반도체용_트랙_공정_재료_제조,69,1,미흡·없음,아니오,"안전 3건 [주의(1), 유해(1), 인화(1)], 구체적 조치 언급 없음",resolved,text,710,543,70
반도체재료,LM1903060422_23v3_반도체용_트랙_공정_재료_제조,71,1,미흡·없음,아니오,"안전 1건 [MSDS(1)], 구체적 조치 언급 없음",resolved,text,275,297,71
반도체재료,LM1903060422_23v3_반도체용_트랙_공정_재료_제조,72,2,형식적 언급,아니오,"안전 6건 [안전(4), 주의(1), 유의 사항(1)], 조치 3건 [대처(1), 안전화(1), 안전모(1)]",resolved,text,623,643,72;73
반도체재료,LM1903060422_23v3_반도체용_트랙_공정_재료_제조,73,1,미흡·없음,아니오,"안전 3건 [주의(1), MSDS(1), 먼지(1)], 구체적 조치 언급 없음",resolved,text,708,712,73;74
반도체재료,LM1903060422_23v3_반도체용_트랙_공정_재료_제조,77,2,형식적 언급,아니오,"안전 12건 [사고(7), 인화(3), 유해(1), 폭발(1)], 구체적 조치 언급 없음",resolved,text,1106,1037,78
반도체재료,LM1903060422_23v3_반도체용_트랙_공정_재료_제조,78,2,형식적 언급,예,"안전 11건 [유해(2), 안전(1), 위험(1), 보건(1), 폭발(1)], 조치 1건 [환기(1)]",resolved,text,1030,1032,78
반도체재료,LM1903060422_23v3_반도체용_트랙_공정_재료_제조,79,1,미흡·없음,아니오,"안전 2건 [유해(1), 폭발(1)], 구체적 조치 언급 없음",resolved,text,449,520,79
반도체재료,LM1903060422_23v3_반도체용_트랙_공정_재료_제조,80,1,미흡·없음,아니오,"안전 3건 [인화(2), MSDS(1)], 조치 1건 [예방(1)]",resolved,text,1057,1076,80
반도체재료,LM1903060422_23v3_반도체용_트랙_공정_재료_제조,81,2,형식적 언급,아니오,"안전 9건 [인화(7), 폭발(2)], 구체적 조치 언급 없음",resolved,text,1117,1015,81
반도체재료,LM1903060422_23v3_반도체용_트랙_공정_재료_제조,82,1,미흡·없음,아니오,"안전 3건 [폭발(3)], 구체적 조치 언급 없음",resolved,text,1168,1170,82
반도체재료,LM1903060422_23v3_반도체용_트랙_공정_재료_제조,89,2,형식적 언급,아니오,"안전 7건 [안전(2), 유해(2), 주의(1), 사고(1), MSDS(1)], 구체적 조치 언급 없음",resolved,text,992,1007,90
반도체재료,LM1903060422_23v3_반도체용_트랙_공정_재료_제조,90,1,미흡·없음,아니오,"안전 1건 [안전(1)], 구체적 조치 언급 없음",resolved,text,379,368,90
반도체재료,LM1903060423_23v3_반도체용_SOD_공정_재료_제조,15,1,미흡·없음,아니오,"안전 2건 [안전(1), 위험(1)], 조치 5건 [착용(2), 환기(2), 마스크(1)]",resolved,text,416,411,16
반도체재료,LM1903060423_23v3_반도체용_SOD_공정_재료_제조,16,2,형식적 언급,아니오,"안전 6건 [안전(4), 위험(2)], 구체적 조치 언급 없음",resolved,text,565,572,16
반도체재료,LM1903060423_23v3_반도체용_SOD_공정_재료_제조,23,1,미흡·없음,아니오,"안전 4건 [안전(3), 유의 사항(1)], 조치 1건 [환기(1)]",resolved,text,315,317,23;24;60
반도체재료,LM1903060423_23v3_반도체용_SOD_공정_재료_제조,24,1,미흡·없음,아니오,"안전 3건 [안전(1), 사고(1), MSDS(1)], 조치 3건 [착용(2), 대처(1)]",resolved,text,581,583,24
반도체재료,LM1903060423_23v3_반도체용_SOD_공정_재료_제조,26,2,형식적 언급,아니오,"안전 14건 [안전(7), 누출(2), MSDS(2), 위험(1), 유해(1)], 조치 3건 [방지(1), 착용(1), 환기(1)]",resolved,text,753,755,26;33;36;105
반도체재료,LM1903060423_23v3_반도체용_SOD_공정_재료_제조,27,2,형식적 언급,아니오,"안전 12건 [안전(7), 유해(2), 위험(1), 주의(1), 사고(1)], 조치 3건 [방지(2), 예방(1)]",resolved,text,638,635,26;27
반도체재료,LM1903060423_23v3_반도체용_SOD_공정_재료_제조,28,1,미흡·없음,아니오,"안전 2건 [안전(2)], 구체적 조치 언급 없음",resolved,text,790,792,28
반도체재료,LM1903060423_23v3_반도체용_SOD_공정_재료_제조,32,2,형식적 언급,아니오,"안전 6건 [안전(4), 사고(1), 누출(1)], 구체적 조치 언급 없음",resolved,text,700,697,33;65
반도체재료,LM1903060423_23v3_반도체용_SOD_공정_재료_제조,33,2,형식적 언급,아니오,"안전 6건 [안전(3), 위험(3)], 조치 1건 [방지(1)]",resolved,text,698,703,33;34
반도체재료,LM1903060423_23v3_반도체용_SOD_공정_재료_제조,34,1,미흡·없음,아니오,"안전 1건 [안전(1)], 조치 1건 [방지(1)]",resolved,text,829,831,35
반도체재료,LM1903060423_23v3_반도체용_SOD_공정_재료_제조,35,1,미흡·없음,아니오,"안전 3건 [안전(3)], 구체적 조치 언급 없음",resolved,text,656,658,35;60
반도체재료,LM1903060423_23v3_반도체용_SOD_공정_재료_제조,36,2,형식적 언급,아니오,"안전 8건 [안전(6), 사고(1), 누출(1)], 조치 2건 [착용(1), 대처(1)]",resolved,text,524,526,35;36;63
반도체재료,LM1903060423_23v3_반도체용_SOD_공정_재료_제조,37,1,미흡·없음,아니오,"안전 2건 [안전(2)], 조치 1건 [방지(1)]",resolved,text,740,742,38
반도체재료,LM1903060423_23v3_반도체용_SOD_공정_재료_제조,43,2,형식적 언급,아니오,"안전 9건 [안전(5), 위험(2), 유해(1), 폭발(1)], 조치 3건 [환기(2), 착용(1)]",resolved,text,713,719,43
반도체재료,LM1903060423_23v3_반도체용_SOD_공정_재료_제조,45,2,형식적 언급,아니오,"안전 7건 [안전(3), 위험(2), 누출(2)], 조치 2건 [방지(1), 대처(1)]",resolved,text,680,680,45;46
반도체재료,LM1903060423_23v3_반도체용_SOD_공정_재료_제조,46,1,미흡·없음,아니오,"안전 2건 [안전(2)], 구체적 조치 언급 없음",resolved,text,288,277,46
반도체재료,LM1903060423_23v3_반도체용_SOD_공정_재료_제조,50,2,형식적 언급,아니오,"안전 12건 [안전(4), 보건(3), MSDS(2), 주의(1), 사고(1)], 구체적 조치 언급 없음",resolved,text,765,767,51
반도체재료,LM1903060423_23v3_반도체용_SOD_공정_재료_제조,59,1,미흡·없음,아니오,"안전 4건 [안전(2), 유의 사항(1), MSDS(1)], 구체적 조치 언급 없음",resolved,text,287,287,59
반도체재료,LM1903060423_23v3_반도체용_SOD_공정_재료_제조,60,1,미흡·없음,아니오,"안전 3건 [안전(3)], 구체적 조치 언급 없음",resolved,text,678,680,60
반도체재료,LM1903060423_23v3_반도체용_SOD_공정_재료_제조,63,2,형식적 언급,아니오,"안전 7건 [안전(3), 유해(2), 폭발(1), 화재(1)], 조치 1건 [방지(1)]",resolved,text,548,535,63
반도체재료,LM1903060423_23v3_반도체용_SOD_공정_재료_제조,64,2,형식적 언급,아니오,"안전 10건 [안전(8), 사고(1), 누출(1)], 조치 3건 [착용(1), 환기(1), 대처(1)]",resolved,text,544,568,64;65
반도체재료,LM1903060423_23v3_반도체용_SOD_공정_재료_제조,65,1,미흡·없음,아니오,"안전 2건 [안전(2)], 조치 1건 [방지(1)]",resolved,text,637,637,65
반도체재료,LM1903060423_23v3_반도체용_SOD_공정_재료_제조,68,1,미흡·없음,아니오,"안전 5건 [안전(3), 유해(1), 폭발(1)], 조치 1건 [방지(1)]",resolved,text,764,768,68;69
반도체재료,LM1903060423_23v3_반도체용_SOD_공정_재료_제조,69,1,미흡·없음,아니오,"안전 3건 [안전(2), 유해(1)], 조치 1건 [예방(1)]",resolved,text,713,722,69
반도체재료,LM1903060423_23v3_반도체용_SOD_공정_재료_제조,70,1,미흡·없음,아니오,"안전 2건 [안전(1), 위험(1)], 조치 1건 [방지(1)]",resolved,text,596,598,71
반도체재료,LM1903060423_23v3_반도체용_SOD_공정_재료_제조,73,1,미흡·없음,아니오,"안전 1건 [위험(1)], 조치 3건 [방지(2), 차단(1)]",resolved,text,731,731,73
반도체재료,LM1903060423_23v3_반도체용_SOD_공정_재료_제조,74,1,미흡·없음,아니오,"안전 1건 [안전(1)], 조치 1건 [방지(1)]",resolved,text,684,673,75
반도체재료,LM1903060423_23v3_반도체용_SOD_공정_재료_제조,78,1,미흡·없음,아니오,"안전 1건 [폭발(1)], 조치 1건 [착용(1)]",resolved,text,488,476,79
반도체재료,LM1903060423_23v3_반도체용_SOD_공정_재료_제조,79,1,미흡·없음,아니오,"안전 2건 [주의(1), 폭발(1)], 조치 1건 [착용(1)]",resolved,text,666,645,80
반도체재료,LM1903060423_23v3_반도체용_SOD_공정_재료_제조,80,1,미흡·없음,아니오,"안전 1건 [폭발(1)], 구체적 조치 언급 없음",resolved,text,425,438,80
반도체재료,LM1903060423_23v3_반도체용_SOD_공정_재료_제조,82,1,미흡·없음,아니오,"안전 2건 [유해(1), 먼지(1)], 구체적 조치 언급 없음",resolved,text,769,759,82
반도체재료,LM1903060423_23v3_반도체용_SOD_공정_재료_제조,84,1,미흡·없음,아니오,"안전 1건 [진동(1)], 구체적 조치 언급 없음",resolved,text,674,671,84
반도체재료,LM1903060423_23v3_반도체용_SOD_공정_재료_제조,86,1,미흡·없음,아니오,"안전 1건 [안전(1)], 구체적 조치 언급 없음",resolved,text,695,626,87
반도체재료,LM1903060423_23v3_반도체용_SOD_공정_재료_제조,87,1,미흡·없음,아니오,"안전 0건 [], 구체적 조치 언급 없음",resolved,text-fallback,466,522,87
반도체재료,LM1903060423_23v3_반도체용_SOD_공정_재료_제조,89,1,미흡·없음,아니오,"안전 2건 [위험(1), 화재(1)], 구체적 조치 언급 없음",resolved,text,639,626,90
반도체재료,LM1903060423_23v3_반도체용_SOD_공정_재료_제조,90,1,미흡·없음,아니오,"안전 5건 [MSDS(2), 주의(1), 폭발(1), 인화(1)], 구체적 조치 언급 없음",resolved,text,849,841,90;91
반도체재료,LM1903060423_23v3_반도체용_SOD_공정_재료_제조,92,1,미흡·없음,아니오,"안전 2건 [MSDS(1), 먼지(1)], 구체적 조치 언급 없음",resolved,text,460,462,93
반도체재료,LM1903060423_23v3_반도체용_SOD_공정_재료_제조,95,1,미흡·없음,아니오,"안전 2건 [주의(1), 폭발(1)], 구체적 조치 언급 없음",resolved,text,731,732,96
반도체재료,LM1903060423_23v3_반도체용_SOD_공정_재료_제조,96,1,미흡·없음,아니오,"안전 1건 [안전(1)], 구체적 조치 언급 없음",resolved,text,353,345,96
반도체재료,LM1903060423_23v3_반도체용_SOD_공정_재료_제조,97,2,형식적 언급,아니오,"안전 10건 [안전(5), 유의 사항(4), 보호구(1)], 구체적 조치 언급 없음",resolved,text,438,462,97;98
반도체재료,LM1903060423_23v3_반도체용_SOD_공정_재료_제조,105,2,형식적 언급,아니오,"안전 8건 [안전(6), 사고(1), 누출(1)], 조치 3건 [방지(1), 착용(1), 대처(1)]",resolved,text,673,675,105
반도체재료,LM1903060423_23v3_반도체용_SOD_공정_재료_제조,106,1,미흡·없음,아니오,"안전 1건 [안전(1)], 구체적 조치 언급 없음",resolved,text,659,661,106
반도체재료,LM1903060423_23v3_반도체용_SOD_공정_재료_제조,109,1,미흡·없음,아니오,"안전 5건 [안전(3), 유해(1), 폭발(1)], 조치 1건 [방지(1)]",resolved,text,815,810,109;110
반도체재료,LM1903060423_23v3_반도체용_SOD_공정_재료_제조,110,1,미흡·없음,아니오,"안전 3건 [안전(2), 유해(1)], 조치 1건 [예방(1)]",resolved,text,747,756,110
반도체재료,LM1903060423_23v3_반도체용_SOD_공정_재료_제조,111,1,미흡·없음,아니오,"안전 2건 [안전(1), 위험(1)], 조치 1건 [방지(1)]",resolved,text,568,568,111;112
반도체재료,LM1903060423_23v3_반도체용_SOD_공정_재료_제조,114,1,미흡·없음,아니오,"안전 1건 [위험(1)], 구체적 조치 언급 없음",resolved,text,726,721,115
반도체재료,LM1903060423_23v3_반도체용_SOD_공정_재료_제조,117,2,형식적 언급,아니오,"안전 7건 [안전(4), 유해(2), 위험(1)], 조치 1건 [예방(1)]",resolved,text,691,694,117
반도체재료,LM1903060423_23v3_반도체용_SOD_공정_재료_제조,122,2,형식적 언급,아니오,"안전 7건 [안전(3), 보건(2), 물질안전보건자료(1), 산업안전보건법(1)], 구체적 조치 언급 없음",resolved,text,1079,1080,122
반도체재료,LM1903060423_23v3_반도체용_SOD_공정_재료_제조,124,1,미흡·없음,아니오,"안전 1건 [안전(1)], 구체적 조치 언급 없음",resolved,text,381,369,124
반도체재료,LM1903060424_23v3_반도체용_박막_도금_공정_재료_제조,21,1,미흡·없음,아니오,키워드 1건 (5건 이하): 안전(1),unresolved,label,,,21
반도체재료,LM1903060424_23v3_반도체용_박막_도금_공정_재료_제조,22,1,미흡·없음,아니오,키워드 1건 (5건 이하): 안전(1),unresolved,label,,,22
반도체재료,LM1903060424_23v3_반도체용_박막_도금_공정_재료_제조,27,1,미흡·없음,아니오,키워드 1건 (5건 이하): MSDS(1),unresolved,label,,,27
반도체재료,LM1903060424_23v3_반도체용_박막_도금_공정_재료_제조,28,3,구체적 대책,아니오,"안전 27건 [안전(9), 위험(5), 유해(3), MSDS(3), 폭발(2)] + 조치 8건 [환기(2), 착용(2), 방지(1), 보호복(1), 마스크(1)]",unresolved,label,,,28
반도체재료,LM1903060424_23v3_반도체용_박막_도금_공정_재료_제조,30,2,형식적 언급,아니오,"안전 9건 [안전(7), 사고(1), 누출(1)], 조치 2건 [대처(1), 착용(1)] (구체적 대책 미흡)",unresolved,label,,,30
반도체재료,LM1903060424_23v3_반도체용_박막_도금_공정_재료_제조,33,2,형식적 언급,아니오,"안전 10건 [안전(8), 사고(1), 누출(1)], 조치 3건 [방지(1), 대처(1), 착용(1)] (구체적 대책 미흡)",unresolved,label,,,33
반도체재료,LM1903060424_23v3_반도체용_박막_도금_공정_재료_제조,34,1,미흡·없음,아니오,키워드 2건 (5건 이하): 안전(2),unresolved,label,,,34
반도체재료,LM1903060424_23v3_반도체용_박막_도금_공정_재료_제조,35,2,형식적 언급,아니오,"안전 6건 [안전(6)], 조치 2건 [대처(1), 착용(1)] (구체적 대책 미흡)",unresolved,label,,,35
반도체재료,LM1903060424_23v3_반도체용_박막_도금_공정_재료_제조,36,1,미흡·없음,아니오,키워드 2건 (5건 이하): 안전(2),unresolved,label,,,36
반도체재료,LM1903060424_23v3_반도체용_박막_도금_공정_재료_제조,37,1,미흡·없음,아니오,키워드 2건 (5건 이하): 안전(2),unresolved,label,,,37
반도체재료,LM1903060424_23v3_반도체용_박막_도금_공정_재료_제조,39,1,미흡·없음,아니오,"키워드 4건 (5건 이하): 위험(3), 안전(1)",unresolved,label,,,39
반도체재료,LM1903060424_23v3_반도체용_박막_도금_공정_재료_제조,43,1,미흡·없음,아니오,키워드 1건 (5건 이하): 안전(1),unresolved,label,,,43
반도체재료,LM1903060424_23v3_반도체용_박막_도금_공정_재료_제조,44,1,미흡·없음,아니오,키워드 1건 (5건 이하): 안전(1),unresolved,label,,,44
반도체재료,LM1903060424_23v3_반도체용_박막_도금_공정_재료_제조,47,1,미흡·없음,아니오,"키워드 2건 (5건 이하): 위험(1), 폭발(1)",unresolved,label,,,47
반도체재료,LM1903060424_23v3_반도체용_박막_도금_공정_재료_제조,48,1,미흡·없음,아니오,키워드 1건 (5건 이하): 인화(1),unresolved,label,,,48
반도체재료,LM1903060424_23v3_반도체용_박막_도금_공정_재료_제조,50,1,미흡·없음,아니오,"키워드 3건 (5건 이하): 진동(2), 주의(1)",unresolved,label,,,50
반도체재료,LM1903060424_23v3_반도체용_박막_도금_공정_재료_제조,54,3,구체적 대책,아니오,"안전 31건 [유해(18), 안전(9), 화학물질(2), 폭발(1), 누출(1)] + 조치 5건 [환기(2), 방지(1), 대처(1), 보안경(1)]",unresolved,label,,,54
반도체재료,LM1903060424_23v3_반도체용_박막_도금_공정_재료_제조,55,3,구체적 대책,아니오,"안전 30건 [유해(13), 사고(9), 안전(7), 위험(1)] + 조치 6건 [예방(3), 대처(2), 방지(1)]",unresolved,label,,,55
반도체재료,LM1903060424_23v3_반도체용_박막_도금_공정_재료_제조,56,2,형식적 언급,아니오,"안전 10건 [유해(5), 화학물질(3), 사고(1), 안전(1)], 조치 1건 [예방(1)] (구체적 대책 미흡)",unresolved,label,,,56
반도체재료,LM1903060424_23v3_반도체용_박막_도금_공정_재료_제조,57,2,형식적 언급,아니오,"안전 12건 [유해(5), 안전(4), 사고(1), 화학물질(1), MSDS(1)], 조치 2건 [예방(1), 방지(1)] (구체적 대책 미흡)",unresolved,label,,,57
반도체재료,LM1903060424_23v3_반도체용_박막_도금_공정_재료_제조,58,3,구체적 대책,아니오,"안전 18건 [안전(6), 위험(4), MSDS(3), 유해(2), 주의(2)] + 조치 8건 [방지(2), 환기(2), 착용(2), 보호복(1), 마스크(1)]",unresolved,label,,,58
반도체재료,LM1903060424_23v3_반도체용_박막_도금_공정_재료_제조,59,3,구체적 대책,아니오,"안전 14건 [안전(5), 누출(4), 위험(2), 화재(1), 폭발(1)] + 조치 5건 [대피(2), 방지(1), 대처(1), 소화기(1)]",unresolved,label,,,59
반도체재료,LM1903060424_23v3_반도체용_박막_도금_공정_재료_제조,60,1,미흡·없음,아니오,키워드 3건 (5건 이하): 안전(3),unresolved,label,,,60
반도체재료,LM1903060424_23v3_반도체용_박막_도금_공정_재료_제조,61,2,형식적 언급,아니오,"안전 9건 [안전(7), 위험(1), 누출(1)], 조치 1건 [방지(1)] (구체적 대책 미흡)",unresolved,label,,,61
반도체재료,LM1903060424_23v3_반도체용_박막_도금_공정_재료_제조,63,1,미흡·없음,아니오,"키워드 4건 (5건 이하): 안전(3), 유해(1)",unresolved,label,,,63
반도체재료,LM1903060424_23v3_반도체용_박막_도금_공정_재료_제조,65,1,미흡·없음,아니오,키워드 4건 (5건 이하): 안전(4),unresolved,label,,,65
반도체재료,LM1903060424_23v3_반도체용_박막_도금_공정_재료_제조,66,2,형식적 언급,아니오,"안전 9건 [안전(7), 사고(1), 누출(1)], 조치 3건 [방지(1), 대처(1), 착용(1)] (구체적 대책 미흡)",unresolved,label,,,66
반도체재료,LM1903060424_23v3_반도체용_박막_도금_공정_재료_제조,72,1,미흡·없음,아니오,키워드 3건 (5건 이하): 안전(3),unresolved,label,,,72
반도체재료,LM1903060424_23v3_반도체용_박막_도금_공정_재료_제조,73,1,미흡·없음,아니오,키워드 3건 (5건 이하): 안전(3),unresolved,label,,,73
반도체재료,LM1903060424_23v3_반도체용_박막_도금_공정_재료_제조,77,1,미흡·없음,아니오,키워드 1건 (5건 이하): 안전(1),unresolved,label,,,77
반도체재료,LM1903060424_23v3_반도체용_박막_도금_공정_재료_제조,79,2,형식적 언급,아니오,"안전 6건 [안전(4), 사고(1), 위험(1)], 조치 2건 [예방(2)] (구체적 대책 미흡)",unresolved,label,,,79
반도체재료,LM1903060424_23v3_반도체용_박막_도금_공정_재료_제조,80,1,미흡·없음,아니오,키워드 1건 (5건 이하): 안전(1),unresolved,label,,,80
반도체재료,LM1903060424_23v3_반도체용_박막_도금_공정_재료_제조,85,1,미흡·없음,아니오,키워드 2건 (5건 이하): 안전(2),unresolved,label,,,85
반도체재료,LM1903060424_23v3_반도체용_박막_도금_공정_재료_제조,88,1,미흡·없음,아니오,키워드 1건 (5건 이하): 안전(1),unresolved,label,,,88
반도체재료,LM1903060424_23v3_반도체용_박막_도금_공정_재료_제조,89,3,구체적 대책,아니오,"안전 20건 [화재(6), 안전(4), 위험(3), 유해(2), 폭발(2)] + 조치 6건 [방지(2), 소화기(2), 안전장치(1), 착용(1)]",unresolved,label,,,89
반도체재료,LM1903060424_23v3_반도체용_박막_도금_공정_재료_제조,91,2,형식적 언급,아니오,"안전 8건 [안전(6), 사고(1), 누출(1)], 조치 3건 [방지(1), 대처(1), 착용(1)] (구체적 대책 미흡)",unresolved,label,,,91
반도체재료,LM1903060424_23v3_반도체용_박막_도금_공정_재료_제조,92,1,미흡·없음,아니오,키워드 1건 (5건 이하): 안전(1),unresolved,label,,,92
반도체재료,LM1903060424_23v3_반도체용_박막_도금_공정_재료_제조,94,1,미흡·없음,아니오,키워드 1건 (5건 이하): 안전(1),unresolved,label,,,94
반도체재료,LM1903060424_23v3_반도체용_박막_도금_공정_재료_제조,95,1,미흡·없음,아니오,키워드 5건 (5건 이하): 안전(5),unresolved,label,,,95
반도체재료,LM1903060424_23v3_반도체용_박막_도금_공정_재료_제조,96,1,미흡·없음,아니오,키워드 1건 (5건 이하): 안전(1),unresolved,label,,,96
반도체재료,LM1903060424_23v3_반도체용_박막_도금_공정_재료_제조,97,1,미흡·없음,아니오,키워드 2건 (5건 이하): 안전(2),unresolved,label,,,97
반도체재료,LM1903060424_23v3_반도체용_박막_도금_공정_재료_제조,99,1,미흡·없음,아니오,키워드 2건 (5건 이하): 안전(2),unresolved,label,,,99
반도체재료,LM1903060424_23v3_반도체용_박막_도금_공정_재료_제조,100,1,미흡·없음,아니오,키워드 1건 (5건 이하): 먼지(1),unresolved,label,,,100
반도체재료,LM1903060424_23v3_반도체용_박막_도금_공정_재료_제조,104,2,형식적 언급,아니오,"안전 9건 [안전(7), 사고(1), 위험(1)], 조치 3건 [예방(1), 방지(1), 환기(1)] (구체적 대책 미흡)",unresolved,label,,,104
반도체재료,LM1903060424_23v3_반도체용_박막_도금_공정_재료_제조,109,2,형식적 언급,아니오,"안전 7건 [누출(3), 사고(2), 안전(2)], 조치 3건 [방지(2), 차단(1)] (구체적 대책 미흡)",unresolved,label,,,109
반도체재료,LM1903060424_23v3_반도체용_박막_도금_공정_재료_제조,110,2,형식적 언급,아니오,"안전 20건 [안전(9), 유해(2), 폭발(2), MSDS(2), 사고(1)], 조치 1건 [예방(1)] (구체적 대책 미흡)",unresolved,label,,,110
반도체재료,LM1903060424_23v3_반도체용_박막_도금_공정_재료_제조,114,1,미흡·없음,아니오,키워드 2건 (5건 이하): 안전(2),unresolved,label,,,114
반도체재료,LM1903060424_23v3_반도체용_박막_도금_공정_재료_제조,116,1,미흡·없음,아니오,"키워드 5건 (5건 이하): 안전(2), 유해(2), MSDS(1)",unresolved,label,,,116
반도체재료,LM1903060424_23v3_반도체용_박막_도금_공정_재료_제조,118,1,미흡·없음,아니오,키워드 1건 (5건 이하): 안전(1),unresolved,label,,,118
반도체재료,LM1903060425_23v3_반도체용_세정_공정_재료_제조,15,1,미흡·없음,아니오,"안전 1건 [먼지(1)], 조치 1건 [예방(1)]",resolved,text,722,723,15
반도체재료,LM1903060425_23v3_반도체용_세정_공정_재료_제조,19,1,미흡·없음,아니오,"안전 2건 [안전(1), MSDS(1)], 구체적 조치 언급 없음",resolved,text,654,655,20
반도체재료,LM1903060425_23v3_반도체용_세정_공정_재료_제조,21,1,미흡·없음,아니오,"안전 1건 [먼지(1)], 구체적 조치 언급 없음",resolved,text,523,507,22
반도체재료,LM1903060425_23v3_반도체용_세정_공정_재료_제조,24,1,미흡·없음,아니오,"안전 4건 [안전(3), 유해(1)], 구체적 조치 언급 없음",resolved,text,638,588,25
반도체재료,LM1903060425_23v3_반도체용_세정_공정_재료_제조,25,2,형식적 언급,아니오,"안전 12건 [주의(4), MSDS(4), 안전(2), 위험(1), 폭발(1)], 조치 1건 [안전장치(1)]",resolved,text,585,587,25;26
반도체재료,LM1903060425_23v3_반도체용_세정_공정_재료_제조,26,2,형식적 언급,아니오,"안전 7건 [MSDS(4), 주의(2), 위험(1)], 구체적 조치 언급 없음",resolved,text,477,509,26;27
반도체재료,LM1903060425_23v3_반도체용_세정_공정_재료_제조,27,2,형식적 언급,아니오,"안전 9건 [인화(3), 유해(2), 위험(1), 주의(1), MSDS(1)], 구체적 조치 언급 없음",resolved,text,656,641,27;28
반도체재료,LM1903060425_23v3_반도체용_세정_공정_재료_제조,28,1,미흡·없음,아니오,"안전 3건 [안전(1), MSDS(1), 인화(1)], 구체적 조치 언급 없음",resolved,text,757,759,28;29
반도체재료,LM1903060425_23v3_반도체용_세정_공정_재료_제조,30,1,미흡·없음,아니오,"안전 3건 [안전(1), 주의(1), 유의 사항(1)], 구체적 조치 언급 없음",resolved,text,475,495,30
반도체재료,LM1903060425_23v3_반도체용_세정_공정_재료_제조,34,1,미흡·없음,아니오,"안전 1건 [MSDS(1)], 구체적 조치 언급 없음",resolved,text,540,542,34
반도체재료,LM1903060425_23v3_반도체용_세정_공정_재료_제조,35,1,미흡·없음,아니오,"안전 1건 [먼지(1)], 구체적 조치 언급 없음",resolved,text,620,620,35
반도체재료,LM1903060425_23v3_반도체용_세정_공정_재료_제조,38,1,미흡·없음,아니오,"안전 1건 [먼지(1)], 구체적 조치 언급 없음",resolved,text,832,834,39
반도체재료,LM1903060425_23v3_반도체용_세정_공정_재료_제조,39,1,미흡·없음,아니오,"안전 0건 [], 구체적 조치 언급 없음",resolved,text,711,661,43
반도체재료,LM1903060425_23v3_반도체용_세정_공정_재료_제조,42,2,형식적 언급,아니오,"안전 13건 [안전(7), 위험(2), MSDS(2), 유해(1), 보건(1)], 조치 1건 [예방(1)]",resolved,text,793,795,42;43;47
반도체재료,LM1903060425_23v3_반도체용_세정_공정_재료_제조,43,2,형식적 언급,아니오,"안전 10건 [MSDS(5), 위험(3), 안전(1), 보건(1)], 구체적 조치 언급 없음",resolved,text,399,398,43;44
반도체재료,LM1903060425_23v3_반도체용_세정_공정_재료_제조,44,2,형식적 언급,아니오,"안전 31건 [MSDS(9), 안전(8), 위험(6), 보건(3), 주의(2)], 조치 3건 [응급조치(2), 대처(1)]",resolved,text,740,735,44;45
반도체재료,LM1903060425_23v3_반도체용_세정_공정_재료_제조,45,2,형식적 언급,아니오,"안전 18건 [MSDS(5), 위험(2), 유해(2), 안전(1), 주의(1)], 조치 4건 [대처(2), 방지(1), 예방(1)]",resolved,text,406,415,45;46
반도체재료,LM1903060425_23v3_반도체용_세정_공정_재료_제조,46,2,형식적 언급,아니오,"안전 39건 [MSDS(12), 안전(9), 보건(8), 화학물질(6), 위험(1)], 구체적 조치 언급 없음",resolved,text,1007,373,46;47
반도체재료,LM1903060425_23v3_반도체용_세정_공정_재료_제조,47,1,미흡·없음,아니오,"안전 5건 [안전(1), 위험(1), MSDS(1), 보건(1), 화재(1)], 구체적 조치 언급 없음",resolved,text,495,491,47
반도체재료,LM1903060425_23v3_반도체용_세정_공정_재료_제조,49,1,미흡·없음,아니오,"안전 4건 [안전(2), MSDS(2)], 구체적 조치 언급 없음",resolved,text,460,466,49;50
반도체재료,LM1903060425_23v3_반도체용_세정_공정_재료_제조,50,1,미흡·없음,아니오,"안전 2건 [위험(1), MSDS(1)], 구체적 조치 언급 없음",resolved,text,370,341,51
반도체재료,LM1903060425_23v3_반도체용_세정_공정_재료_제조,51,1,미흡·없음,아니오,"안전 4건 [위험(2), MSDS(2)], 구체적 조치 언급 없음",resolved,text,275,269,51;52
반도체재료,LM1903060425_23v3_반도체용_세정_공정_재료_제조,53,1,미흡·없음,아니오,"안전 1건 [MSDS(1)], 조치 1건 [예방(1)]",resolved,text,732,734,54
반도체재료,LM1903060425_23v3_반도체용_세정_공정_재료_제조,54,2,형식적 언급,아니오,"안전 10건 [안전(3), 보건(3), MSDS(2), 사고(1), 화학물질(1)], 구체적 조치 언급 없음",resolved,text,740,718,54
반도체재료,LM1903060425_23v3_반도체용_세정_공정_재료_제조,61,2,형식적 언급,아니오,"안전 18건 [안전(11), 유의 사항(2), MSDS(2), 폭발(2), 보호구(1)], 조치 4건 [착용(3), 안전대책(1)]",resolved,text,385,415,61;62
반도체재료,LM1903060425_23v3_반도체용_세정_공정_재료_제조,65,1,미흡·없음,아니오,"안전 3건 [주의(1), MSDS(1), 먼지(1)], 구체적 조치 언급 없음",resolved,text,677,676,66
반도체재료,LM1903060425_23v3_반도체용_세정_공정_재료_제조,66,1,미흡·없음,아니오,"안전 2건 [안전(1), MSDS(1)], 구체적 조치 언급 없음",resolved,text,639,641,66
반도체재료,LM1903060425_23v3_반도체용_세정_공정_재료_제조,67,2,형식적 언급,아니오,"안전 7건 [안전(2), 주의(2), 유의 사항(2), MSDS(1)], 구체적 조치 언급 없음",resolved,text,408,430,67
반도체재료,LM1903060425_23v3_반도체용_세정_공정_재료_제조,71,1,미흡·없음,아니오,"안전 1건 [안전(1)], 구체적 조치 언급 없음",resolved,text,290,284,72
반도체재료,LM1903060425_23v3_반도체용_세정_공정_재료_제조,73,1,미흡·없음,아니오,"안전 4건 [안전(3), 주의(1)], 조치 1건 [착용(1)]",resolved,text,720,680,73
반도체재료,LM1903060425_23v3_반도체용_세정_공정_재료_제조,75,1,미흡·없음,아니오,"안전 2건 [진동(2)], 조치 1건 [환기(1)]",resolved,text,788,759,75
반도체재료,LM1903060425_23v3_반도체용_세정_공정_재료_제조,77,1,미흡·없음,아니오,"안전 2건 [위험(1), 화재(1)], 구체적 조치 언급 없음",resolved,text,510,470,77
반도체재료,LM1903060425_23v3_반도체용_세정_공정_재료_제조,78,1,미흡·없음,아니오,"안전 4건 [유해(2), 안전(1), 인화(1)], 구체적 조치 언급 없음",resolved,text,512,508,78;79
반도체재료,LM1903060425_23v3_반도체용_세정_공정_재료_제조,79,1,미흡·없음,아니오,"안전 4건 [폭발(4)], 구체적 조치 언급 없음",resolved,text,414,399,79;80
반도체재료,LM1903060425_23v3_반도체용_세정_공정_재료_제조,80,1,미흡·없음,아니오,"안전 1건 [MSDS(1)], 조치 1건 [차단(1)]",resolved,text,702,704,80
반도체재료,LM1903060425_23v3_반도체용_세정_공정_재료_제조,84,2,형식적 언급,아니오,"안전 10건 [안전(5), 유의 사항(4), 보호구(1)], 구체적 조치 언급 없음",resolved,text,463,488,85
반도체재료,LM1903060425_23v3_반도체용_세정_공정_재료_제조,87,1,미흡·없음,아니오,"안전 1건 [폭발(1)], 구체적 조치 언급 없음",resolved,text,704,688,88
반도체재료,LM1903060425_23v3_반도체용_세정_공정_재료_제조,88,1,미흡·없음,아니오,"안전 1건 [안전(1)], 구체적 조치 언급 없음",resolved,text,304,301,88
반도체재료,LM1903060425_23v3_반도체용_세정_공정_재료_제조,89,2,형식적 언급,아니오,"안전 14건 [안전(4), 폭발(4), 위험(2), 주의(1), 유의 사항(1)], 조치 1건 [착용(1)]",resolved,text,437,459,89;90
반도체재료,LM1903060425_23v3_반도체용_세정_공정_재료_제조,90,1,미흡·없음,아니오,"안전 5건 [폭발(4), 인화(1)], 구체적 조치 언급 없음",resolved,text,445,420,90;91
반도체재료,LM1903060425_23v3_반도체용_세정_공정_재료_제조,91,1,미흡·없음,아니오,"안전 5건 [폭발(4), 위험(1)], 구체적 조치 언급 없음",resolved,text,388,361,91
반도체재료,LM1903060425_23v3_반도체용_세정_공정_재료_제조,92,1,미흡·없음,아니오,"안전 2건 [안전(1), 위험(1)], 조치 3건 [예방(3)]",resolved,text,440,441,92;93
반도체재료,LM1903060425_23v3_반도체용_세정_공정_재료_제조,93,1,미흡·없음,아니오,"안전 1건 [위험(1)], 조치 2건 [예방(2)]",resolved,text,218,202,94
반도체재료,LM1903060425_23v3_반도체용_세정_공정_재료_제조,94,2,형식적 언급,아니오,"안전 8건 [안전(4), 유의 사항(3), MSDS(1)], 조치 1건 [착용(1)]",resolved,text,400,416,94
반도체재료,LM1903060425_23v3_반도체용_세정_공정_재료_제조,99,1,미흡·없음,아니오,"안전 2건 [유의 사항(1), 진동(1)], 구체적 조치 언급 없음",resolved,text,623,589,100
반도체재료,LM1903060425_23v3_반도체용_세정_공정_재료_제조,102,1,미흡·없음,아니오,"안전 2건 [안전(1), 사고(1)], 구체적 조치 언급 없음",resolved,text,457,463,103
반도체재료,LM1903060425_23v3_반도체용_세정_공정_재료_제조,103,1,미흡·없음,아니오,"안전 1건 [안전(1)], 조치 1건 [대처(1)]",resolved,text,355,327,104
반도체재료,LM1903060425_23v3_반도체용_세정_공정_재료_제조,106,1,미흡·없음,아니오,"안전 3건 [MSDS(2), 안전(1)], 구체적 조치 언급 없음",resolved,text,1071,1071,106;107
반도체재료,LM1903060425_23v3_반도체용_세정_공정_재료_제조,108,3,구체적 대책,아니오,"안전 22건 [유해(5), 위험(4), 보호구(3), 안전(2), MSDS(2)], 조치 6건 [대처(2), 방지(1), 예방(1), 착용(1), 응급조치(1)]",resolved,text,367,358,108;109
반도체재료,LM1903060425_23v3_반도체용_세정_공정_재료_제조,109,2,형식적 언급,아니오,"안전 13건 [유해(3), 인화(3), 안전(2), 주의(2), 위험(1)], 구체적 조치 언급 없음",resolved,text,453,463,109;110
반도체재료,LM1903060425_23v3_반도체용_세정_공정_재료_제조,110,2,형식적 언급,아니오,"안전 12건 [안전(4), 보건(3), 위험(2), 유해(1), 화학물질(1)], 조치 1건 [안전관리(1)]",resolved,text,168,161,108;110;111
반도체재료,LM1903060425_23v3_반도체용_세정_공정_재료_제조,111,1,미흡·없음,아니오,"안전 4건 [안전(2), 폭발(1), 분진(1)], 구체적 조치 언급 없음",resolved,text,350,361,111;112
반도체재료,LM1903060425_23v3_반도체용_세정_공정_재료_제조,112,1,미흡·없음,아니오,"안전 2건 [유해(1), MSDS(1)], 구체적 조치 언급 없음",resolved,text,267,208,113
반도체재료,LM1903060425_23v3_반도체용_세정_공정_재료_제조,113,1,미흡·없음,아니오,"안전 1건 [안전(1)], 구체적 조치 언급 없음",resolved,text,380,368,113
반도체재료,LM1903060426_23v3_반도체용_CMP_슬러리_재료_제조,21,3,구체적 대책,아니오,"안전 9건 [안전(5), 주의(1), 유의 사항(1), 사고(1), MSDS(1)], 조치 5건 [마스크(2), 예방(1), 안전화(1), 안전모(1)]",resolved,text,398,417,65
반도체재료,LM1903060426_23v3_반도체용_CMP_슬러리_재료_제조,22,1,미흡·없음,아니오,"안전 4건 [안전(3), 주의(1)], 조치 4건 [방지(1), 착용(1), 환기(1), 안전장치(1)]",resolved,text,576,569,65
반도체재료,LM1903060426_23v3_반도체용_CMP_슬러리_재료_제조,33,3,구체적 대책,아니오,"안전 6건 [안전(4), 유의 사항(1), MSDS(1)], 조치 5건 [마스크(2), 착용(1), 안전화(1), 안전모(1)]",resolved,text,399,422,65
반도체재료,LM1903060426_23v3_반도체용_CMP_슬러리_재료_제조,34,1,미흡·없음,아니오,"안전 3건 [안전(2), 감전(1)], 조치 3건 [방지(1), 환기(1), 안전장치(1)]",resolved,text,618,633,65
반도체재료,LM1903060426_23v3_반도체용_CMP_슬러리_재료_제조,47,2,형식적 언급,아니오,"안전 6건 [안전(4), 유의 사항(1), MSDS(1)], 조치 4건 [마스크(2), 안전화(1), 안전모(1)]",resolved,text,293,355,65
반도체재료,LM1903060426_23v3_반도체용_CMP_슬러리_재료_제조,48,1,미흡·없음,아니오,"안전 3건 [안전(2), 감전(1)], 조치 4건 [방지(1), 착용(1), 환기(1), 안전장치(1)]",resolved,text,687,697,65
반도체재료,LM1903060426_23v3_반도체용_CMP_슬러리_재료_제조,59,1,미흡·없음,아니오,"안전 1건 [안전(1)], 구체적 조치 언급 없음",resolved,text,468,463,65
반도체재료,LM1903060426_23v3_반도체용_CMP_슬러리_재료_제조,61,3,구체적 대책,아니오,"안전 6건 [폭발(2), 분진(2), 안전(1), 화학물질(1)], 조치 10건 [방지(10)]",resolved,text,787,763,65
반도체재료,LM1903060426_23v3_반도체용_CMP_슬러리_재료_제조,63,3,구체적 대책,아니오,"안전 27건 [유해(7), 위험(6), 인화(3), 안전(2), 보건(2)], 조치 12건 [환기(4), 방지(3), 예방(3), 착용(1), 보안경(1)]",resolved,text,1972,422,65;66
반도체재료,LM1903060426_23v3_반도체용_CMP_슬러리_재료_제조,66,1,미흡·없음,아니오,"안전 1건 [안전(1)], 구체적 조치 언급 없음",resolved,text,381,370,66
